PaperID,TrialID,System,Category,Analyte,Value,SD,Unit,Significance,Location,Notes
alcarrazQualityLettuceLactuca2018,alcarrazQualityLettuceLactuca2018-T1,AP,biochemistry,Total phenols,156.6,29.4,mg GAE/100 g fw,ns,Table 1,
alcarrazQualityLettuceLactuca2018,alcarrazQualityLettuceLactuca2018-T1,HYD,biochemistry,Total phenols,150.3,70.3,mg GAE/100 g fw,ns,Table 1,
alcarrazQualityLettuceLactuca2018,alcarrazQualityLettuceLactuca2018-T1,AP,biochemistry,Antioxidant capacity (DPPH),181.5,43.9,mg TE/100 g fw,ns,Table 1,
alcarrazQualityLettuceLactuca2018,alcarrazQualityLettuceLactuca2018-T1,HYD,biochemistry,Antioxidant capacity (DPPH),132.7,21.3,mg TE/100 g fw,ns,Table 1,
alcarrazQualityLettuceLactuca2018,alcarrazQualityLettuceLactuca2018-T1,AP,biochemistry,Antioxidant capacity (FRAP),255.5,16.5,mg TE/100 g fw,ns,Table 1,
alcarrazQualityLettuceLactuca2018,alcarrazQualityLettuceLactuca2018-T1,HYD,biochemistry,Antioxidant capacity (FRAP),309.8,42.1,mg TE/100 g fw,ns,Table 1,
alcarrazQualityLettuceLactuca2018,alcarrazQualityLettuceLactuca2018-T1,AP,microbiology,Mesophilic aerobic bacteria,NR,NR,log CFU/g,ns,Figure 3,Bar chart only; no numeric value in text or table
alcarrazQualityLettuceLactuca2018,alcarrazQualityLettuceLactuca2018-T1,HYD,microbiology,Mesophilic aerobic bacteria,NR,NR,log CFU/g,ns,Figure 3,Bar chart only; no numeric value in text or table
alcarrazQualityLettuceLactuca2018,alcarrazQualityLettuceLactuca2018-T1,AP,microbiology,Enterobacteriaceae,NR,NR,log CFU/g,ns,Figure 3,Bar chart only; no numeric value in text or table
alcarrazQualityLettuceLactuca2018,alcarrazQualityLettuceLactuca2018-T1,HYD,microbiology,Enterobacteriaceae,NR,NR,log CFU/g,ns,Figure 3,Bar chart only; no numeric value in text or table
alcarrazQualityLettuceLactuca2018,alcarrazQualityLettuceLactuca2018-T1,AP,microbiology,Psychrophilic bacteria,NR,NR,log CFU/g,ns,Figure 3,Bar chart only; no numeric value in text or table
alcarrazQualityLettuceLactuca2018,alcarrazQualityLettuceLactuca2018-T1,HYD,microbiology,Psychrophilic bacteria,NR,NR,log CFU/g,ns,Figure 3,Bar chart only; no numeric value in text or table
ahmedImpactBiofilmSupport2026,ahmedImpactBiofilmSupport2026-T1,AP,water-quality,Temperature,27.3,0.15,degC,ns (same letter c vs c... see note),Table 1 p.6,"Fish tank compartment, biochar system. Compared same-compartment letter vs clay fish tank: biochar=c clay=a -> significant, not ns; label corrected in Notes since column auto-text was wrong: SIGNIFICANT (letters a vs c)."
ahmedImpactBiofilmSupport2026,ahmedImpactBiofilmSupport2026-T1,AP,water-quality,Temperature,27,0.17,degC,significant (letters b vs c),Table 1 p.6,Biofilter compartment. Both systems maintained temps within optimal range for tilapia (24-27 degC) per Discussion p.10.
ahmedImpactBiofilmSupport2026,ahmedImpactBiofilmSupport2026-T1,AP,water-quality,Temperature,27,0.11,degC,ns (letters c vs c),Table 1 p.6,"Plant tank compartment. This value also recorded as ""Water temperature"" in trials.csv T1 row."
ahmedImpactBiofilmSupport2026,ahmedImpactBiofilmSupport2026-T2,AP,water-quality,Temperature,29,0.19,degC,significant (letters a vs c),Table 1 p.6,Fish tank compartment.
ahmedImpactBiofilmSupport2026,ahmedImpactBiofilmSupport2026-T2,AP,water-quality,Temperature,28,0.16,degC,significant (letters b vs c),Table 1 p.6,Biofilter compartment.
ahmedImpactBiofilmSupport2026,ahmedImpactBiofilmSupport2026-T2,AP,water-quality,Temperature,27.2,0.12,degC,ns (letters c vs c),Table 1 p.6,"Plant tank compartment. This value also recorded as ""Water temperature"" in trials.csv T2 row."
ahmedImpactBiofilmSupport2026,ahmedImpactBiofilmSupport2026-T1,AP,water-quality,pH,7.2,0.06,pH units,ns (letters a vs a),Table 1 p.6,Fish tank compartment.
ahmedImpactBiofilmSupport2026,ahmedImpactBiofilmSupport2026-T1,AP,water-quality,pH,6.9,0.02,pH units,significant (letters a vs b),Table 1 p.6,"Biofilter compartment. Discussion (p.11) notes this is slightly below the literature-cited ideal range for nitrifiers (7.2-8.2, secondary/cited ref.43)."
ahmedImpactBiofilmSupport2026,ahmedImpactBiofilmSupport2026-T1,AP,water-quality,pH,6.8,0.04,pH units,significant (letters a vs b),Table 1 p.6,"Plant tank compartment. This value also recorded as ""Aq pH"" in trials.csv T1 row."
ahmedImpactBiofilmSupport2026,ahmedImpactBiofilmSupport2026-T2,AP,water-quality,pH,7.4,0.04,pH units,ns (letters a vs a),Table 1 p.6,Fish tank compartment.
ahmedImpactBiofilmSupport2026,ahmedImpactBiofilmSupport2026-T2,AP,water-quality,pH,7.4,0.07,pH units,significant (letters a vs b),Table 1 p.6,Biofilter compartment.
ahmedImpactBiofilmSupport2026,ahmedImpactBiofilmSupport2026-T2,AP,water-quality,pH,7.4,0.03,pH units,significant (letters a vs b),Table 1 p.6,"Plant tank compartment. This value also recorded as ""Aq pH"" in trials.csv T2 row."
ahmedImpactBiofilmSupport2026,ahmedImpactBiofilmSupport2026-T1,AP,water-quality,EC,0.92,0.07,uS/cm as printed in Table 1 (schema unit dS/m; see Notes),significant (letters b vs c),Table 1 p.6,Fish tank compartment.
ahmedImpactBiofilmSupport2026,ahmedImpactBiofilmSupport2026-T1,AP,water-quality,EC,0.97,NR,uS/cm as printed vs dS/m in text,significant (letters a vs d),Table 1 p.6 vs Results text p.5,"RESOLVED BY USER (2026-08-05, via REVIEW.md): Table 1 biofilter value = 0.97+/-0.01. Extraction had guessed the printed unit ('us,cm-1') was a typo for mS,cm-1 (=dS/m) -- CONFIRMED WRONG by checking the source PDF directly: it is genuinely microS,cm-1 (proper micro sign). Results text (p.5) separately states biochar biofilter EC 'up to 1.27 dS.m-1'. User-directed resolution: 0.97 recorded as the trial mean (Table 1, as printed); 1.27 dS.m-1 kept as the paper's own stated peak value. Not unit-reconciled -- the two figures are ~6 orders of magnitude apart taken literally (0.97 microS/cm vs 1,270,000 microS/cm); this is the paper's own unresolved inconsistency, recorded as the user's editorial call rather than a value the paper itself resolves."
ahmedImpactBiofilmSupport2026,ahmedImpactBiofilmSupport2026-T1,AP,water-quality,EC,0.93,0.02,uS/cm as printed in Table 1 (schema unit dS/m; see Notes),significant (letters b vs c),Table 1 p.6,"Plant tank compartment. This value also recorded as ""EC"" in trials.csv T1 row (undisputed - not part of the biofilter BLOCK above)."
ahmedImpactBiofilmSupport2026,ahmedImpactBiofilmSupport2026-T2,AP,water-quality,EC,0.9,0.03,uS/cm as printed in Table 1 (schema unit dS/m; see Notes),significant (letters b vs c),Table 1 p.6,Fish tank compartment.
ahmedImpactBiofilmSupport2026,ahmedImpactBiofilmSupport2026-T2,AP,water-quality,EC,0.8,0.06,uS/cm as printed in Table 1 (schema unit dS/m; see Notes),significant (letters a vs d),Table 1 p.6,"Biofilter compartment (clay). Not itself part of the EC BLOCK (that conflict is specific to the biochar biofilter cell), included here for compartment completeness."
ahmedImpactBiofilmSupport2026,ahmedImpactBiofilmSupport2026-T2,AP,water-quality,EC,0.9,0.01,uS/cm as printed in Table 1 (schema unit dS/m; see Notes),significant (letters b vs c),Table 1 p.6,"Plant tank compartment. This value also recorded as ""EC"" in trials.csv T2 row."
ahmedImpactBiofilmSupport2026,ahmedImpactBiofilmSupport2026-T1,AP,water-quality,Dissolved oxygen,7.6,0.02,mg/L,ns (letters a vs a),Table 1 p.6,Fish tank compartment.
ahmedImpactBiofilmSupport2026,ahmedImpactBiofilmSupport2026-T1,AP,water-quality,Dissolved oxygen,6.9,0.08,mg/L,ns (letters b vs b),Table 1 p.6,Biofilter compartment.
ahmedImpactBiofilmSupport2026,ahmedImpactBiofilmSupport2026-T1,AP,water-quality,Dissolved oxygen,6.9,0.06,mg/L,ns (letters b vs b),Table 1 p.6,"Plant tank compartment. This value also recorded as ""Dissolved Oxigen"" in trials.csv T1 row."
ahmedImpactBiofilmSupport2026,ahmedImpactBiofilmSupport2026-T2,AP,water-quality,Dissolved oxygen,7.4,0.5,mg/L,ns (letters a vs a),Table 1 p.6,Fish tank compartment.
ahmedImpactBiofilmSupport2026,ahmedImpactBiofilmSupport2026-T2,AP,water-quality,Dissolved oxygen,6.6,0.11,mg/L,ns (letters b vs b),Table 1 p.6,Biofilter compartment.
ahmedImpactBiofilmSupport2026,ahmedImpactBiofilmSupport2026-T2,AP,water-quality,Dissolved oxygen,6.6,0.09,mg/L,ns (letters b vs b),Table 1 p.6,"Plant tank compartment. This value also recorded as ""Dissolved Oxigen"" in trials.csv T2 row."
ahmedImpactBiofilmSupport2026,ahmedImpactBiofilmSupport2026-T1,AP,water-quality,N-NH4+,0.23,0.03,mg N/L,significant (letters c vs d),Table 1 p.6,Fish tank compartment.
ahmedImpactBiofilmSupport2026,ahmedImpactBiofilmSupport2026-T1,AP,water-quality,N-NH4+,0.13,0.01,mg N/L,significant (letters a vs b),Table 1 p.6,Biofilter compartment.
ahmedImpactBiofilmSupport2026,ahmedImpactBiofilmSupport2026-T1,AP,water-quality,N-NH4+,0.12,0.02,mg N/L,significant (letters a vs b),Table 1 p.6,"Plant tank compartment. This value also recorded as ""TAN / NH4-N"" in trials.csv T1 row."
ahmedImpactBiofilmSupport2026,ahmedImpactBiofilmSupport2026-T2,AP,water-quality,N-NH4+,0.26,0.04,mg N/L,significant (letters c vs d),Table 1 p.6,Fish tank compartment.
ahmedImpactBiofilmSupport2026,ahmedImpactBiofilmSupport2026-T2,AP,water-quality,N-NH4+,0.16,0.02,mg N/L,significant (letters a vs b),Table 1 p.6,Biofilter compartment.
ahmedImpactBiofilmSupport2026,ahmedImpactBiofilmSupport2026-T2,AP,water-quality,N-NH4+,0.15,0.02,mg N/L,significant (letters a vs b),Table 1 p.6,"Plant tank compartment. This value also recorded as ""TAN / NH4-N"" in trials.csv T2 row."
ahmedImpactBiofilmSupport2026,ahmedImpactBiofilmSupport2026-T1,AP,water-quality,N-NO2-,0.26,0.04,mg N/L,significant (letters c vs e),Table 1 p.6,Fish tank compartment. See ⚠️MATERIAL abstract note on the BIOFILTER row of this analyte below.
ahmedImpactBiofilmSupport2026,ahmedImpactBiofilmSupport2026-T1,AP,water-quality,N-NO2-,0.34,0.03,mg N/L,significant (letters d vs b),Table 1 p.6,"⚠️MATERIAL: Abstract (p.1) states 'nitrate concentrations from 0.24 to 0.34 mg.L-1' for biochar - this 0.34 figure is actually THIS nitrite biofilter value, not a nitrate value. Table 1 taken as authoritative; this is nitrite (N-NO2-), not nitrate."
ahmedImpactBiofilmSupport2026,ahmedImpactBiofilmSupport2026-T1,AP,water-quality,N-NO2-,0.27,0.04,mg N/L,significant (letters a vs c),Table 1 p.6,"Plant tank compartment. This value also recorded as ""NO2-N"" in trials.csv T1 row."
ahmedImpactBiofilmSupport2026,ahmedImpactBiofilmSupport2026-T2,AP,water-quality,N-NO2-,0.38,0.05,mg N/L,significant (letters e vs c),Table 1 p.6,Fish tank compartment.
ahmedImpactBiofilmSupport2026,ahmedImpactBiofilmSupport2026-T2,AP,water-quality,N-NO2-,0.24,0.03,mg N/L,significant (letters b vs d),Table 1 p.6,"⚠️MATERIAL: Abstract (p.1) states 'nitrate concentrations from 0.24 to 0.34 mg.L-1' for clay - this 0.24 figure is actually THIS nitrite biofilter value, not a nitrate value. Table 1 taken as authoritative; this is nitrite (N-NO2-), not nitrate."
ahmedImpactBiofilmSupport2026,ahmedImpactBiofilmSupport2026-T2,AP,water-quality,N-NO2-,0.22,0.06,mg N/L,significant (letters a vs c),Table 1 p.6,"Plant tank compartment. This value also recorded as ""NO2-N"" in trials.csv T2 row."
ahmedImpactBiofilmSupport2026,ahmedImpactBiofilmSupport2026-T1,AP,water-quality,N-NO3-,10,0.12,mg N/L,ns (letters a vs a),Table 1 p.6,Fish tank compartment.
ahmedImpactBiofilmSupport2026,ahmedImpactBiofilmSupport2026-T1,AP,water-quality,N-NO3-,28,0.1,mg N/L,significant (letters d vs c),Table 1 p.6,"⚠️MATERIAL: Results text (p.5-6) attributes 'reaching...18 mg/L for nitrate' in the 'biochar' biofilter, but 18 is actually the CLAY biofilter value (see T2 biofilter row). This trial's (biochar) true biofilter nitrate value is 28+/-0.1 per Table 1, taken as authoritative here."
ahmedImpactBiofilmSupport2026,ahmedImpactBiofilmSupport2026-T1,AP,water-quality,N-NO3-,16,0.32,mg N/L,ns (letters b vs b),Table 1 p.6,"Plant tank compartment. This value also recorded as ""NO3-N"" in trials.csv T1 row."
ahmedImpactBiofilmSupport2026,ahmedImpactBiofilmSupport2026-T2,AP,water-quality,N-NO3-,10,0.53,mg N/L,ns (letters a vs a),Table 1 p.6,Fish tank compartment.
ahmedImpactBiofilmSupport2026,ahmedImpactBiofilmSupport2026-T2,AP,water-quality,N-NO3-,18,0.22,mg N/L,significant (letters c vs d),Table 1 p.6,⚠️MATERIAL: Results text (p.5-6) mislabels this clay biofilter value (18 mg/L nitrate) as belonging to 'biochar' - see T1 biofilter row for the correction. This (clay) value itself is correctly Table 1's own clay-biofilter figure.
ahmedImpactBiofilmSupport2026,ahmedImpactBiofilmSupport2026-T2,AP,water-quality,N-NO3-,15,0.29,mg N/L,ns (letters b vs b),Table 1 p.6,"Plant tank compartment. This value also recorded as ""NO3-N"" in trials.csv T2 row."
ahmedImpactBiofilmSupport2026,ahmedImpactBiofilmSupport2026-T1,AP,water-quality,P-PO4,7,0.05,mg P/L,significant (letters a vs c),Table 1 p.6,"Fish tank compartment. Table prints row label 'P-PO3-'; taken as P-PO4 (phosphate) per standard nomenclature, value recorded as printed."
ahmedImpactBiofilmSupport2026,ahmedImpactBiofilmSupport2026-T1,AP,water-quality,P-PO4,9,0.04,mg P/L,significant (letters b vs d),Table 1 p.6,"⚠️MATERIAL: Results text (p.5-6) attributes 'reaching 5.9 mg/L for phosphorus' to the biochar biofilter, but 5.9 is actually the CLAY biofilter value (see T2 biofilter row). This trial's (biochar) true biofilter phosphate value is 9+/-0.04 per Table 1, taken as authoritative here."
ahmedImpactBiofilmSupport2026,ahmedImpactBiofilmSupport2026-T1,AP,water-quality,P-PO4,6,0.03,mg P/L,significant (letters a vs b),Table 1 p.6,Plant tank compartment.
ahmedImpactBiofilmSupport2026,ahmedImpactBiofilmSupport2026-T2,AP,water-quality,P-PO4,5.4,0.11,mg P/L,significant (letters a vs c),Table 1 p.6,Fish tank compartment.
ahmedImpactBiofilmSupport2026,ahmedImpactBiofilmSupport2026-T2,AP,water-quality,P-PO4,5.9,0.6,mg P/L,significant (letters b vs d),Table 1 p.6,⚠️MATERIAL: Results text (p.5-6) mislabels this clay biofilter value (5.9 mg/L phosphorus) as belonging to 'biochar' - see T1 biofilter row for the correction. This (clay) value itself is correctly Table 1's own clay-biofilter figure.
ahmedImpactBiofilmSupport2026,ahmedImpactBiofilmSupport2026-T2,AP,water-quality,P-PO4,5.2,0.8,mg P/L,significant (letters a vs b),Table 1 p.6,Plant tank compartment.
ahmedImpactBiofilmSupport2026,ahmedImpactBiofilmSupport2026-T1,AP,mineral,Ca2+,28,0.13,mg/L,significant (letters a vs b),Table 1 p.6,"Fish tank compartment (water,  not leaf tissue)."
ahmedImpactBiofilmSupport2026,ahmedImpactBiofilmSupport2026-T1,AP,mineral,Ca2+,84,0.07,mg/L,significant (letters d vs f),Table 1 p.6,"⚠️MATERIAL: Results text (p.5-6) attributes 'reaching...68 mg/L for calcium' to the biochar biofilter, but 68 is actually the CLAY biofilter value (see T2 biofilter row). This trial's (biochar) true biofilter calcium value is 84+/-0.07 per Table 1, taken as authoritative here."
ahmedImpactBiofilmSupport2026,ahmedImpactBiofilmSupport2026-T1,AP,mineral,Ca2+,55,0.08,mg/L,significant (letters e vs c),Table 1 p.6,"Plant tank compartment (water,  not leaf tissue)."
ahmedImpactBiofilmSupport2026,ahmedImpactBiofilmSupport2026-T2,AP,mineral,Ca2+,22,0.18,mg/L,significant (letters a vs b),Table 1 p.6,"Fish tank compartment (water,  not leaf tissue)."
ahmedImpactBiofilmSupport2026,ahmedImpactBiofilmSupport2026-T2,AP,mineral,Ca2+,68,0.11,mg/L,significant (letters d vs f),Table 1 p.6,⚠️MATERIAL: Results text (p.5-6) mislabels this clay biofilter value (68 mg/L calcium) as belonging to 'biochar' - see T1 biofilter row for the correction. This (clay) value itself is correctly Table 1's own clay-biofilter figure.
ahmedImpactBiofilmSupport2026,ahmedImpactBiofilmSupport2026-T2,AP,mineral,Ca2+,44,0.15,mg/L,significant (letters e vs c),Table 1 p.6,"Plant tank compartment (water,  not leaf tissue)."
ahmedImpactBiofilmSupport2026,ahmedImpactBiofilmSupport2026-T1,AP,mineral,Mg2+,18,0.15,mg/L,significant (letters a vs b),Table 1 p.6,"Fish tank compartment (water,  not leaf tissue)."
ahmedImpactBiofilmSupport2026,ahmedImpactBiofilmSupport2026-T1,AP,mineral,Mg2+,54,0.08,mg/L,significant (letters d vs e),Table 1 p.6,"⚠️MATERIAL: Results text (p.5-6) attributes 'reaching...43 mg/L for magnesium' to the biochar biofilter, but 43 is actually the CLAY biofilter value (see T2 biofilter row). This trial's (biochar) true biofilter magnesium value is 54+/-0.08 per Table 1, taken as authoritative here."
ahmedImpactBiofilmSupport2026,ahmedImpactBiofilmSupport2026-T1,AP,mineral,Mg2+,40,0.13,mg/L,significant (letters c vs d),Table 1 p.6,"Plant tank compartment (water,  not leaf tissue)."
ahmedImpactBiofilmSupport2026,ahmedImpactBiofilmSupport2026-T2,AP,mineral,Mg2+,17,0.09,mg/L,significant (letters a vs b),Table 1 p.6,"Fish tank compartment (water,  not leaf tissue)."
ahmedImpactBiofilmSupport2026,ahmedImpactBiofilmSupport2026-T2,AP,mineral,Mg2+,43,0.17,mg/L,significant (letters d vs e),Table 1 p.6,⚠️MATERIAL: Results text (p.5-6) mislabels this clay biofilter value (43 mg/L magnesium) as belonging to 'biochar' - see T1 biofilter row for the correction. This (clay) value itself is correctly Table 1's own clay-biofilter figure.
ahmedImpactBiofilmSupport2026,ahmedImpactBiofilmSupport2026-T2,AP,mineral,Mg2+,32,0.03,mg/L,significant (letters c vs d),Table 1 p.6,"Plant tank compartment (water, not leaf tissue). Table prints SD as '00.03', taken as 0.03 (typo)."
ahmedImpactBiofilmSupport2026,ahmedImpactBiofilmSupport2026-T1,AP,mineral,Fe2+,0.6,0.17,mg/L,ns (letters b vs b),Table 1 p.6,"Fish tank compartment (water,  not leaf tissue)."
ahmedImpactBiofilmSupport2026,ahmedImpactBiofilmSupport2026-T1,AP,mineral,Fe2+,0.8,0.11,mg/L,significant (letters c vs b),Table 1 p.6,"Biofilter compartment. Table prints superscript as 'c8' (likely OCR artifact), taken as 'c'."
ahmedImpactBiofilmSupport2026,ahmedImpactBiofilmSupport2026-T1,AP,mineral,Fe2+,0.6,0.13,mg/L,significant (letters b vs a),Table 1 p.6,"Plant tank compartment (water,  not leaf tissue)."
ahmedImpactBiofilmSupport2026,ahmedImpactBiofilmSupport2026-T2,AP,mineral,Fe2+,0.6,0.04,mg/L,ns (letters b vs b),Table 1 p.6,"Fish tank compartment (water,  not leaf tissue)."
ahmedImpactBiofilmSupport2026,ahmedImpactBiofilmSupport2026-T2,AP,mineral,Fe2+,0.6,0.03,mg/L,significant (letters b vs c),Table 1 p.6,"Biofilter compartment (water,  not leaf tissue)."
ahmedImpactBiofilmSupport2026,ahmedImpactBiofilmSupport2026-T2,AP,mineral,Fe2+,0.4,0.11,mg/L,significant (letters a vs b),Table 1 p.6,"Plant tank compartment (water,  not leaf tissue)."
ahmedImpactBiofilmSupport2026,ahmedImpactBiofilmSupport2026-T1,AP,mineral,Cu2+,0.25,0.08,mg/L,significant (letters e vs d),Table 1 p.6,"Fish tank compartment (water,  not leaf tissue)."
ahmedImpactBiofilmSupport2026,ahmedImpactBiofilmSupport2026-T1,AP,mineral,Cu2+,0.27,0.04,mg/L,significant (letters e vs c),Table 1 p.6,"Biofilter compartment (water,  not leaf tissue)."
ahmedImpactBiofilmSupport2026,ahmedImpactBiofilmSupport2026-T1,AP,mineral,Cu2+,0.16,0.07,mg/L,significant (letters b vs a),Table 1 p.6,"Plant tank compartment (water,  not leaf tissue)."
ahmedImpactBiofilmSupport2026,ahmedImpactBiofilmSupport2026-T2,AP,mineral,Cu2+,0.2,0.02,mg/L,significant (letters d vs e),Table 1 p.6,"Fish tank compartment (water,  not leaf tissue)."
ahmedImpactBiofilmSupport2026,ahmedImpactBiofilmSupport2026-T2,AP,mineral,Cu2+,0.19,0.05,mg/L,significant (letters c vs e),Table 1 p.6,"Biofilter compartment (water,  not leaf tissue)."
ahmedImpactBiofilmSupport2026,ahmedImpactBiofilmSupport2026-T2,AP,mineral,Cu2+,0.12,0.02,mg/L,significant (letters a vs b),Table 1 p.6,"Plant tank compartment (water,  not leaf tissue)."
ahmedImpactBiofilmSupport2026,ahmedImpactBiofilmSupport2026-T1,AP,mineral,Zn2+,0.4,0.02,mg/L,UNCLEAR - no superscript letter printed for this cell,Table 1 p.6,"Fish tank compartment. Table 1 prints this cell as '0.4±0.02' with no superscript letter (unlike the corresponding clay cell 'b'), so a same-compartment significance comparison cannot be made; NOT a value conflict (the number itself is unambiguous), just an absent significance marker - not elevated to a severity flag since no cell VALUE is in dispute."
ahmedImpactBiofilmSupport2026,ahmedImpactBiofilmSupport2026-T1,AP,mineral,Zn2+,0.39,0.01,mg/L,ns (letters b vs b),Table 1 p.6,"Biofilter compartment (water,  not leaf tissue)."
ahmedImpactBiofilmSupport2026,ahmedImpactBiofilmSupport2026-T1,AP,mineral,Zn2+,0.3,0.02,mg/L,ns (letters a vs a),Table 1 p.6,"Plant tank compartment (water,  not leaf tissue)."
ahmedImpactBiofilmSupport2026,ahmedImpactBiofilmSupport2026-T2,AP,mineral,Zn2+,0.4,0.01,mg/L,UNCLEAR - see T1 fish tank note,Table 1 p.6,"Fish tank compartment (water,  not leaf tissue)."
ahmedImpactBiofilmSupport2026,ahmedImpactBiofilmSupport2026-T2,AP,mineral,Zn2+,0.39,0.02,mg/L,ns (letters b vs b),Table 1 p.6,"Biofilter compartment (water,  not leaf tissue)."
ahmedImpactBiofilmSupport2026,ahmedImpactBiofilmSupport2026-T2,AP,mineral,Zn2+,0.3,0.07,mg/L,ns (letters a vs a),Table 1 p.6,"Plant tank compartment (water,  not leaf tissue)."
ahmedImpactBiofilmSupport2026,ahmedImpactBiofilmSupport2026-T1,AP,microbiology,Nitrosomonas sp.,11,0.17,CFU/mL,significant (letters c vs b),Table 2 p.6,Fish tank compartment.
ahmedImpactBiofilmSupport2026,ahmedImpactBiofilmSupport2026-T1,AP,microbiology,Nitrosomonas sp.,35,0.19,CFU/mL,significant (letters e vs d),Table 2 p.6,"Biofilter compartment. Text (p.6): ""Nitrosomonas and Nitrobacter counts approximately 20-40% greater [in biochar] than clay"" - directionally consistent with this row."
ahmedImpactBiofilmSupport2026,ahmedImpactBiofilmSupport2026-T1,AP,microbiology,Nitrosomonas sp.,8,0.14,CFU/mL,significant (letters c vs a),Table 2 p.6,"Plant tank compartment. Table prints value as '08', taken as 8."
ahmedImpactBiofilmSupport2026,ahmedImpactBiofilmSupport2026-T2,AP,microbiology,Nitrosomonas sp.,3,0.08,CFU/mL,significant (letters b vs c),Table 2 p.6,"Fish tank compartment. Table prints value as '03', taken as 3."
ahmedImpactBiofilmSupport2026,ahmedImpactBiofilmSupport2026-T2,AP,microbiology,Nitrosomonas sp.,11,0.11,CFU/mL,significant (letters d vs e),Table 2 p.6,Biofilter compartment.
ahmedImpactBiofilmSupport2026,ahmedImpactBiofilmSupport2026-T2,AP,microbiology,Nitrosomonas sp.,2,0.05,CFU/mL,significant (letters a vs c),Table 2 p.6,"Plant tank compartment. Table prints value as '02', taken as 2."
ahmedImpactBiofilmSupport2026,ahmedImpactBiofilmSupport2026-T1,AP,microbiology,Nitrobacter sp.,67,0.25,CFU/mL,significant (letters d vs b),Table 2 p.6,Fish tank compartment.
ahmedImpactBiofilmSupport2026,ahmedImpactBiofilmSupport2026-T1,AP,microbiology,Nitrobacter sp.,110,0.25,CFU/mL,significant (letters e vs d),Table 2 p.6,Biofilter compartment.
ahmedImpactBiofilmSupport2026,ahmedImpactBiofilmSupport2026-T1,AP,microbiology,Nitrobacter sp.,46,0.05,CFU/mL,significant (letters d vs a),Table 2 p.6,Plant tank compartment.
ahmedImpactBiofilmSupport2026,ahmedImpactBiofilmSupport2026-T2,AP,microbiology,Nitrobacter sp.,32,0.02,CFU/mL,significant (letters b vs d),Table 2 p.6,Fish tank compartment.
ahmedImpactBiofilmSupport2026,ahmedImpactBiofilmSupport2026-T2,AP,microbiology,Nitrobacter sp.,62,0.15,CFU/mL,significant (letters d vs e),Table 2 p.6,Biofilter compartment.
ahmedImpactBiofilmSupport2026,ahmedImpactBiofilmSupport2026-T2,AP,microbiology,Nitrobacter sp.,21,0.08,CFU/mL,significant (letters a vs d),Table 2 p.6,Plant tank compartment.
ahmedImpactBiofilmSupport2026,ahmedImpactBiofilmSupport2026-T1,AP,microbiology,Staphylococcus spp.,ND,NR,CFU/100mL,NR,Table 2 p.6,Not detected ('-') in any compartment of either system.
ahmedImpactBiofilmSupport2026,ahmedImpactBiofilmSupport2026-T1,AP,microbiology,Staphylococcus spp.,ND,NR,CFU/100mL,NR,Table 2 p.6,Not detected ('-') in any compartment of either system.
ahmedImpactBiofilmSupport2026,ahmedImpactBiofilmSupport2026-T1,AP,microbiology,Staphylococcus spp.,ND,NR,CFU/100mL,NR,Table 2 p.6,Not detected ('-') in any compartment of either system.
ahmedImpactBiofilmSupport2026,ahmedImpactBiofilmSupport2026-T2,AP,microbiology,Staphylococcus spp.,ND,NR,CFU/100mL,NR,Table 2 p.6,Not detected ('-') in any compartment of either system.
ahmedImpactBiofilmSupport2026,ahmedImpactBiofilmSupport2026-T2,AP,microbiology,Staphylococcus spp.,ND,NR,CFU/100mL,NR,Table 2 p.6,Not detected ('-') in any compartment of either system.
ahmedImpactBiofilmSupport2026,ahmedImpactBiofilmSupport2026-T2,AP,microbiology,Staphylococcus spp.,ND,NR,CFU/100mL,NR,Table 2 p.6,Not detected ('-') in any compartment of either system.
ahmedImpactBiofilmSupport2026,ahmedImpactBiofilmSupport2026-T1,AP,microbiology,Pseudomonas aeruginosa,10,0.12,CFU/100mL,significant (letters a vs c),Table 2 p.6,Fish tank compartment.
ahmedImpactBiofilmSupport2026,ahmedImpactBiofilmSupport2026-T1,AP,microbiology,Pseudomonas aeruginosa,10,0.09,CFU/100mL,significant (letters a vs b),Table 2 p.6,Biofilter compartment.
ahmedImpactBiofilmSupport2026,ahmedImpactBiofilmSupport2026-T1,AP,microbiology,Pseudomonas aeruginosa,ND,NR,CFU/100mL,NR,Table 2 p.6,"Plant tank compartment: not detected ('-') for biochar, vs 15+/-0.07 (detected) for clay plant tank - not a numeric conflict, simply ND vs detected."
ahmedImpactBiofilmSupport2026,ahmedImpactBiofilmSupport2026-T2,AP,microbiology,Pseudomonas aeruginosa,20,0.18,CFU/100mL,significant (letters c vs a),Table 2 p.6,Fish tank compartment.
ahmedImpactBiofilmSupport2026,ahmedImpactBiofilmSupport2026-T2,AP,microbiology,Pseudomonas aeruginosa,15,0.03,CFU/100mL,significant (letters b vs a),Table 2 p.6,Biofilter compartment.
ahmedImpactBiofilmSupport2026,ahmedImpactBiofilmSupport2026-T2,AP,microbiology,Pseudomonas aeruginosa,15,0.07,CFU/100mL,"NR (biochar plant tank is ND,  not comparable)",Table 2 p.6,Plant tank compartment (clay); detected here vs not detected in biochar plant tank.
ahmedImpactBiofilmSupport2026,ahmedImpactBiofilmSupport2026-T1,AP,microbiology,Coliforms,11.7,0.06,CFU/100mL,significant (letters d vs c),Table 2 p.6,Fish tank compartment. ⚠️MATERIAL: Results text (p.6-7) states 'Only trace amounts of E. coli and total coliforms were detected in the fish tanks (<=11.7 CFU.100mL-1)' - the 11.7 value belongs ONLY to this Coliforms row; Table 2's E. coli row is '-' (not detected) in every compartment/system (see E. coli rows below). Table 2 taken as authoritative.
ahmedImpactBiofilmSupport2026,ahmedImpactBiofilmSupport2026-T1,AP,microbiology,Coliforms,6.1,0.03,CFU/100mL,ns (letters b vs b),Table 2 p.6,Biofilter compartment.
ahmedImpactBiofilmSupport2026,ahmedImpactBiofilmSupport2026-T1,AP,microbiology,Coliforms,3.2,0.08,CFU/100mL,ns (letters a vs a),Table 2 p.6,Plant tank compartment.
ahmedImpactBiofilmSupport2026,ahmedImpactBiofilmSupport2026-T2,AP,microbiology,Coliforms,8.2,0.01,CFU/100mL,significant (letters c vs d),Table 2 p.6,Fish tank compartment.
ahmedImpactBiofilmSupport2026,ahmedImpactBiofilmSupport2026-T2,AP,microbiology,Coliforms,5.3,0.07,CFU/100mL,ns (letters b vs b),Table 2 p.6,Biofilter compartment.
ahmedImpactBiofilmSupport2026,ahmedImpactBiofilmSupport2026-T2,AP,microbiology,Coliforms,4.1,0.05,CFU/100mL,ns (letters a vs a),Table 2 p.6,Plant tank compartment.
ahmedImpactBiofilmSupport2026,ahmedImpactBiofilmSupport2026-T1,AP,microbiology,E. coli,ND,NR,CFU/100mL,NR,Table 2 p.6,"⚠️MATERIAL: Not detected ('-') in this or any compartment/system per Table 2, despite Results text (p.6-7) implying E. coli was detected at <=11.7 CFU/100mL (that figure belongs to Coliforms, see above). Table 2 taken as authoritative."
ahmedImpactBiofilmSupport2026,ahmedImpactBiofilmSupport2026-T1,AP,microbiology,E. coli,ND,NR,CFU/100mL,NR,Table 2 p.6,Not detected ('-') in any compartment of either system.
ahmedImpactBiofilmSupport2026,ahmedImpactBiofilmSupport2026-T1,AP,microbiology,E. coli,ND,NR,CFU/100mL,NR,Table 2 p.6,Not detected ('-') in any compartment of either system.
ahmedImpactBiofilmSupport2026,ahmedImpactBiofilmSupport2026-T2,AP,microbiology,E. coli,ND,NR,CFU/100mL,NR,Table 2 p.6,Not detected ('-') in any compartment of either system.
ahmedImpactBiofilmSupport2026,ahmedImpactBiofilmSupport2026-T2,AP,microbiology,E. coli,ND,NR,CFU/100mL,NR,Table 2 p.6,Not detected ('-') in any compartment of either system.
ahmedImpactBiofilmSupport2026,ahmedImpactBiofilmSupport2026-T2,AP,microbiology,E. coli,ND,NR,CFU/100mL,NR,Table 2 p.6,Not detected ('-') in any compartment of either system.
ahmedImpactBiofilmSupport2026,ahmedImpactBiofilmSupport2026-T1,AP,microbiology,Fecal enterococcus,ND,NR,CFU/100mL,NR,Table 2 p.6,Not detected ('-') in any compartment of either system.
ahmedImpactBiofilmSupport2026,ahmedImpactBiofilmSupport2026-T1,AP,microbiology,Fecal enterococcus,ND,NR,CFU/100mL,NR,Table 2 p.6,Not detected ('-') in any compartment of either system.
ahmedImpactBiofilmSupport2026,ahmedImpactBiofilmSupport2026-T1,AP,microbiology,Fecal enterococcus,ND,NR,CFU/100mL,NR,Table 2 p.6,Not detected ('-') in any compartment of either system.
ahmedImpactBiofilmSupport2026,ahmedImpactBiofilmSupport2026-T2,AP,microbiology,Fecal enterococcus,ND,NR,CFU/100mL,NR,Table 2 p.6,Not detected ('-') in any compartment of either system.
ahmedImpactBiofilmSupport2026,ahmedImpactBiofilmSupport2026-T2,AP,microbiology,Fecal enterococcus,ND,NR,CFU/100mL,NR,Table 2 p.6,Not detected ('-') in any compartment of either system.
ahmedImpactBiofilmSupport2026,ahmedImpactBiofilmSupport2026-T2,AP,microbiology,Fecal enterococcus,ND,NR,CFU/100mL,NR,Table 2 p.6,Not detected ('-') in any compartment of either system.
ahmedImpactBiofilmSupport2026,ahmedImpactBiofilmSupport2026-T1,AP,biochemistry,Chlorophyll a,3.34,NR,mg/g FW,"significant (text: ""biochar significantly increased the levels of Chl a...)",Results text p.7 (Fig. 4),"Absolute value stated directly in body text, not figure-only. SD not given in text (only visible as error bar in Fig. 4, not read)."
ahmedImpactBiofilmSupport2026,ahmedImpactBiofilmSupport2026-T2,AP,biochemistry,Chlorophyll a,2.48,NR,mg/g FW,"significant (text: ""biochar significantly increased the levels of Chl a...)",Results text p.7 (Fig. 4),Absolute value stated directly in body text.
ahmedImpactBiofilmSupport2026,ahmedImpactBiofilmSupport2026-T1,AP,biochemistry,Chlorophyll b,1.9,NR,mg/g FW,"significant (text: ""...Chl b,  and Chl T"")",Results text p.7 (Fig. 4),Absolute value stated directly in body text.
ahmedImpactBiofilmSupport2026,ahmedImpactBiofilmSupport2026-T2,AP,biochemistry,Chlorophyll b,1.64,NR,mg/g FW,"significant (text: ""...Chl b,  and Chl T"")",Results text p.7 (Fig. 4),Absolute value stated directly in body text.
ahmedImpactBiofilmSupport2026,ahmedImpactBiofilmSupport2026-T1,AP,biochemistry,Total chlorophyll,5.24,NR,mg/g FW,"significant (text: ""...Chl T"")",Results text p.7 (Fig. 4),Absolute value stated directly in body text.
ahmedImpactBiofilmSupport2026,ahmedImpactBiofilmSupport2026-T2,AP,biochemistry,Total chlorophyll,4.12,NR,mg/g FW,"significant (text: ""...Chl T"")",Results text p.7 (Fig. 4),Absolute value stated directly in body text.
ahmedImpactBiofilmSupport2026,ahmedImpactBiofilmSupport2026-T1,AP,biochemistry,Carotenoids,0.304,NR,mg/g FW,"NR (text gives direction only,  no explicit ""significant"" wording for this analyte)",Results text p.7 (Fig. 4),"Absolute value stated directly in body text (lower in biochar than clay). Text does not use the word ""significant"" for this specific comparison, unlike the chlorophylls."
ahmedImpactBiofilmSupport2026,ahmedImpactBiofilmSupport2026-T2,AP,biochemistry,Carotenoids,0.516,NR,mg/g FW,"NR (text gives direction only,  no explicit ""significant"" wording for this analyte)",Results text p.7 (Fig. 4),"Absolute value stated directly in body text (highest in clay pebbles). Text does not use the word ""significant"" for this specific comparison."
ahmedImpactBiofilmSupport2026,ahmedImpactBiofilmSupport2026-T1,AP,proximate,Water content,81.8,NR,%FW,"NR (text states averages without the word ""significant"")",Results text p.7 (Fig. 3b),"Absolute value stated directly in body text (81.8% biochar vs 88.7% clay), not figure-only."
ahmedImpactBiofilmSupport2026,ahmedImpactBiofilmSupport2026-T2,AP,proximate,Water content,88.7,NR,%FW,"NR (text states averages without the word ""significant"")",Results text p.7 (Fig. 3b),Absolute value stated directly in body text.
ahmedImpactBiofilmSupport2026,ahmedImpactBiofilmSupport2026-T1,AP,proximate,Shoot biomass (productivity),NR,NR,g/m2 (unit as shown on Fig. 3a axis - figure not used as source),"significant (text: ""exhibited significantly enhanced growth performance"")",Fig. 3a (chart only) / Results text p.7,"Figure-only per new rule: absolute g/m2 value appears ONLY in the Fig. 3a bar chart, not in text or a table, so Value=NR. Body text (p.7) states biochar shoot biomass was ""approximately 35%"" higher than clay pebbles - this relative % finding IS from text and is preserved here, but the absolute number is not extractable."
ahmedImpactBiofilmSupport2026,ahmedImpactBiofilmSupport2026-T2,AP,proximate,Shoot biomass (productivity),NR,NR,g/m2 (unit as shown on Fig. 3a axis - figure not used as source),"significant (text: ""exhibited significantly enhanced growth performance"")",Fig. 3a (chart only) / Results text p.7,"Figure-only per new rule, same as biochar row: only the relative -35% (clay vs biochar) finding is text-supported; absolute value NR."
ahmedImpactBiofilmSupport2026,ahmedImpactBiofilmSupport2026-T1,AP,biochemistry,Soluble protein,NR,NR,mg/g FW (unit as shown on Fig. 5a axis - figure not used as source),"significant (text: ""resulted in significantly higher protein and sugar contents"")",Fig. 5a (chart only) / Results text p.8,"Figure-only per new rule: no absolute mg/g value in text, only ""Biochar increased protein levels by approximately 26%"" (p.8). Value=NR, % difference preserved here."
ahmedImpactBiofilmSupport2026,ahmedImpactBiofilmSupport2026-T2,AP,biochemistry,Soluble protein,NR,NR,mg/g FW (unit as shown on Fig. 5a axis - figure not used as source),"significant (text: ""resulted in significantly higher protein and sugar contents"")",Fig. 5a (chart only) / Results text p.8,Figure-only per new rule; only the relative -26% (clay vs biochar) finding is text-supported.
ahmedImpactBiofilmSupport2026,ahmedImpactBiofilmSupport2026-T1,AP,biochemistry,Soluble sugar,NR,NR,mg/g DW (unit as shown on Fig. 5b axis - figure not used as source),"significant (text: ""resulted in significantly higher protein and sugar contents"")",Fig. 5b (chart only) / Results text p.8,"Figure-only per new rule: no absolute mg/g value in text, only ""sugar levels by around 30%"" (p.8). Value=NR, % difference preserved here."
ahmedImpactBiofilmSupport2026,ahmedImpactBiofilmSupport2026-T2,AP,biochemistry,Soluble sugar,NR,NR,mg/g DW (unit as shown on Fig. 5b axis - figure not used as source),"significant (text: ""resulted in significantly higher protein and sugar contents"")",Fig. 5b (chart only) / Results text p.8,Figure-only per new rule; only the relative -30% (clay vs biochar) finding is text-supported.
ahmedImpactBiofilmSupport2026,ahmedImpactBiofilmSupport2026-T1,AP,biochemistry,MDA,NR,NR,umol/g FW (unit as shown on Fig. 6a axis - figure not used as source),"NR (text does not use the word ""significant"" for this comparison)",Fig. 6a (chart only) / Results text p.9,"Figure-only per new rule: no absolute umol/g value in text, only ""a 140% increase in MDA levels in plants grown with clay pebbles compared with...biochar"" (p.9). Value=NR, % difference preserved here."
ahmedImpactBiofilmSupport2026,ahmedImpactBiofilmSupport2026-T2,AP,biochemistry,MDA,NR,NR,umol/g FW (unit as shown on Fig. 6a axis - figure not used as source),"NR (text does not use the word ""significant"" for this comparison)",Fig. 6a (chart only) / Results text p.9,Figure-only per new rule; +140% (clay vs biochar) finding is text-supported (relative only).
ahmedImpactBiofilmSupport2026,ahmedImpactBiofilmSupport2026-T1,AP,biochemistry,DPPH IC50,NR,NR,ug/mL (unit as shown on Fig. 6b axis - figure not used as source),"NR (text gives direction only,  no percentage or ""significant"" wording)",Fig. 6b (chart only) / Results text p.9,"Figure-only per new rule: text (p.9) states only that biochar-system plants ""exhibited a lower IC50 value, reflecting stronger antioxidant capacity"" - no numeric value or even a percentage is given anywhere in text. Value=NR, direction-only finding preserved here."
ahmedImpactBiofilmSupport2026,ahmedImpactBiofilmSupport2026-T2,AP,biochemistry,DPPH IC50,NR,NR,ug/mL (unit as shown on Fig. 6b axis - figure not used as source),"NR (text gives direction only,  no percentage or ""significant"" wording)",Fig. 6b (chart only) / Results text p.9,"Figure-only per new rule; text only states clay IC50 is higher (weaker antioxidant capacity) than biochar,  no number."
ahmedImpactBiofilmSupport2026,ahmedImpactBiofilmSupport2026-T1,AP,biochemistry,Flavonoids,NR,NR,mg CE/g DW (unit as shown on Fig. 7a axis - figure not used as source),"NR (text says ""notably higher"",  not ""significantly"")",Fig. 7a (chart only) / Results text p.9,"Figure-only per new rule: no absolute mg CE/g value in text, only ""Flavonoid content increased by 132%"" (clay vs biochar, p.9). Value=NR, % difference preserved here."
ahmedImpactBiofilmSupport2026,ahmedImpactBiofilmSupport2026-T2,AP,biochemistry,Flavonoids,NR,NR,mg CE/g DW (unit as shown on Fig. 7a axis - figure not used as source),"NR (text says ""notably higher"",  not ""significantly"")",Fig. 7a (chart only) / Results text p.9,Figure-only per new rule; +132% (clay vs biochar) finding is text-supported (relative only).
ahmedImpactBiofilmSupport2026,ahmedImpactBiofilmSupport2026-T1,AP,biochemistry,Total phenols,NR,NR,mg GAE/g DW (unit as shown on Fig. 7b axis - figure not used as source),"NR (text says ""notably higher"",  not ""significantly"")",Fig. 7b (chart only) / Results text p.9,"Figure-only per new rule: no absolute mg GAE/g value in text, only ""total phenols by 20%"" (clay vs biochar, p.9). Value=NR, % difference preserved here."
ahmedImpactBiofilmSupport2026,ahmedImpactBiofilmSupport2026-T2,AP,biochemistry,Total phenols,NR,NR,mg GAE/g DW (unit as shown on Fig. 7b axis - figure not used as source),"NR (text says ""notably higher"",  not ""significantly"")",Fig. 7b (chart only) / Results text p.9,Figure-only per new rule; +20% (clay vs biochar) finding is text-supported (relative only).
ahmedImpactBiofilmSupport2026,ahmedImpactBiofilmSupport2026-T1,AP,biochemistry,Tannins,NR,NR,mg CE/g DW (unit as shown on Fig. 7c axis - figure not used as source),"NR (text says ""notably higher"",  not ""significantly"")",Fig. 7c (chart only) / Results text p.9,"Figure-only per new rule: no absolute mg CE/g value in text, only ""tannins by 25%"" (clay vs biochar, p.9). Value=NR, % difference preserved here."
ahmedImpactBiofilmSupport2026,ahmedImpactBiofilmSupport2026-T2,AP,biochemistry,Tannins,NR,NR,mg CE/g DW (unit as shown on Fig. 7c axis - figure not used as source),"NR (text says ""notably higher"",  not ""significantly"")",Fig. 7c (chart only) / Results text p.9,Figure-only per new rule; +25% (clay vs biochar) finding is text-supported (relative only).
akterComparisonIndianSpinach2025,akterComparisonIndianSpinach2025-T1,AP,mineral,Nitrogen,5.54,0.95,% dry leaf tissue,*,Table 5,Matches abstract value (5.54%)
akterComparisonIndianSpinach2025,akterComparisonIndianSpinach2025-T1,HYD,mineral,Nitrogen,3.42,0.49,% dry leaf tissue,*,Table 5,
akterComparisonIndianSpinach2025,akterComparisonIndianSpinach2025-T1,AP,mineral,Phosphorus,0.78,0.16,% dry leaf tissue,ns,Table 5,
akterComparisonIndianSpinach2025,akterComparisonIndianSpinach2025-T1,HYD,mineral,Phosphorus,0.85,0.26,% dry leaf tissue,ns,Table 5,Matches abstract value (0.85%; abstract states P higher in hydroponics)
akterComparisonIndianSpinach2025,akterComparisonIndianSpinach2025-T1,AP,mineral,Potassium,3.10,0.25,% dry leaf tissue,ns,Table 5,"WARN-MATERIAL: Abstract states 'significantly higher levels of nitrogen, potassium, and sulphur content' in aquaponics (citing this exact 3.10% figure for K), but Table 5 explicitly marks Potassium 'ns' (only N and S are starred in the table). Table 5's own significance marking is used here because it is the primary data source with a defined test (unpaired t-test, Welch's correction) and explicit */**/***/ns levels; the abstract's blanket claim appears to have mistakenly folded K in with N and S. Verify before citing as a significant result."
akterComparisonIndianSpinach2025,akterComparisonIndianSpinach2025-T1,HYD,mineral,Potassium,2.49,0.42,% dry leaf tissue,ns,Table 5,See AP row note re: abstract/table Potassium significance conflict (WARN-MATERIAL)
akterComparisonIndianSpinach2025,akterComparisonIndianSpinach2025-T1,AP,mineral,Sulphur,0.61,0.21,% dry leaf tissue,*,Table 5,Matches abstract value (0.61%)
akterComparisonIndianSpinach2025,akterComparisonIndianSpinach2025-T1,HYD,mineral,Sulphur,0.05,0.01,% dry leaf tissue,*,Table 5,
albloushiEffectStockingDensity2018,albloushiEffectStockingDensity2018-T1,AP,proximate,Moisture,92.25,0.38,%,ns (P>0.05 across densities),"Table 11, p.38",Harvested tomato fruit; AOAC (1995) method
albloushiEffectStockingDensity2018,albloushiEffectStockingDensity2018-T2,AP,proximate,Moisture,92.92,0.19,%,ns (P>0.05 across densities),"Table 11, p.38",Harvested tomato fruit; AOAC (1995) method
albloushiEffectStockingDensity2018,albloushiEffectStockingDensity2018-T3,AP,proximate,Moisture,92.3,0.31,%,ns (P>0.05 across densities),"Table 11, p.38",Harvested tomato fruit; AOAC (1995) method
albloushiEffectStockingDensity2018,albloushiEffectStockingDensity2018-T1,AP,proximate,Dry matter,7.75,0.38,%,ns (P>0.05 across densities),"Table 11, p.38",Harvested tomato fruit; AOAC (1995) method
albloushiEffectStockingDensity2018,albloushiEffectStockingDensity2018-T2,AP,proximate,Dry matter,6.79,0.43,%,ns (P>0.05 across densities),"Table 11, p.38",Harvested tomato fruit; AOAC (1995) method
albloushiEffectStockingDensity2018,albloushiEffectStockingDensity2018-T3,AP,proximate,Dry matter,7.37,0.66,%,ns (P>0.05 across densities),"Table 11, p.38",Harvested tomato fruit; AOAC (1995) method
albloushiEffectStockingDensity2018,albloushiEffectStockingDensity2018-T1,AP,proximate,Ash,8.05,0.36,%,ns (P>0.05 across densities),"Table 11, p.38",Harvested tomato fruit; AOAC (1995) method
albloushiEffectStockingDensity2018,albloushiEffectStockingDensity2018-T2,AP,proximate,Ash,8.36,0.76,%,ns (P>0.05 across densities),"Table 11, p.38",Harvested tomato fruit; AOAC (1995) method
albloushiEffectStockingDensity2018,albloushiEffectStockingDensity2018-T3,AP,proximate,Ash,8.65,0.58,%,ns (P>0.05 across densities),"Table 11, p.38",Harvested tomato fruit; AOAC (1995) method
albloushiEffectStockingDensity2018,albloushiEffectStockingDensity2018-T1,AP,proximate,Crude protein,20.11,0.87,%,ns (P>0.05 across densities),"Table 11, p.38",Harvested tomato fruit; AOAC (1995) method
albloushiEffectStockingDensity2018,albloushiEffectStockingDensity2018-T2,AP,proximate,Crude protein,19.85,1.41,%,ns (P>0.05 across densities),"Table 11, p.38",Harvested tomato fruit; AOAC (1995) method
albloushiEffectStockingDensity2018,albloushiEffectStockingDensity2018-T3,AP,proximate,Crude protein,19.05,1.16,%,ns (P>0.05 across densities),"Table 11, p.38",Harvested tomato fruit; AOAC (1995) method
albloushiEffectStockingDensity2018,albloushiEffectStockingDensity2018-T1,AP,proximate,Crude fibre,15.1,0.39,%,ns (P>0.05 across densities),"Table 11, p.38",Harvested tomato fruit; AOAC (1995) method
albloushiEffectStockingDensity2018,albloushiEffectStockingDensity2018-T2,AP,proximate,Crude fibre,13.65,0.99,%,ns (P>0.05 across densities),"Table 11, p.38",Harvested tomato fruit; AOAC (1995) method
albloushiEffectStockingDensity2018,albloushiEffectStockingDensity2018-T3,AP,proximate,Crude fibre,13.67,1.77,%,ns (P>0.05 across densities),"Table 11, p.38",Harvested tomato fruit; AOAC (1995) method
albloushiEffectStockingDensity2018,albloushiEffectStockingDensity2018-T1,AP,proximate,Fat,3.52,0.18,%,ns (P>0.05 across densities),"Table 11, p.38",Harvested tomato fruit; AOAC (1995) method
albloushiEffectStockingDensity2018,albloushiEffectStockingDensity2018-T2,AP,proximate,Fat,3.53,0.38,%,ns (P>0.05 across densities),"Table 11, p.38",Harvested tomato fruit; AOAC (1995) method
albloushiEffectStockingDensity2018,albloushiEffectStockingDensity2018-T3,AP,proximate,Fat,3.52,0.39,%,ns (P>0.05 across densities),"Table 11, p.38",Harvested tomato fruit; AOAC (1995) method
albloushiEffectStockingDensity2018,albloushiEffectStockingDensity2018-T1,AP,proximate,Carbohydrate,53.23,0.62,%,ns (P>0.05 across densities),"Table 11, p.38",Harvested tomato fruit; AOAC (1995) method
albloushiEffectStockingDensity2018,albloushiEffectStockingDensity2018-T2,AP,proximate,Carbohydrate,54.62,2.58,%,ns (P>0.05 across densities),"Table 11, p.38",Harvested tomato fruit; AOAC (1995) method
albloushiEffectStockingDensity2018,albloushiEffectStockingDensity2018-T3,AP,proximate,Carbohydrate,55.11,3.71,%,ns (P>0.05 across densities),"Table 11, p.38",Harvested tomato fruit; AOAC (1995) method
albloushiEffectStockingDensity2018,albloushiEffectStockingDensity2018-T1,AP,mineral,Ca,1962.28,180.38,mg/g,ns (P>0.05 across densities),"Table 12, p.39",Harvested tomato fruit tissue; ICP-OES (Varian 710-ES)
albloushiEffectStockingDensity2018,albloushiEffectStockingDensity2018-T2,AP,mineral,Ca,1850.21,60.53,mg/g,ns (P>0.05 across densities),"Table 12, p.39",Harvested tomato fruit tissue; ICP-OES (Varian 710-ES)
albloushiEffectStockingDensity2018,albloushiEffectStockingDensity2018-T3,AP,mineral,Ca,1991.5,165.09,mg/g,ns (P>0.05 across densities),"Table 12, p.39",Harvested tomato fruit tissue; ICP-OES (Varian 710-ES)
albloushiEffectStockingDensity2018,albloushiEffectStockingDensity2018-T1,AP,mineral,Mo,1.95,0.87,mg/g,ns (P>0.05 across densities),"Table 12, p.39",Harvested tomato fruit tissue; ICP-OES (Varian 710-ES)
albloushiEffectStockingDensity2018,albloushiEffectStockingDensity2018-T2,AP,mineral,Mo,1.37,0.26,mg/g,ns (P>0.05 across densities),"Table 12, p.39",Harvested tomato fruit tissue; ICP-OES (Varian 710-ES)
albloushiEffectStockingDensity2018,albloushiEffectStockingDensity2018-T3,AP,mineral,Mo,1.27,0.1,mg/g,ns (P>0.05 across densities),"Table 12, p.39",Harvested tomato fruit tissue; ICP-OES (Varian 710-ES)
albloushiEffectStockingDensity2018,albloushiEffectStockingDensity2018-T1,AP,mineral,Mg,965.41,69.88,mg/g,ns (P>0.05 across densities),"Table 12, p.39",Harvested tomato fruit tissue; ICP-OES (Varian 710-ES)
albloushiEffectStockingDensity2018,albloushiEffectStockingDensity2018-T2,AP,mineral,Mg,991.6,36.96,mg/g,ns (P>0.05 across densities),"Table 12, p.39",Harvested tomato fruit tissue; ICP-OES (Varian 710-ES)
albloushiEffectStockingDensity2018,albloushiEffectStockingDensity2018-T3,AP,mineral,Mg,1085.89,84.63,mg/g,ns (P>0.05 across densities),"Table 12, p.39",Harvested tomato fruit tissue; ICP-OES (Varian 710-ES)
albloushiEffectStockingDensity2018,albloushiEffectStockingDensity2018-T1,AP,mineral,Na,788.82,165.46,mg/g,ns (P>0.05 across densities),"Table 12, p.39",Harvested tomato fruit tissue; ICP-OES (Varian 710-ES)
albloushiEffectStockingDensity2018,albloushiEffectStockingDensity2018-T2,AP,mineral,Na,874.88,49.94,mg/g,ns (P>0.05 across densities),"Table 12, p.39",Harvested tomato fruit tissue; ICP-OES (Varian 710-ES)
albloushiEffectStockingDensity2018,albloushiEffectStockingDensity2018-T3,AP,mineral,Na,1054.52,160.01,mg/g,ns (P>0.05 across densities),"Table 12, p.39",Harvested tomato fruit tissue; ICP-OES (Varian 710-ES)
albloushiEffectStockingDensity2018,albloushiEffectStockingDensity2018-T1,AP,mineral,P,5034.29,158.05,mg/g,ns (P>0.05 across densities),"Table 12, p.39",Harvested tomato fruit tissue; ICP-OES (Varian 710-ES)
albloushiEffectStockingDensity2018,albloushiEffectStockingDensity2018-T2,AP,mineral,P,5125.68,338.45,mg/g,ns (P>0.05 across densities),"Table 12, p.39",Harvested tomato fruit tissue; ICP-OES (Varian 710-ES)
albloushiEffectStockingDensity2018,albloushiEffectStockingDensity2018-T3,AP,mineral,P,5211.05,270.16,mg/g,ns (P>0.05 across densities),"Table 12, p.39",Harvested tomato fruit tissue; ICP-OES (Varian 710-ES)
albloushiEffectStockingDensity2018,albloushiEffectStockingDensity2018-T1,AP,mineral,S,1739.74,159.17,mg/g,ns (P>0.05 across densities),"Table 12, p.39",Harvested tomato fruit tissue; ICP-OES (Varian 710-ES)
albloushiEffectStockingDensity2018,albloushiEffectStockingDensity2018-T2,AP,mineral,S,1470.8,98.39,mg/g,ns (P>0.05 across densities),"Table 12, p.39",Harvested tomato fruit tissue; ICP-OES (Varian 710-ES)
albloushiEffectStockingDensity2018,albloushiEffectStockingDensity2018-T3,AP,mineral,S,1442.6,81.2,mg/g,ns (P>0.05 across densities),"Table 12, p.39",Harvested tomato fruit tissue; ICP-OES (Varian 710-ES)
albloushiEffectStockingDensity2018,albloushiEffectStockingDensity2018-T1,AP,mineral,K,15623.18,278.44,mg/g,ns (P>0.05 across densities),"Table 12, p.39",Harvested tomato fruit tissue; ICP-OES (Varian 710-ES)
albloushiEffectStockingDensity2018,albloushiEffectStockingDensity2018-T2,AP,mineral,K,15677.54,345.75,mg/g,ns (P>0.05 across densities),"Table 12, p.39",Harvested tomato fruit tissue; ICP-OES (Varian 710-ES)
albloushiEffectStockingDensity2018,albloushiEffectStockingDensity2018-T3,AP,mineral,K,16282.02,854.8,mg/g,ns (P>0.05 across densities),"Table 12, p.39",Harvested tomato fruit tissue; ICP-OES (Varian 710-ES)
albloushiEffectStockingDensity2018,albloushiEffectStockingDensity2018-T1,AP,mineral,Cu,8.57,0.44,mg/g,ns (P>0.05 across densities),"Table 12, p.39",Harvested tomato fruit tissue; ICP-OES (Varian 710-ES)
albloushiEffectStockingDensity2018,albloushiEffectStockingDensity2018-T2,AP,mineral,Cu,8.94,0.68,mg/g,ns (P>0.05 across densities),"Table 12, p.39",Harvested tomato fruit tissue; ICP-OES (Varian 710-ES)
albloushiEffectStockingDensity2018,albloushiEffectStockingDensity2018-T3,AP,mineral,Cu,9.8,0.79,mg/g,ns (P>0.05 across densities),"Table 12, p.39",Harvested tomato fruit tissue; ICP-OES (Varian 710-ES)
albloushiEffectStockingDensity2018,albloushiEffectStockingDensity2018-T1,AP,mineral,Fe,67.34,5.25,mg/g,ns (P>0.05 across densities),"Table 12, p.39",Harvested tomato fruit tissue; ICP-OES (Varian 710-ES)
albloushiEffectStockingDensity2018,albloushiEffectStockingDensity2018-T2,AP,mineral,Fe,70.57,4.19,mg/g,ns (P>0.05 across densities),"Table 12, p.39",Harvested tomato fruit tissue; ICP-OES (Varian 710-ES)
albloushiEffectStockingDensity2018,albloushiEffectStockingDensity2018-T3,AP,mineral,Fe,71.84,9.36,mg/g,ns (P>0.05 across densities),"Table 12, p.39",Harvested tomato fruit tissue; ICP-OES (Varian 710-ES)
albloushiEffectStockingDensity2018,albloushiEffectStockingDensity2018-T1,AP,mineral,Mn,11.44,0.87,mg/g,ns (P>0.05 across densities),"Table 12, p.39",Harvested tomato fruit tissue; ICP-OES (Varian 710-ES)
albloushiEffectStockingDensity2018,albloushiEffectStockingDensity2018-T2,AP,mineral,Mn,11.96,1.1,mg/g,ns (P>0.05 across densities),"Table 12, p.39",Harvested tomato fruit tissue; ICP-OES (Varian 710-ES)
albloushiEffectStockingDensity2018,albloushiEffectStockingDensity2018-T3,AP,mineral,Mn,12.74,0.39,mg/g,ns (P>0.05 across densities),"Table 12, p.39",Harvested tomato fruit tissue; ICP-OES (Varian 710-ES)
albloushiEffectStockingDensity2018,albloushiEffectStockingDensity2018-T1,AP,mineral,Zn,28.54,2.35,mg/g,ns (P>0.05 across densities),"Table 12, p.39",Harvested tomato fruit tissue; ICP-OES (Varian 710-ES)
albloushiEffectStockingDensity2018,albloushiEffectStockingDensity2018-T2,AP,mineral,Zn,28.21,1.76,mg/g,ns (P>0.05 across densities),"Table 12, p.39",Harvested tomato fruit tissue; ICP-OES (Varian 710-ES)
albloushiEffectStockingDensity2018,albloushiEffectStockingDensity2018-T3,AP,mineral,Zn,30.78,0.96,mg/g,ns (P>0.05 across densities),"Table 12, p.39",Harvested tomato fruit tissue; ICP-OES (Varian 710-ES)
alizaehComparingYieldNutrient2025,alizaehComparingYieldNutrient2025-T1,Hydroponic,biochemistry,Chlorophyll a,0.59,NR,mg g-1 FW,b,Fig. 6A,Figure-printed value; error bars shown but no numeric SD given
alizaehComparingYieldNutrient2025,alizaehComparingYieldNutrient2025-T1,Aquaponic,biochemistry,Chlorophyll a,0.64,NR,mg g-1 FW,b,Fig. 6A,Figure-printed value; matches text (soil chl a +15.6% vs aquaponics)
alizaehComparingYieldNutrient2025,alizaehComparingYieldNutrient2025-T1,Soil,biochemistry,Chlorophyll a,0.74,NR,mg g-1 FW,a,Fig. 6A,"Figure-printed value; text (p.11) gives soil vs hydro +25.4% and vs aqua +15.6%, both reproduced exactly by 0.74/0.59 and 0.74/0.64"
alizaehComparingYieldNutrient2025,alizaehComparingYieldNutrient2025-T1,Hydroponic,biochemistry,Chlorophyll b,0.19,NR,mg g-1 FW,b,Fig. 6B,Figure-printed value
alizaehComparingYieldNutrient2025,alizaehComparingYieldNutrient2025-T1,Aquaponic,biochemistry,Chlorophyll b,0.2,NR,mg g-1 FW,ab,Fig. 6B,Figure-printed value
alizaehComparingYieldNutrient2025,alizaehComparingYieldNutrient2025-T1,Soil,biochemistry,Chlorophyll b,0.22,NR,mg g-1 FW,a,Fig. 6B,"WARN-MINOR: text (p.11) states soil/aquaponics increases of 8.8%/4.7% vs hydroponics; figure values (0.19/0.2/0.22) only reproduce ~5.3%/15.8%. Small-magnitude rounding discrepancy (~0.01-0.02 mg g-1 FW), does not change ranking (soil>aqua>=hydro); figure value used as printed."
alizaehComparingYieldNutrient2025,alizaehComparingYieldNutrient2025-T1,Hydroponic,biochemistry,Carotenoid,0.17,NR,mg g-1 FW,b,Fig. 6C,Figure-printed value
alizaehComparingYieldNutrient2025,alizaehComparingYieldNutrient2025-T1,Aquaponic,biochemistry,Carotenoid,0.204,NR,mg g-1 FW,a,Fig. 6C / text p.11,"Text gives precise value 0.204 mg g-1, matches Fig. 6C (0.2)"
alizaehComparingYieldNutrient2025,alizaehComparingYieldNutrient2025-T1,Soil,biochemistry,Carotenoid,0.19,NR,mg g-1 FW,ab,Fig. 6C / text p.11,Text: 'no statistical difference (P>0.05)' between aquaponics and soil
alizaehComparingYieldNutrient2025,alizaehComparingYieldNutrient2025-T1,Hydroponic,biochemistry,Proline,4.8,NR,mg g-1 FW,b,Fig. 6D,Figure-printed value
alizaehComparingYieldNutrient2025,alizaehComparingYieldNutrient2025-T1,Aquaponic,biochemistry,Proline,5.14,NR,mg g-1 FW,a,Fig. 6D / text p.11,"Text gives precise value 5.14 mg g-1, matches Fig. 6D"
alizaehComparingYieldNutrient2025,alizaehComparingYieldNutrient2025-T1,Soil,biochemistry,Proline,3.7,NR,mg g-1 FW,c,Fig. 6D,Figure-printed value
alizaehComparingYieldNutrient2025,alizaehComparingYieldNutrient2025-T1,Hydroponic,proximate,Protein,2.7,NR,%,b,Fig. 6E / Table 6,"WARN-CHECK: Methods Section 2.2.4 (p.6) states protein 'expressed as mg g-1 leaves fresh weight', but Table 6 header is unit-less and Fig. 6E y-axis reads 'Protein (%)'. Unit ambiguity, no conversion given in paper. Recorded using the % unit shown with the plotted value. See trial's Experimental Remarks and note's Extraction notes for full WARN-CHECK writeup."
alizaehComparingYieldNutrient2025,alizaehComparingYieldNutrient2025-T1,Aquaponic,proximate,Protein,3.9,NR,%,a,Fig. 6E / Table 6,"Same WARN-CHECK unit ambiguity as Hydroponic row (Methods says mg g-1 FW, figure/table say %). Text (p.7): aquaponics protein '45.9 and 71.3%' higher than hydroponics/soil respectively; 3.9/2.7=44.4% and 3.9/2.3=69.6%, both within ~1.5-2 points of stated (rounding, not flagged separately)."
alizaehComparingYieldNutrient2025,alizaehComparingYieldNutrient2025-T1,Soil,proximate,Protein,2.3,NR,%,c,Fig. 6E / Table 6,Same WARN-CHECK unit ambiguity as above
alizaehComparingYieldNutrient2025,alizaehComparingYieldNutrient2025-T1,Hydroponic,mineral,N,3.92,0.08,%,a,Table 8 (p.9),"WARN-MATERIAL: Table 8 prints this cell as '0.08 +/-3.92 a' (mean/SD reversed vs every other cell in the table). Recovered via text cross-check: soil N (2.4) x 1.633 (stated 63.3% increase, p.7-8) = 3.92. Recorded 3.92+/-0.08 (swapped back); original printed order was mean=0.08, SD=3.92. See trial Experimental Remarks for full reasoning."
alizaehComparingYieldNutrient2025,alizaehComparingYieldNutrient2025-T1,Aquaponic,mineral,N,4.08,0.14,%,a,Table 8 (p.9),"Matches text (p.7-8): soil (2.4) x 1.70 (stated 70% increase) = 4.08, exact"
alizaehComparingYieldNutrient2025,alizaehComparingYieldNutrient2025-T1,Soil,mineral,N,2.4,0.17,%,b,Table 8 (p.9),
alizaehComparingYieldNutrient2025,alizaehComparingYieldNutrient2025-T1,Hydroponic,mineral,P,0.62,0.07,mg g-1 DW,c,Table 8 (p.9),"WARN-MATERIAL: Table 8 prints this cell as '0.07 ± 0.62 c' (mean/SD reversed). Recovered via text cross-check: aquaponics P (1.07) / 1.726 (stated 72.6% increase, p.8) = 0.62; 0.62/1.427 also reproduces soil's 0.75 (stated 42.7% increase). Recorded 0.62+/-0.07 (swapped back); original printed order was mean=0.07, SD=0.62."
alizaehComparingYieldNutrient2025,alizaehComparingYieldNutrient2025-T1,Aquaponic,mineral,P,1.07,0.07,mg g-1 DW,a,Table 8 (p.9),"Matches text (p.8): highest P, +72.6% vs hydro, +42.7% vs soil"
alizaehComparingYieldNutrient2025,alizaehComparingYieldNutrient2025-T1,Soil,mineral,P,0.75,0.03,mg g-1 DW,b,Table 8 (p.9),
alizaehComparingYieldNutrient2025,alizaehComparingYieldNutrient2025-T1,Hydroponic,mineral,K,3.28,0.17,mg g-1 DW,ab,Table 8 (p.9),
alizaehComparingYieldNutrient2025,alizaehComparingYieldNutrient2025-T1,Aquaponic,mineral,K,2.88,0.1,mg g-1 DW,b,Table 8 (p.9),
alizaehComparingYieldNutrient2025,alizaehComparingYieldNutrient2025-T1,Soil,mineral,K,3.59,0.12,mg g-1 DW,a,Table 8 (p.9),"Text (p.8): soil highest K, 'no statistical difference (P>0.05)' between the other two (hydro 'ab' overlaps both groups, consistent)"
alizaehComparingYieldNutrient2025,alizaehComparingYieldNutrient2025-T1,Hydroponic,mineral,Ca,0.85,0.02,mg g-1 DW,c,Table 8 (p.9),
alizaehComparingYieldNutrient2025,alizaehComparingYieldNutrient2025-T1,Aquaponic,mineral,Ca,1.24,0.06,mg g-1 DW,b,Table 8 (p.9),
alizaehComparingYieldNutrient2025,alizaehComparingYieldNutrient2025-T1,Soil,mineral,Ca,1.73,0.12,mg g-1 DW,a,Table 8 (p.9),"Text (p.8): soil highest Ca, followed by aquaponics and hydroponics -- matches"
alizaehComparingYieldNutrient2025,alizaehComparingYieldNutrient2025-T1,Hydroponic,mineral,Mg,0.85,0.07,mg g-1 DW,c,Table 8 (p.9),
alizaehComparingYieldNutrient2025,alizaehComparingYieldNutrient2025-T1,Aquaponic,mineral,Mg,1.69,0.1,mg g-1 DW,a,Table 8 (p.9),"Matches text (p.8-9) exactly: (1.69-0.85)/0.85=98.8% vs hydro, (1.69-1.19)/1.19=42.0% vs soil, both exact matches to stated percentages"
alizaehComparingYieldNutrient2025,alizaehComparingYieldNutrient2025-T1,Soil,mineral,Mg,1.19,0.01,mg g-1 DW,b,Table 8 (p.9),
alizaehComparingYieldNutrient2025,alizaehComparingYieldNutrient2025-T1,Hydroponic,mineral,S,1.12,0.04,mg g-1 DW,b,Table 8 (p.9),
alizaehComparingYieldNutrient2025,alizaehComparingYieldNutrient2025-T1,Aquaponic,mineral,S,2.02,0.16,mg g-1 DW,a,Table 8 (p.9),"Text (p.10): aquaponics highest S at 2.02 mg g-1, matches exactly"
alizaehComparingYieldNutrient2025,alizaehComparingYieldNutrient2025-T1,Soil,mineral,S,0.81,0.16,mg g-1 DW,c,Table 8 (p.9),
alizaehComparingYieldNutrient2025,alizaehComparingYieldNutrient2025-T1,Hydroponic,mineral,Zn,0.8,0.07,mg g-1 DW,b,Table 8 (p.9),"WARN-MATERIAL: Table 8 prints this cell in scrambled order '0.07 b ± 0.8' (mean/SD/letter out of the table's normal order). Recovered via text cross-check: text (p.10) states soil has highest Zn 'with no statistical difference (P>0.05) observed between the other two substrates' (hydro/aquaponics) -- aquaponics Zn is 0.85, so hydroponics should be the same order of magnitude (~0.8), not 0.07 (12x smaller, which would contradict 'no statistical difference'). Recorded 0.8+/-0.07 b; original printed order noted here."
alizaehComparingYieldNutrient2025,alizaehComparingYieldNutrient2025-T1,Aquaponic,mineral,Zn,0.85,0.01,mg g-1 DW,b,Table 8 (p.9),
alizaehComparingYieldNutrient2025,alizaehComparingYieldNutrient2025-T1,Soil,mineral,Zn,1.04,0.09,mg g-1 DW,a,Table 8 (p.9),"Text (p.10): soil highest Zn at 1.04 mg g-1, matches exactly"
alizaehComparingYieldNutrient2025,alizaehComparingYieldNutrient2025-T1,Hydroponic,mineral,Fe,0.08,0.001,mg g-1 DW,b,Table 8 (p.9),
alizaehComparingYieldNutrient2025,alizaehComparingYieldNutrient2025-T1,Aquaponic,mineral,Fe,0.09,0.01,mg g-1 DW,b,Table 8 (p.9),
alizaehComparingYieldNutrient2025,alizaehComparingYieldNutrient2025-T1,Soil,mineral,Fe,0.11,0.01,mg g-1 DW,a,Table 8 (p.9),"Text (p.10): soil highest Fe at 0.11 mg g-1, matches exactly"
alizaehComparingYieldNutrient2025,alizaehComparingYieldNutrient2025-T1,Hydroponic,mineral,Na,1.88,0.17,mg g-1 DW,b,Table 8 (p.9),
alizaehComparingYieldNutrient2025,alizaehComparingYieldNutrient2025-T1,Aquaponic,mineral,Na,2.92,0.1,mg g-1 DW,a,Table 8 (p.9),"WARN-MATERIAL: text (p.10) states 'the highest amount of Na (20.92 mg g-1) was measured in the aquaponics', a ~7x discrepancy from Table 8's 2.92+/-0.1, most likely a digit-insertion typo. Table 8 value used (corroborated by its own letter grouping and by being in-range with every other mineral in the table); text's 20.92 noted as apparent typo."
alizaehComparingYieldNutrient2025,alizaehComparingYieldNutrient2025-T1,Soil,mineral,Na,1.69,0.05,mg g-1 DW,b,Table 8 (p.9),
alizaehComparingYieldNutrient2025,alizaehComparingYieldNutrient2025-T1,Hydroponic,mineral,Mn,NR,NR,mg g-1 DW,NR,Section 3.3 (p.10) text only,"WARN-BLOCK: text (p.10) claims 'soil and aquaponics systems increased the concentration of Mn by 69.4 and 53.1%, respectively' vs hydroponics, but Table 8 (p.9) has no Mn row, Table 7's ANOVA (p.9) excludes Mn, and Methods 2.2.6 (p.6) describes no Mn measurement method anywhere in the paper. Cannot be determined -- recorded NR for all three systems. Do not cite this Mn finding from this paper."
alizaehComparingYieldNutrient2025,alizaehComparingYieldNutrient2025-T1,Aquaponic,mineral,Mn,NR,NR,mg g-1 DW,NR,Section 3.3 (p.10) text only,"WARN-BLOCK: see Hydroponic Mn row Notes -- same orphaned claim, no supporting table/method exists"
alizaehComparingYieldNutrient2025,alizaehComparingYieldNutrient2025-T1,Soil,mineral,Mn,NR,NR,mg g-1 DW,NR,Section 3.3 (p.10) text only,"WARN-BLOCK: see Hydroponic Mn row Notes -- same orphaned claim, no supporting table/method exists"
aljenaidNutrientFilmTechnique2026,aljenaidNutrientFilmTechnique2026-T1,AP,biochemistry,Total chlorophyll,0.39,NR,mg/g FW,ns,p.9-10 (Section 3.3.1),"Text states higher in AP, explicitly 'not statistically significant'"
aljenaidNutrientFilmTechnique2026,aljenaidNutrientFilmTechnique2026-T1,HYD,biochemistry,Total chlorophyll,0.28,NR,mg/g FW,ns,p.9-10 (Section 3.3.1),"Text states higher in AP, explicitly 'not statistically significant'"
aljenaidNutrientFilmTechnique2026,aljenaidNutrientFilmTechnique2026-T1,AP,biochemistry,Chlorophyll a,0.29,NR,mg/g FW,NR,p.10 (Section 3.3.1),No significance term given for chlorophyll a specifically
aljenaidNutrientFilmTechnique2026,aljenaidNutrientFilmTechnique2026-T1,HYD,biochemistry,Chlorophyll a,0.24,NR,mg/g FW,NR,p.10 (Section 3.3.1),No significance term given for chlorophyll a specifically
aljenaidNutrientFilmTechnique2026,aljenaidNutrientFilmTechnique2026-T1,AP,biochemistry,Chlorophyll b,0.09,NR,mg/g FW,NR,p.10 (Section 3.3.1),No significance term given for chlorophyll b specifically
aljenaidNutrientFilmTechnique2026,aljenaidNutrientFilmTechnique2026-T1,HYD,biochemistry,Chlorophyll b,0.07,NR,mg/g FW,NR,p.10 (Section 3.3.1),No significance term given for chlorophyll b specifically
aljenaidNutrientFilmTechnique2026,aljenaidNutrientFilmTechnique2026-T1,AP,biochemistry,Carotene,0.45,NR,mg/g FW,NR,p.10 (Section 3.3.1),No significance term given for carotene
aljenaidNutrientFilmTechnique2026,aljenaidNutrientFilmTechnique2026-T1,HYD,biochemistry,Carotene,0.40,NR,mg/g FW,NR,p.10 (Section 3.3.1),No significance term given for carotene
aljenaidNutrientFilmTechnique2026,aljenaidNutrientFilmTechnique2026-T1,AP,biochemistry,Total phenol content,5.38,NR,mg GAEq/g FW,ns,p.10 (Section 3.3.2),"Higher in HYD, explicitly 'not statistically significant'"
aljenaidNutrientFilmTechnique2026,aljenaidNutrientFilmTechnique2026-T1,HYD,biochemistry,Total phenol content,6.28,NR,mg GAEq/g FW,ns,p.10 (Section 3.3.2),"Higher in HYD, explicitly 'not statistically significant'"
aljenaidNutrientFilmTechnique2026,aljenaidNutrientFilmTechnique2026-T1,AP,biochemistry,Antioxidant activity (DPPH),22.97,NR,umol TE/g FW,ns,p.10-11 (Section 3.3.3),"Higher in AP, explicitly 'not statistically significant'; ABTS method described in 2.5.3 but no ABTS values ever reported"
aljenaidNutrientFilmTechnique2026,aljenaidNutrientFilmTechnique2026-T1,HYD,biochemistry,Antioxidant activity (DPPH),20.82,NR,umol TE/g FW,ns,p.10-11 (Section 3.3.3),"Higher in AP, explicitly 'not statistically significant'; ABTS method described in 2.5.3 but no ABTS values ever reported"
aljenaidNutrientFilmTechnique2026,aljenaidNutrientFilmTechnique2026-T1,AP,proximate,Ash,1.67,NR,%,NR,p.11 (Section 3.4),No significance term given
aljenaidNutrientFilmTechnique2026,aljenaidNutrientFilmTechnique2026-T1,HYD,proximate,Ash,1.60,NR,%,NR,p.11 (Section 3.4),No significance term given
aljenaidNutrientFilmTechnique2026,aljenaidNutrientFilmTechnique2026-T1,AP,proximate,Protein,3.10,NR,%,NR,p.11 (Section 3.4),No significance term given; text describes as 'notably higher' in AP
aljenaidNutrientFilmTechnique2026,aljenaidNutrientFilmTechnique2026-T1,HYD,proximate,Protein,2.17,NR,%,NR,p.11 (Section 3.4),No significance term given; text describes as 'notably higher' in AP
aljenaidNutrientFilmTechnique2026,aljenaidNutrientFilmTechnique2026-T1,AP,proximate,Fat,3.80,NR,%,NR,p.11 (Section 3.4),No significance term given
aljenaidNutrientFilmTechnique2026,aljenaidNutrientFilmTechnique2026-T1,HYD,proximate,Fat,3.50,NR,%,NR,p.11 (Section 3.4),No significance term given
aljenaidNutrientFilmTechnique2026,aljenaidNutrientFilmTechnique2026-T1,AP,proximate,Fiber,6.13,NR,%,NR,p.11 (Section 3.4),No significance term given
aljenaidNutrientFilmTechnique2026,aljenaidNutrientFilmTechnique2026-T1,HYD,proximate,Fiber,5.87,NR,%,NR,p.11 (Section 3.4),No significance term given
aljenaidNutrientFilmTechnique2026,aljenaidNutrientFilmTechnique2026-T1,AP,proximate,Moisture,NR,NR,%,NR,p.11 (Section 3.4),"Mentioned qualitatively in the section's topic sentence as one of the parameters that differed between systems, but no numeric value given anywhere for either system"
aljenaidNutrientFilmTechnique2026,aljenaidNutrientFilmTechnique2026-T1,HYD,proximate,Moisture,NR,NR,%,NR,p.11 (Section 3.4),"Mentioned qualitatively in the section's topic sentence as one of the parameters that differed between systems, but no numeric value given anywhere for either system"
aljenaidNutrientFilmTechnique2026,aljenaidNutrientFilmTechnique2026-T1,AP,mineral,Calcium (Ca),16.80,NR,mg/g DW,NR,p.11 (Section 3.5),No significance term given
aljenaidNutrientFilmTechnique2026,aljenaidNutrientFilmTechnique2026-T1,HYD,mineral,Calcium (Ca),13.61,NR,mg/g DW,NR,p.11 (Section 3.5),No significance term given
aljenaidNutrientFilmTechnique2026,aljenaidNutrientFilmTechnique2026-T1,AP,mineral,Magnesium (Mg),5.22,NR,mg/g DW,NR,p.11 (Section 3.5),No significance term given
aljenaidNutrientFilmTechnique2026,aljenaidNutrientFilmTechnique2026-T1,HYD,mineral,Magnesium (Mg),3.68,NR,mg/g DW,NR,p.11 (Section 3.5),No significance term given
aljenaidNutrientFilmTechnique2026,aljenaidNutrientFilmTechnique2026-T1,AP,mineral,Phosphorus (P),7.09,NR,mg/g DW,NR,p.11-12 (Section 3.5),"Results give no significance term; Discussion (p.16, 4.5) calls this 'significantly higher' in AP - inconsistency flagged WARN-MATERIAL in trials.csv remarks, NR kept here since Results (primary data) is silent"
aljenaidNutrientFilmTechnique2026,aljenaidNutrientFilmTechnique2026-T1,HYD,mineral,Phosphorus (P),5.83,NR,mg/g DW,NR,p.11-12 (Section 3.5),"Results give no significance term; Discussion (p.16, 4.5) calls this 'significantly higher' in AP - inconsistency flagged WARN-MATERIAL in trials.csv remarks, NR kept here since Results (primary data) is silent"
aljenaidNutrientFilmTechnique2026,aljenaidNutrientFilmTechnique2026-T1,AP,mineral,Potassium (K),9.22,NR,mg/g DW,significant,p.12 (Section 3.5),Explicitly 'significantly lower' in AP (only mineral with an explicit significance label in Results)
aljenaidNutrientFilmTechnique2026,aljenaidNutrientFilmTechnique2026-T1,HYD,mineral,Potassium (K),23.22,NR,mg/g DW,significant,p.12 (Section 3.5),Explicitly 'significantly lower' in AP (only mineral with an explicit significance label in Results)
aljenaidNutrientFilmTechnique2026,aljenaidNutrientFilmTechnique2026-T1,AP,mineral,Zinc (Zn),10.97,NR,mg/100g DW,NR,p.12 (Section 3.5),No significance term given
aljenaidNutrientFilmTechnique2026,aljenaidNutrientFilmTechnique2026-T1,HYD,mineral,Zinc (Zn),9.56,NR,mg/100g DW,NR,p.12 (Section 3.5),No significance term given
aljenaidNutrientFilmTechnique2026,aljenaidNutrientFilmTechnique2026-T1,AP,mineral,Sodium (Na),137.55,NR,mg/100g DW,NR,p.12 (Section 3.5),"No significance term given; out-of-range relative to other minerals (much higher magnitude), noted by the paper as expected from recirculating fish-waste accumulation"
aljenaidNutrientFilmTechnique2026,aljenaidNutrientFilmTechnique2026-T1,HYD,mineral,Sodium (Na),78,NR,mg/100g DW,NR,p.12 (Section 3.5),No significance term given
aljenaidNutrientFilmTechnique2026,aljenaidNutrientFilmTechnique2026-T1,AP,mineral,Copper (Cu),1.86,NR,mg/100g DW,NR,p.12 (Section 3.5),"No significance term given; value restated identically twice in Discussion p.16 (WARN-MINOR, no discrepancy)"
aljenaidNutrientFilmTechnique2026,aljenaidNutrientFilmTechnique2026-T1,HYD,mineral,Copper (Cu),2.29,NR,mg/100g DW,NR,p.12 (Section 3.5),"No significance term given; value restated identically twice in Discussion p.16 (WARN-MINOR, no discrepancy)"
aljenaidNutrientFilmTechnique2026,aljenaidNutrientFilmTechnique2026-T1,AP,mineral,Iron (Fe),15.8,NR,mg/100g DW,NR,p.12 (Section 3.5),No significance term given; text describes as 'relatively similar' between systems
aljenaidNutrientFilmTechnique2026,aljenaidNutrientFilmTechnique2026-T1,HYD,mineral,Iron (Fe),15,NR,mg/100g DW,NR,p.12 (Section 3.5),No significance term given; text describes as 'relatively similar' between systems
aljenaidNutrientFilmTechnique2026,aljenaidNutrientFilmTechnique2026-T1,AP,mineral,Manganese (Mn),NR,NR,mg/100g DW,NR,p.12 (Section 3.5; Fig 6),"Shown only in Fig 6 bar chart (micronutrient panel); text states only that 'differences in manganese content were minimal', no numeric value given anywhere in text or table - NR per figure rule"
aljenaidNutrientFilmTechnique2026,aljenaidNutrientFilmTechnique2026-T1,HYD,mineral,Manganese (Mn),NR,NR,mg/100g DW,NR,p.12 (Section 3.5; Fig 6),"Shown only in Fig 6 bar chart (micronutrient panel); text states only that 'differences in manganese content were minimal', no numeric value given anywhere in text or table - NR per figure rule"
andersonGrowthTissueElemental2017,andersonGrowthTissueElemental2017-T1,HYD,mineral,Carbon Content,33.5,0.27,%,A,"Table 10, p.13","Reported as SE (standard error), not SD, in Table 10 (p.13); dry weight basis. H5, the paper's primary hydroponic (pH 5.8) control for trial T1."
andersonGrowthTissueElemental2017,andersonGrowthTissueElemental2017-T1,H7,mineral,Carbon Content,33.5,0.46,%,A,"Table 10, p.13","Reported as SE (standard error), not SD, in Table 10 (p.13); dry weight basis. H7 = secondary hydroponic pH 7.0 reference treatment; not represented by its own trials.csv row (see andersonGrowthTissueElemental2017-T1 Experimental Remarks)."
andersonGrowthTissueElemental2017,andersonGrowthTissueElemental2017-T1,AP,mineral,Carbon Content,33.7,0.32,%,A,"Table 10, p.13","Reported as SE (standard error), not SD, in Table 10 (p.13); dry weight basis. A7, the sole aquaponic (pH 7.0) treatment, = trial T1."
andersonGrowthTissueElemental2017,andersonGrowthTissueElemental2017-T1,HYD,mineral,N,5.82,0.05,%,A,"Table 10, p.13","Reported as SE (standard error), not SD, in Table 10 (p.13); dry weight basis. H5, the paper's primary hydroponic (pH 5.8) control for trial T1."
andersonGrowthTissueElemental2017,andersonGrowthTissueElemental2017-T1,H7,mineral,N,5.68,0.09,%,A,"Table 10, p.13","Reported as SE (standard error), not SD, in Table 10 (p.13); dry weight basis. H7 = secondary hydroponic pH 7.0 reference treatment; not represented by its own trials.csv row (see andersonGrowthTissueElemental2017-T1 Experimental Remarks)."
andersonGrowthTissueElemental2017,andersonGrowthTissueElemental2017-T1,AP,mineral,N,5.84,0.06,%,A,"Table 10, p.13","Reported as SE (standard error), not SD, in Table 10 (p.13); dry weight basis. A7, the sole aquaponic (pH 7.0) treatment, = trial T1."
andersonGrowthTissueElemental2017,andersonGrowthTissueElemental2017-T1,HYD,mineral,P,1.03,0.02,%,A,"Table 10, p.13","Reported as SE (standard error), not SD, in Table 10 (p.13); dry weight basis. H5, the paper's primary hydroponic (pH 5.8) control for trial T1."
andersonGrowthTissueElemental2017,andersonGrowthTissueElemental2017-T1,H7,mineral,P,1.11,0.04,%,A,"Table 10, p.13","Reported as SE (standard error), not SD, in Table 10 (p.13); dry weight basis. H7 = secondary hydroponic pH 7.0 reference treatment; not represented by its own trials.csv row (see andersonGrowthTissueElemental2017-T1 Experimental Remarks)."
andersonGrowthTissueElemental2017,andersonGrowthTissueElemental2017-T1,AP,mineral,P,1.04,0.02,%,A,"Table 10, p.13","Reported as SE (standard error), not SD, in Table 10 (p.13); dry weight basis. A7, the sole aquaponic (pH 7.0) treatment, = trial T1."
andersonGrowthTissueElemental2017,andersonGrowthTissueElemental2017-T1,HYD,mineral,K,3.79,0.06,%,A,"Table 10, p.13","Reported as SE (standard error), not SD, in Table 10 (p.13); dry weight basis. H5, the paper's primary hydroponic (pH 5.8) control for trial T1."
andersonGrowthTissueElemental2017,andersonGrowthTissueElemental2017-T1,H7,mineral,K,3.87,0.1,%,A,"Table 10, p.13","Reported as SE (standard error), not SD, in Table 10 (p.13); dry weight basis. H7 = secondary hydroponic pH 7.0 reference treatment; not represented by its own trials.csv row (see andersonGrowthTissueElemental2017-T1 Experimental Remarks)."
andersonGrowthTissueElemental2017,andersonGrowthTissueElemental2017-T1,AP,mineral,K,3.9,0.07,%,A,"Table 10, p.13","Reported as SE (standard error), not SD, in Table 10 (p.13); dry weight basis. A7, the sole aquaponic (pH 7.0) treatment, = trial T1."
andersonGrowthTissueElemental2017,andersonGrowthTissueElemental2017-T1,HYD,mineral,Ca,1.37,0.03,%,A,"Table 10, p.13","Reported as SE (standard error), not SD, in Table 10 (p.13); dry weight basis. H5, the paper's primary hydroponic (pH 5.8) control for trial T1."
andersonGrowthTissueElemental2017,andersonGrowthTissueElemental2017-T1,H7,mineral,Ca,1.33,0.05,%,"A,B","Table 10, p.13","Reported as SE (standard error), not SD, in Table 10 (p.13); dry weight basis. H7 = secondary hydroponic pH 7.0 reference treatment; not represented by its own trials.csv row (see andersonGrowthTissueElemental2017-T1 Experimental Remarks)."
andersonGrowthTissueElemental2017,andersonGrowthTissueElemental2017-T1,AP,mineral,Ca,1.22,0.04,%,B,"Table 10, p.13","Reported as SE (standard error), not SD, in Table 10 (p.13); dry weight basis. A7, the sole aquaponic (pH 7.0) treatment, = trial T1."
andersonGrowthTissueElemental2017,andersonGrowthTissueElemental2017-T1,HYD,mineral,Mg,0.32,0.001,%,A,"Table 10, p.13","Reported as SE (standard error), not SD, in Table 10 (p.13); dry weight basis. H5, the paper's primary hydroponic (pH 5.8) control for trial T1."
andersonGrowthTissueElemental2017,andersonGrowthTissueElemental2017-T1,H7,mineral,Mg,0.36,0.002,%,A,"Table 10, p.13","Reported as SE (standard error), not SD, in Table 10 (p.13); dry weight basis. H7 = secondary hydroponic pH 7.0 reference treatment; not represented by its own trials.csv row (see andersonGrowthTissueElemental2017-T1 Experimental Remarks)."
andersonGrowthTissueElemental2017,andersonGrowthTissueElemental2017-T1,AP,mineral,Mg,0.36,0.001,%,A,"Table 10, p.13","Reported as SE (standard error), not SD, in Table 10 (p.13); dry weight basis. A7, the sole aquaponic (pH 7.0) treatment, = trial T1."
andersonGrowthTissueElemental2017,andersonGrowthTissueElemental2017-T1,HYD,mineral,S,0.25,0.003,%,A,"Table 10, p.13","Reported as SE (standard error), not SD, in Table 10 (p.13); dry weight basis. H5, the paper's primary hydroponic (pH 5.8) control for trial T1."
andersonGrowthTissueElemental2017,andersonGrowthTissueElemental2017-T1,H7,mineral,S,0.24,0.004,%,A,"Table 10, p.13","Reported as SE (standard error), not SD, in Table 10 (p.13); dry weight basis. H7 = secondary hydroponic pH 7.0 reference treatment; not represented by its own trials.csv row (see andersonGrowthTissueElemental2017-T1 Experimental Remarks)."
andersonGrowthTissueElemental2017,andersonGrowthTissueElemental2017-T1,AP,mineral,S,0.25,0.003,%,A,"Table 10, p.13","Reported as SE (standard error), not SD, in Table 10 (p.13); dry weight basis. A7, the sole aquaponic (pH 7.0) treatment, = trial T1."
andersonGrowthTissueElemental2017,andersonGrowthTissueElemental2017-T1,HYD,mineral,Fe,61,1,mg/kg,A,"Table 10, p.13","Reported as SE (standard error), not SD, in Table 10 (p.13); dry weight basis. H5, the paper's primary hydroponic (pH 5.8) control for trial T1."
andersonGrowthTissueElemental2017,andersonGrowthTissueElemental2017-T1,H7,mineral,Fe,60,2,mg/kg,A,"Table 10, p.13","Reported as SE (standard error), not SD, in Table 10 (p.13); dry weight basis. H7 = secondary hydroponic pH 7.0 reference treatment; not represented by its own trials.csv row (see andersonGrowthTissueElemental2017-T1 Experimental Remarks)."
andersonGrowthTissueElemental2017,andersonGrowthTissueElemental2017-T1,AP,mineral,Fe,60,1,mg/kg,A,"Table 10, p.13","Reported as SE (standard error), not SD, in Table 10 (p.13); dry weight basis. A7, the sole aquaponic (pH 7.0) treatment, = trial T1."
andersonGrowthTissueElemental2017,andersonGrowthTissueElemental2017-T1,HYD,mineral,Mn,77,3.2,mg/kg,A,"Table 10, p.13","Reported as SE (standard error), not SD, in Table 10 (p.13); dry weight basis. H5, the paper's primary hydroponic (pH 5.8) control for trial T1."
andersonGrowthTissueElemental2017,andersonGrowthTissueElemental2017-T1,H7,mineral,Mn,65,5.6,mg/kg,A,"Table 10, p.13","Reported as SE (standard error), not SD, in Table 10 (p.13); dry weight basis. H7 = secondary hydroponic pH 7.0 reference treatment; not represented by its own trials.csv row (see andersonGrowthTissueElemental2017-T1 Experimental Remarks)."
andersonGrowthTissueElemental2017,andersonGrowthTissueElemental2017-T1,AP,mineral,Mn,45,3.9,mg/kg,B,"Table 10, p.13","Reported as SE (standard error), not SD, in Table 10 (p.13); dry weight basis. A7, the sole aquaponic (pH 7.0) treatment, = trial T1."
andersonGrowthTissueElemental2017,andersonGrowthTissueElemental2017-T1,HYD,mineral,B,28.0,1.7,mg/kg,A,"Table 10, p.13","Reported as SE (standard error), not SD, in Table 10 (p.13); dry weight basis. H5, the paper's primary hydroponic (pH 5.8) control for trial T1. Boron via dry ash extraction on Trial 3 samples only (Table 10 footnote); hot-plate acid digestion (used for all other elements) underpredicts B due to volatilization (p.9)."
andersonGrowthTissueElemental2017,andersonGrowthTissueElemental2017-T1,H7,mineral,B,38.3,2.9,mg/kg,A,"Table 10, p.13","Reported as SE (standard error), not SD, in Table 10 (p.13); dry weight basis. H7 = secondary hydroponic pH 7.0 reference treatment; not represented by its own trials.csv row (see andersonGrowthTissueElemental2017-T1 Experimental Remarks). Boron via dry ash extraction on Trial 3 samples only (Table 10 footnote); hot-plate acid digestion (used for all other elements) underpredicts B due to volatilization (p.9)."
andersonGrowthTissueElemental2017,andersonGrowthTissueElemental2017-T1,AP,mineral,B,30.6,2.1,mg/kg,A,"Table 10, p.13","Reported as SE (standard error), not SD, in Table 10 (p.13); dry weight basis. A7, the sole aquaponic (pH 7.0) treatment, = trial T1. Boron via dry ash extraction on Trial 3 samples only (Table 10 footnote); hot-plate acid digestion (used for all other elements) underpredicts B due to volatilization (p.9)."
andersonGrowthTissueElemental2017,andersonGrowthTissueElemental2017-T1,HYD,mineral,Cu,7.0,0.6,mg/kg,A,"Table 10, p.13","Reported as SE (standard error), not SD, in Table 10 (p.13); dry weight basis. H5, the paper's primary hydroponic (pH 5.8) control for trial T1."
andersonGrowthTissueElemental2017,andersonGrowthTissueElemental2017-T1,H7,mineral,Cu,9.9,1.0,mg/kg,B,"Table 10, p.13","Reported as SE (standard error), not SD, in Table 10 (p.13); dry weight basis. H7 = secondary hydroponic pH 7.0 reference treatment; not represented by its own trials.csv row (see andersonGrowthTissueElemental2017-T1 Experimental Remarks)."
andersonGrowthTissueElemental2017,andersonGrowthTissueElemental2017-T1,AP,mineral,Cu,10.7,0.7,mg/kg,B,"Table 10, p.13","Reported as SE (standard error), not SD, in Table 10 (p.13); dry weight basis. A7, the sole aquaponic (pH 7.0) treatment, = trial T1."
andersonGrowthTissueElemental2017,andersonGrowthTissueElemental2017-T1,HYD,mineral,Zn,34,2.2,mg/kg,A,"Table 10, p.13","Reported as SE (standard error), not SD, in Table 10 (p.13); dry weight basis. H5, the paper's primary hydroponic (pH 5.8) control for trial T1."
andersonGrowthTissueElemental2017,andersonGrowthTissueElemental2017-T1,H7,mineral,Zn,31,3.9,mg/kg,A,"Table 10, p.13","Reported as SE (standard error), not SD, in Table 10 (p.13); dry weight basis. H7 = secondary hydroponic pH 7.0 reference treatment; not represented by its own trials.csv row (see andersonGrowthTissueElemental2017-T1 Experimental Remarks)."
andersonGrowthTissueElemental2017,andersonGrowthTissueElemental2017-T1,AP,mineral,Zn,64,2.7,mg/kg,B,"Table 10, p.13","Reported as SE (standard error), not SD, in Table 10 (p.13); dry weight basis. A7, the sole aquaponic (pH 7.0) treatment, = trial T1."
andersonGrowthTissueElemental2017,andersonGrowthTissueElemental2017-T1,HYD,mineral,Mo,0.86,0.09,mg/kg,A,"Table 10, p.13","Reported as SE (standard error), not SD, in Table 10 (p.13); dry weight basis. H5, the paper's primary hydroponic (pH 5.8) control for trial T1."
andersonGrowthTissueElemental2017,andersonGrowthTissueElemental2017-T1,H7,mineral,Mo,0.83,0.16,mg/kg,A,"Table 10, p.13","Reported as SE (standard error), not SD, in Table 10 (p.13); dry weight basis. H7 = secondary hydroponic pH 7.0 reference treatment; not represented by its own trials.csv row (see andersonGrowthTissueElemental2017-T1 Experimental Remarks)."
andersonGrowthTissueElemental2017,andersonGrowthTissueElemental2017-T1,AP,mineral,Mo,0.2,0.12,mg/kg,B,"Table 10, p.13","Reported as SE (standard error), not SD, in Table 10 (p.13); dry weight basis. A7, the sole aquaponic (pH 7.0) treatment, = trial T1."
andersonGrowthTissueElemental2017,andersonGrowthTissueElemental2017-T1,HYD,mineral,Na,720,128,mg/kg,A,"Table 10, p.13","Reported as SE (standard error), not SD, in Table 10 (p.13); dry weight basis. H5, the paper's primary hydroponic (pH 5.8) control for trial T1. Attributed by authors (p.15) to ~10x higher Na in the A7 nutrient solution (61 mg/L vs 6-7 mg/L in H5/H7, Table 2), itself attributed to fish feed Na and RAS water recycling/evaporation."
andersonGrowthTissueElemental2017,andersonGrowthTissueElemental2017-T1,H7,mineral,Na,717,222,mg/kg,A,"Table 10, p.13","Reported as SE (standard error), not SD, in Table 10 (p.13); dry weight basis. H7 = secondary hydroponic pH 7.0 reference treatment; not represented by its own trials.csv row (see andersonGrowthTissueElemental2017-T1 Experimental Remarks). Attributed by authors (p.15) to ~10x higher Na in the A7 nutrient solution (61 mg/L vs 6-7 mg/L in H5/H7, Table 2), itself attributed to fish feed Na and RAS water recycling/evaporation."
andersonGrowthTissueElemental2017,andersonGrowthTissueElemental2017-T1,AP,mineral,Na,2027,157,mg/kg,B,"Table 10, p.13","Reported as SE (standard error), not SD, in Table 10 (p.13); dry weight basis. A7, the sole aquaponic (pH 7.0) treatment, = trial T1. Attributed by authors (p.15) to ~10x higher Na in the A7 nutrient solution (61 mg/L vs 6-7 mg/L in H5/H7, Table 2), itself attributed to fish feed Na and RAS water recycling/evaporation."
andersonGrowthTissueElemental2017,andersonGrowthTissueElemental2017-T1,HYD,mineral,Al,15,1,mg/kg,A,"Table 10, p.13","Reported as SE (standard error), not SD, in Table 10 (p.13); dry weight basis. H5, the paper's primary hydroponic (pH 5.8) control for trial T1."
andersonGrowthTissueElemental2017,andersonGrowthTissueElemental2017-T1,H7,mineral,Al,13,1,mg/kg,A,"Table 10, p.13","Reported as SE (standard error), not SD, in Table 10 (p.13); dry weight basis. H7 = secondary hydroponic pH 7.0 reference treatment; not represented by its own trials.csv row (see andersonGrowthTissueElemental2017-T1 Experimental Remarks)."
andersonGrowthTissueElemental2017,andersonGrowthTissueElemental2017-T1,AP,mineral,Al,14,1,mg/kg,A,"Table 10, p.13","Reported as SE (standard error), not SD, in Table 10 (p.13); dry weight basis. A7, the sole aquaponic (pH 7.0) treatment, = trial T1."
andersonGrowthTissueElemental2017,andersonGrowthTissueElemental2017-T1,HYD,mineral,Ni,0.06,0.03,mg/kg,A,"Table 10, p.13","Reported as SE (standard error), not SD, in Table 10 (p.13); dry weight basis. H5, the paper's primary hydroponic (pH 5.8) control for trial T1."
andersonGrowthTissueElemental2017,andersonGrowthTissueElemental2017-T1,H7,mineral,Ni,0.03,0.05,mg/kg,A,"Table 10, p.13","Reported as SE (standard error), not SD, in Table 10 (p.13); dry weight basis. H7 = secondary hydroponic pH 7.0 reference treatment; not represented by its own trials.csv row (see andersonGrowthTissueElemental2017-T1 Experimental Remarks)."
andersonGrowthTissueElemental2017,andersonGrowthTissueElemental2017-T1,AP,mineral,Ni,0.09,0.04,mg/kg,A,"Table 10, p.13","Reported as SE (standard error), not SD, in Table 10 (p.13); dry weight basis. A7, the sole aquaponic (pH 7.0) treatment, = trial T1."
andersonGrowthTissueElemental2017,andersonGrowthTissueElemental2017-T1,HYD,mineral,Si,28.3,0.4,mg/kg,A,"Table 10, p.13","Reported as SE (standard error), not SD, in Table 10 (p.13); dry weight basis. H5, the paper's primary hydroponic (pH 5.8) control for trial T1. Nutrient-solution Si was an order of magnitude higher in A7 (1.27-1.55 mg/L) than H5/H7 (0.05-0.30 mg/L) yet tissue Si did not differ (p.16)."
andersonGrowthTissueElemental2017,andersonGrowthTissueElemental2017-T1,H7,mineral,Si,27.3,0.7,mg/kg,A,"Table 10, p.13","Reported as SE (standard error), not SD, in Table 10 (p.13); dry weight basis. H7 = secondary hydroponic pH 7.0 reference treatment; not represented by its own trials.csv row (see andersonGrowthTissueElemental2017-T1 Experimental Remarks). Nutrient-solution Si was an order of magnitude higher in A7 (1.27-1.55 mg/L) than H5/H7 (0.05-0.30 mg/L) yet tissue Si did not differ (p.16)."
andersonGrowthTissueElemental2017,andersonGrowthTissueElemental2017-T1,AP,mineral,Si,28.2,0.5,mg/kg,A,"Table 10, p.13","Reported as SE (standard error), not SD, in Table 10 (p.13); dry weight basis. A7, the sole aquaponic (pH 7.0) treatment, = trial T1. Nutrient-solution Si was an order of magnitude higher in A7 (1.27-1.55 mg/L) than H5/H7 (0.05-0.30 mg/L) yet tissue Si did not differ (p.16)."
andersonGrowthTissueElemental2017,andersonGrowthTissueElemental2017-T1,HYD,mineral,Pb,1.4,0.5,mg/kg,A,"Table 10, p.13","Reported as SE (standard error), not SD, in Table 10 (p.13); dry weight basis. H5, the paper's primary hydroponic (pH 5.8) control for trial T1."
andersonGrowthTissueElemental2017,andersonGrowthTissueElemental2017-T1,H7,mineral,Pb,0.7,0.9,mg/kg,A,"Table 10, p.13","Reported as SE (standard error), not SD, in Table 10 (p.13); dry weight basis. H7 = secondary hydroponic pH 7.0 reference treatment; not represented by its own trials.csv row (see andersonGrowthTissueElemental2017-T1 Experimental Remarks)."
andersonGrowthTissueElemental2017,andersonGrowthTissueElemental2017-T1,AP,mineral,Pb,0.8,0.6,mg/kg,A,"Table 10, p.13","Reported as SE (standard error), not SD, in Table 10 (p.13); dry weight basis. A7, the sole aquaponic (pH 7.0) treatment, = trial T1."
andersonGrowthTissueElemental2017,andersonGrowthTissueElemental2017-T1,HYD,mineral,"St (Sr, presumed Strontium)",94,2,mg/kg,A,"Table 10, p.13","Reported as SE (standard error), not SD, in Table 10 (p.13); dry weight basis. H5, the paper's primary hydroponic (pH 5.8) control for trial T1. Labeled 'St' in Table 10 and Table 2; Table 1 (feed analysis) labels the apparently same element 'Sr' - paper's own labeling is inconsistent, see WARN-MINOR in trials.csv remarks."
andersonGrowthTissueElemental2017,andersonGrowthTissueElemental2017-T1,H7,mineral,"St (Sr, presumed Strontium)",98,3,mg/kg,A,"Table 10, p.13","Reported as SE (standard error), not SD, in Table 10 (p.13); dry weight basis. H7 = secondary hydroponic pH 7.0 reference treatment; not represented by its own trials.csv row (see andersonGrowthTissueElemental2017-T1 Experimental Remarks). Labeled 'St' in Table 10 and Table 2; Table 1 (feed analysis) labels the apparently same element 'Sr' - paper's own labeling is inconsistent, see WARN-MINOR in trials.csv remarks."
andersonGrowthTissueElemental2017,andersonGrowthTissueElemental2017-T1,AP,mineral,"St (Sr, presumed Strontium)",75,2,mg/kg,B,"Table 10, p.13","Reported as SE (standard error), not SD, in Table 10 (p.13); dry weight basis. A7, the sole aquaponic (pH 7.0) treatment, = trial T1. Labeled 'St' in Table 10 and Table 2; Table 1 (feed analysis) labels the apparently same element 'Sr' - paper's own labeling is inconsistent, see WARN-MINOR in trials.csv remarks."
andersonGrowthTissueElemental2017,andersonGrowthTissueElemental2017-T1,HYD,mineral,As,0.36,0.02,mg/kg,A,"Table 10, p.13","Reported as SE (standard error), not SD, in Table 10 (p.13); dry weight basis. H5, the paper's primary hydroponic (pH 5.8) control for trial T1."
andersonGrowthTissueElemental2017,andersonGrowthTissueElemental2017-T1,H7,mineral,As,0.35,0.03,mg/kg,A,"Table 10, p.13","Reported as SE (standard error), not SD, in Table 10 (p.13); dry weight basis. H7 = secondary hydroponic pH 7.0 reference treatment; not represented by its own trials.csv row (see andersonGrowthTissueElemental2017-T1 Experimental Remarks)."
andersonGrowthTissueElemental2017,andersonGrowthTissueElemental2017-T1,AP,mineral,As,0.35,0.02,mg/kg,A,"Table 10, p.13","Reported as SE (standard error), not SD, in Table 10 (p.13); dry weight basis. A7, the sole aquaponic (pH 7.0) treatment, = trial T1."
andersonGrowthTissueElemental2017,andersonGrowthTissueElemental2017-T1,HYD,mineral,Ba,1.2,0.1,mg/kg,A,"Table 10, p.13","Reported as SE (standard error), not SD, in Table 10 (p.13); dry weight basis. H5, the paper's primary hydroponic (pH 5.8) control for trial T1."
andersonGrowthTissueElemental2017,andersonGrowthTissueElemental2017-T1,H7,mineral,Ba,1.0,0.2,mg/kg,A,"Table 10, p.13","Reported as SE (standard error), not SD, in Table 10 (p.13); dry weight basis. H7 = secondary hydroponic pH 7.0 reference treatment; not represented by its own trials.csv row (see andersonGrowthTissueElemental2017-T1 Experimental Remarks)."
andersonGrowthTissueElemental2017,andersonGrowthTissueElemental2017-T1,AP,mineral,Ba,3.0,0.2,mg/kg,B,"Table 10, p.13","Reported as SE (standard error), not SD, in Table 10 (p.13); dry weight basis. A7, the sole aquaponic (pH 7.0) treatment, = trial T1."
andersonGrowthTissueElemental2017,andersonGrowthTissueElemental2017-T1,HYD,mineral,Cd,0.13,0.0,mg/kg,A,"Table 10, p.13","Reported as SE (standard error), not SD, in Table 10 (p.13); dry weight basis. H5, the paper's primary hydroponic (pH 5.8) control for trial T1."
andersonGrowthTissueElemental2017,andersonGrowthTissueElemental2017-T1,H7,mineral,Cd,0.12,0.01,mg/kg,A,"Table 10, p.13","Reported as SE (standard error), not SD, in Table 10 (p.13); dry weight basis. H7 = secondary hydroponic pH 7.0 reference treatment; not represented by its own trials.csv row (see andersonGrowthTissueElemental2017-T1 Experimental Remarks)."
andersonGrowthTissueElemental2017,andersonGrowthTissueElemental2017-T1,AP,mineral,Cd,0.13,0.0,mg/kg,A,"Table 10, p.13","Reported as SE (standard error), not SD, in Table 10 (p.13); dry weight basis. A7, the sole aquaponic (pH 7.0) treatment, = trial T1."
andersonGrowthTissueElemental2017,andersonGrowthTissueElemental2017-T1,HYD,mineral,Co,11,1,ug/kg,A,"Table 10, p.13","Reported as SE (standard error), not SD, in Table 10 (p.13); dry weight basis. H5, the paper's primary hydroponic (pH 5.8) control for trial T1."
andersonGrowthTissueElemental2017,andersonGrowthTissueElemental2017-T1,H7,mineral,Co,10,2,ug/kg,A,"Table 10, p.13","Reported as SE (standard error), not SD, in Table 10 (p.13); dry weight basis. H7 = secondary hydroponic pH 7.0 reference treatment; not represented by its own trials.csv row (see andersonGrowthTissueElemental2017-T1 Experimental Remarks)."
andersonGrowthTissueElemental2017,andersonGrowthTissueElemental2017-T1,AP,mineral,Co,12,1,ug/kg,A,"Table 10, p.13","Reported as SE (standard error), not SD, in Table 10 (p.13); dry weight basis. A7, the sole aquaponic (pH 7.0) treatment, = trial T1."
andersonGrowthTissueElemental2017,andersonGrowthTissueElemental2017-T1,HYD,mineral,Cr,0.26,0.03,mg/kg,A,"Table 10, p.13","Reported as SE (standard error), not SD, in Table 10 (p.13); dry weight basis. H5, the paper's primary hydroponic (pH 5.8) control for trial T1."
andersonGrowthTissueElemental2017,andersonGrowthTissueElemental2017-T1,H7,mineral,Cr,0.31,0.05,mg/kg,A,"Table 10, p.13","Reported as SE (standard error), not SD, in Table 10 (p.13); dry weight basis. H7 = secondary hydroponic pH 7.0 reference treatment; not represented by its own trials.csv row (see andersonGrowthTissueElemental2017-T1 Experimental Remarks)."
andersonGrowthTissueElemental2017,andersonGrowthTissueElemental2017-T1,AP,mineral,Cr,0.31,0.04,mg/kg,A,"Table 10, p.13","Reported as SE (standard error), not SD, in Table 10 (p.13); dry weight basis. A7, the sole aquaponic (pH 7.0) treatment, = trial T1."
armentabojorquezPacificWhiteShrimp2021,armentabojorquezPacificWhiteShrimp2021-T1,HYD,mineral,Total N,3.8,0.37,%,"letter ab (Tukey, compared across all stages/salinities within this column, p<0.05); salinity x age interaction p=0.028 (Table 2)","Table 2, p.7","Phenological stage: Flowering. SD = pooled standard deviation (PSD) for this analyte's column, Table 2 (p.7), applied uniformly to all salinity/stage cells (paper does not give per-cell SD). SNS control, shared identically across T1/T2/T3."
armentabojorquezPacificWhiteShrimp2021,armentabojorquezPacificWhiteShrimp2021-T2,HYD,mineral,Total N,3.8,0.37,%,"letter ab (Tukey, compared across all stages/salinities within this column, p<0.05); salinity x age interaction p=0.028 (Table 2)","Table 2, p.7","Phenological stage: Flowering. SD = pooled standard deviation (PSD) for this analyte's column, Table 2 (p.7), applied uniformly to all salinity/stage cells (paper does not give per-cell SD). SNS control, shared identically across T1/T2/T3."
armentabojorquezPacificWhiteShrimp2021,armentabojorquezPacificWhiteShrimp2021-T3,HYD,mineral,Total N,3.8,0.37,%,"letter ab (Tukey, compared across all stages/salinities within this column, p<0.05); salinity x age interaction p=0.028 (Table 2)","Table 2, p.7","Phenological stage: Flowering. SD = pooled standard deviation (PSD) for this analyte's column, Table 2 (p.7), applied uniformly to all salinity/stage cells (paper does not give per-cell SD). SNS control, shared identically across T1/T2/T3."
armentabojorquezPacificWhiteShrimp2021,armentabojorquezPacificWhiteShrimp2021-T1,HYD,mineral,P,1.6,0.14,%,"letter a (Tukey, compared across all stages/salinities within this column, p<0.05); salinity x age interaction p=0.338 (Table 2); age-significant p<0.05 (table footnote **, applies to this whole column per Results 3.3 text: 'Foliar determinations of P and Cu were only significantly different in plants of different age'; K per text 'increased during the fruit development stage without apparent effect from salinity')","Table 2, p.7","Phenological stage: Flowering. SD = pooled standard deviation (PSD) for this analyte's column, Table 2 (p.7), applied uniformly to all salinity/stage cells (paper does not give per-cell SD). SNS control, shared identically across T1/T2/T3."
armentabojorquezPacificWhiteShrimp2021,armentabojorquezPacificWhiteShrimp2021-T2,HYD,mineral,P,1.6,0.14,%,"letter a (Tukey, compared across all stages/salinities within this column, p<0.05); salinity x age interaction p=0.338 (Table 2); age-significant p<0.05 (table footnote **, applies to this whole column per Results 3.3 text: 'Foliar determinations of P and Cu were only significantly different in plants of different age'; K per text 'increased during the fruit development stage without apparent effect from salinity')","Table 2, p.7","Phenological stage: Flowering. SD = pooled standard deviation (PSD) for this analyte's column, Table 2 (p.7), applied uniformly to all salinity/stage cells (paper does not give per-cell SD). SNS control, shared identically across T1/T2/T3."
armentabojorquezPacificWhiteShrimp2021,armentabojorquezPacificWhiteShrimp2021-T3,HYD,mineral,P,1.6,0.14,%,"letter a (Tukey, compared across all stages/salinities within this column, p<0.05); salinity x age interaction p=0.338 (Table 2); age-significant p<0.05 (table footnote **, applies to this whole column per Results 3.3 text: 'Foliar determinations of P and Cu were only significantly different in plants of different age'; K per text 'increased during the fruit development stage without apparent effect from salinity')","Table 2, p.7","Phenological stage: Flowering. SD = pooled standard deviation (PSD) for this analyte's column, Table 2 (p.7), applied uniformly to all salinity/stage cells (paper does not give per-cell SD). SNS control, shared identically across T1/T2/T3."
armentabojorquezPacificWhiteShrimp2021,armentabojorquezPacificWhiteShrimp2021-T1,HYD,mineral,K,1.7,0.20,%,"letter a (Tukey, compared across all stages/salinities within this column, p<0.05); salinity x age interaction p=0.146 (Table 2); age-significant p<0.05 (table footnote **, applies to this whole column per Results 3.3 text: 'Foliar determinations of P and Cu were only significantly different in plants of different age'; K per text 'increased during the fruit development stage without apparent effect from salinity')","Table 2, p.7","Phenological stage: Flowering. SD = pooled standard deviation (PSD) for this analyte's column, Table 2 (p.7), applied uniformly to all salinity/stage cells (paper does not give per-cell SD). SNS control, shared identically across T1/T2/T3."
armentabojorquezPacificWhiteShrimp2021,armentabojorquezPacificWhiteShrimp2021-T2,HYD,mineral,K,1.7,0.20,%,"letter a (Tukey, compared across all stages/salinities within this column, p<0.05); salinity x age interaction p=0.146 (Table 2); age-significant p<0.05 (table footnote **, applies to this whole column per Results 3.3 text: 'Foliar determinations of P and Cu were only significantly different in plants of different age'; K per text 'increased during the fruit development stage without apparent effect from salinity')","Table 2, p.7","Phenological stage: Flowering. SD = pooled standard deviation (PSD) for this analyte's column, Table 2 (p.7), applied uniformly to all salinity/stage cells (paper does not give per-cell SD). SNS control, shared identically across T1/T2/T3."
armentabojorquezPacificWhiteShrimp2021,armentabojorquezPacificWhiteShrimp2021-T3,HYD,mineral,K,1.7,0.20,%,"letter a (Tukey, compared across all stages/salinities within this column, p<0.05); salinity x age interaction p=0.146 (Table 2); age-significant p<0.05 (table footnote **, applies to this whole column per Results 3.3 text: 'Foliar determinations of P and Cu were only significantly different in plants of different age'; K per text 'increased during the fruit development stage without apparent effect from salinity')","Table 2, p.7","Phenological stage: Flowering. SD = pooled standard deviation (PSD) for this analyte's column, Table 2 (p.7), applied uniformly to all salinity/stage cells (paper does not give per-cell SD). SNS control, shared identically across T1/T2/T3."
armentabojorquezPacificWhiteShrimp2021,armentabojorquezPacificWhiteShrimp2021-T1,HYD,mineral,Ca,1.2,0.06,%,"letter ef (Tukey, compared across all stages/salinities within this column, p<0.05); salinity x age interaction p=0.003 (Table 2)","Table 2, p.7","Phenological stage: Flowering. SD = pooled standard deviation (PSD) for this analyte's column, Table 2 (p.7), applied uniformly to all salinity/stage cells (paper does not give per-cell SD). SNS control, shared identically across T1/T2/T3."
armentabojorquezPacificWhiteShrimp2021,armentabojorquezPacificWhiteShrimp2021-T2,HYD,mineral,Ca,1.2,0.06,%,"letter ef (Tukey, compared across all stages/salinities within this column, p<0.05); salinity x age interaction p=0.003 (Table 2)","Table 2, p.7","Phenological stage: Flowering. SD = pooled standard deviation (PSD) for this analyte's column, Table 2 (p.7), applied uniformly to all salinity/stage cells (paper does not give per-cell SD). SNS control, shared identically across T1/T2/T3."
armentabojorquezPacificWhiteShrimp2021,armentabojorquezPacificWhiteShrimp2021-T3,HYD,mineral,Ca,1.2,0.06,%,"letter ef (Tukey, compared across all stages/salinities within this column, p<0.05); salinity x age interaction p=0.003 (Table 2)","Table 2, p.7","Phenological stage: Flowering. SD = pooled standard deviation (PSD) for this analyte's column, Table 2 (p.7), applied uniformly to all salinity/stage cells (paper does not give per-cell SD). SNS control, shared identically across T1/T2/T3."
armentabojorquezPacificWhiteShrimp2021,armentabojorquezPacificWhiteShrimp2021-T1,HYD,mineral,Mg,0.53,0.04,%,"letter abc (Tukey, compared across all stages/salinities within this column, p<0.05); salinity x age interaction p=0.001 (Table 2)","Table 2, p.7","Phenological stage: Flowering. SD = pooled standard deviation (PSD) for this analyte's column, Table 2 (p.7), applied uniformly to all salinity/stage cells (paper does not give per-cell SD). SNS control, shared identically across T1/T2/T3."
armentabojorquezPacificWhiteShrimp2021,armentabojorquezPacificWhiteShrimp2021-T2,HYD,mineral,Mg,0.53,0.04,%,"letter abc (Tukey, compared across all stages/salinities within this column, p<0.05); salinity x age interaction p=0.001 (Table 2)","Table 2, p.7","Phenological stage: Flowering. SD = pooled standard deviation (PSD) for this analyte's column, Table 2 (p.7), applied uniformly to all salinity/stage cells (paper does not give per-cell SD). SNS control, shared identically across T1/T2/T3."
armentabojorquezPacificWhiteShrimp2021,armentabojorquezPacificWhiteShrimp2021-T3,HYD,mineral,Mg,0.53,0.04,%,"letter abc (Tukey, compared across all stages/salinities within this column, p<0.05); salinity x age interaction p=0.001 (Table 2)","Table 2, p.7","Phenological stage: Flowering. SD = pooled standard deviation (PSD) for this analyte's column, Table 2 (p.7), applied uniformly to all salinity/stage cells (paper does not give per-cell SD). SNS control, shared identically across T1/T2/T3."
armentabojorquezPacificWhiteShrimp2021,armentabojorquezPacificWhiteShrimp2021-T1,HYD,mineral,Fe,99.2,3.47,mg/kg,"letter abc (Tukey, compared across all stages/salinities within this column, p<0.05); salinity x age interaction p=0.003 (Table 2)","Table 2, p.7","Phenological stage: Flowering. SD = pooled standard deviation (PSD) for this analyte's column, Table 2 (p.7), applied uniformly to all salinity/stage cells (paper does not give per-cell SD). SNS control, shared identically across T1/T2/T3."
armentabojorquezPacificWhiteShrimp2021,armentabojorquezPacificWhiteShrimp2021-T2,HYD,mineral,Fe,99.2,3.47,mg/kg,"letter abc (Tukey, compared across all stages/salinities within this column, p<0.05); salinity x age interaction p=0.003 (Table 2)","Table 2, p.7","Phenological stage: Flowering. SD = pooled standard deviation (PSD) for this analyte's column, Table 2 (p.7), applied uniformly to all salinity/stage cells (paper does not give per-cell SD). SNS control, shared identically across T1/T2/T3."
armentabojorquezPacificWhiteShrimp2021,armentabojorquezPacificWhiteShrimp2021-T3,HYD,mineral,Fe,99.2,3.47,mg/kg,"letter abc (Tukey, compared across all stages/salinities within this column, p<0.05); salinity x age interaction p=0.003 (Table 2)","Table 2, p.7","Phenological stage: Flowering. SD = pooled standard deviation (PSD) for this analyte's column, Table 2 (p.7), applied uniformly to all salinity/stage cells (paper does not give per-cell SD). SNS control, shared identically across T1/T2/T3."
armentabojorquezPacificWhiteShrimp2021,armentabojorquezPacificWhiteShrimp2021-T1,HYD,mineral,Cu,50.7,4.93,mg/kg,"letter a (Tukey, compared across all stages/salinities within this column, p<0.05); salinity x age interaction p=0.106 (Table 2); age-significant p<0.05 (table footnote **, applies to this whole column per Results 3.3 text: 'Foliar determinations of P and Cu were only significantly different in plants of different age'; K per text 'increased during the fruit development stage without apparent effect from salinity')","Table 2, p.7","Phenological stage: Flowering. SD = pooled standard deviation (PSD) for this analyte's column, Table 2 (p.7), applied uniformly to all salinity/stage cells (paper does not give per-cell SD). SNS control, shared identically across T1/T2/T3."
armentabojorquezPacificWhiteShrimp2021,armentabojorquezPacificWhiteShrimp2021-T2,HYD,mineral,Cu,50.7,4.93,mg/kg,"letter a (Tukey, compared across all stages/salinities within this column, p<0.05); salinity x age interaction p=0.106 (Table 2); age-significant p<0.05 (table footnote **, applies to this whole column per Results 3.3 text: 'Foliar determinations of P and Cu were only significantly different in plants of different age'; K per text 'increased during the fruit development stage without apparent effect from salinity')","Table 2, p.7","Phenological stage: Flowering. SD = pooled standard deviation (PSD) for this analyte's column, Table 2 (p.7), applied uniformly to all salinity/stage cells (paper does not give per-cell SD). SNS control, shared identically across T1/T2/T3."
armentabojorquezPacificWhiteShrimp2021,armentabojorquezPacificWhiteShrimp2021-T3,HYD,mineral,Cu,50.7,4.93,mg/kg,"letter a (Tukey, compared across all stages/salinities within this column, p<0.05); salinity x age interaction p=0.106 (Table 2); age-significant p<0.05 (table footnote **, applies to this whole column per Results 3.3 text: 'Foliar determinations of P and Cu were only significantly different in plants of different age'; K per text 'increased during the fruit development stage without apparent effect from salinity')","Table 2, p.7","Phenological stage: Flowering. SD = pooled standard deviation (PSD) for this analyte's column, Table 2 (p.7), applied uniformly to all salinity/stage cells (paper does not give per-cell SD). SNS control, shared identically across T1/T2/T3."
armentabojorquezPacificWhiteShrimp2021,armentabojorquezPacificWhiteShrimp2021-T1,HYD,mineral,Zn,70.3,2.76,mg/kg,"letter bc (Tukey, compared across all stages/salinities within this column, p<0.05); salinity x age interaction p=0.001 (Table 2)","Table 2, p.7","Phenological stage: Flowering. SD = pooled standard deviation (PSD) for this analyte's column, Table 2 (p.7), applied uniformly to all salinity/stage cells (paper does not give per-cell SD). SNS control, shared identically across T1/T2/T3."
armentabojorquezPacificWhiteShrimp2021,armentabojorquezPacificWhiteShrimp2021-T2,HYD,mineral,Zn,70.3,2.76,mg/kg,"letter bc (Tukey, compared across all stages/salinities within this column, p<0.05); salinity x age interaction p=0.001 (Table 2)","Table 2, p.7","Phenological stage: Flowering. SD = pooled standard deviation (PSD) for this analyte's column, Table 2 (p.7), applied uniformly to all salinity/stage cells (paper does not give per-cell SD). SNS control, shared identically across T1/T2/T3."
armentabojorquezPacificWhiteShrimp2021,armentabojorquezPacificWhiteShrimp2021-T3,HYD,mineral,Zn,70.3,2.76,mg/kg,"letter bc (Tukey, compared across all stages/salinities within this column, p<0.05); salinity x age interaction p=0.001 (Table 2)","Table 2, p.7","Phenological stage: Flowering. SD = pooled standard deviation (PSD) for this analyte's column, Table 2 (p.7), applied uniformly to all salinity/stage cells (paper does not give per-cell SD). SNS control, shared identically across T1/T2/T3."
armentabojorquezPacificWhiteShrimp2021,armentabojorquezPacificWhiteShrimp2021-T1,HYD,mineral,Mn,63.1,9.01,mg/kg,"letter a (Tukey, compared across all stages/salinities within this column, p<0.05); salinity x age interaction p=0.050 (Table 2)","Table 2, p.7","Phenological stage: Flowering. SD = pooled standard deviation (PSD) for this analyte's column, Table 2 (p.7), applied uniformly to all salinity/stage cells (paper does not give per-cell SD). SNS control, shared identically across T1/T2/T3."
armentabojorquezPacificWhiteShrimp2021,armentabojorquezPacificWhiteShrimp2021-T2,HYD,mineral,Mn,63.1,9.01,mg/kg,"letter a (Tukey, compared across all stages/salinities within this column, p<0.05); salinity x age interaction p=0.050 (Table 2)","Table 2, p.7","Phenological stage: Flowering. SD = pooled standard deviation (PSD) for this analyte's column, Table 2 (p.7), applied uniformly to all salinity/stage cells (paper does not give per-cell SD). SNS control, shared identically across T1/T2/T3."
armentabojorquezPacificWhiteShrimp2021,armentabojorquezPacificWhiteShrimp2021-T3,HYD,mineral,Mn,63.1,9.01,mg/kg,"letter a (Tukey, compared across all stages/salinities within this column, p<0.05); salinity x age interaction p=0.050 (Table 2)","Table 2, p.7","Phenological stage: Flowering. SD = pooled standard deviation (PSD) for this analyte's column, Table 2 (p.7), applied uniformly to all salinity/stage cells (paper does not give per-cell SD). SNS control, shared identically across T1/T2/T3."
armentabojorquezPacificWhiteShrimp2021,armentabojorquezPacificWhiteShrimp2021-T1,AP,mineral,Total N,3.9,0.37,%,"letter a (Tukey, compared across all stages/salinities within this column, p<0.05); salinity x age interaction p=0.028 (Table 2)","Table 2, p.7","Phenological stage: Flowering. SD = pooled standard deviation (PSD) for this analyte's column, Table 2 (p.7), applied uniformly to all salinity/stage cells (paper does not give per-cell SD)."
armentabojorquezPacificWhiteShrimp2021,armentabojorquezPacificWhiteShrimp2021-T1,AP,mineral,P,1.8,0.14,%,"letter a (Tukey, compared across all stages/salinities within this column, p<0.05); salinity x age interaction p=0.338 (Table 2); age-significant p<0.05 (table footnote **, applies to this whole column per Results 3.3 text: 'Foliar determinations of P and Cu were only significantly different in plants of different age'; K per text 'increased during the fruit development stage without apparent effect from salinity')","Table 2, p.7","Phenological stage: Flowering. SD = pooled standard deviation (PSD) for this analyte's column, Table 2 (p.7), applied uniformly to all salinity/stage cells (paper does not give per-cell SD)."
armentabojorquezPacificWhiteShrimp2021,armentabojorquezPacificWhiteShrimp2021-T1,AP,mineral,K,1.5,0.20,%,"letter a (Tukey, compared across all stages/salinities within this column, p<0.05); salinity x age interaction p=0.146 (Table 2); age-significant p<0.05 (table footnote **, applies to this whole column per Results 3.3 text: 'Foliar determinations of P and Cu were only significantly different in plants of different age'; K per text 'increased during the fruit development stage without apparent effect from salinity')","Table 2, p.7","Phenological stage: Flowering. SD = pooled standard deviation (PSD) for this analyte's column, Table 2 (p.7), applied uniformly to all salinity/stage cells (paper does not give per-cell SD)."
armentabojorquezPacificWhiteShrimp2021,armentabojorquezPacificWhiteShrimp2021-T1,AP,mineral,Ca,1.1,0.06,%,"letter f (Tukey, compared across all stages/salinities within this column, p<0.05); salinity x age interaction p=0.003 (Table 2)","Table 2, p.7","Phenological stage: Flowering. SD = pooled standard deviation (PSD) for this analyte's column, Table 2 (p.7), applied uniformly to all salinity/stage cells (paper does not give per-cell SD)."
armentabojorquezPacificWhiteShrimp2021,armentabojorquezPacificWhiteShrimp2021-T1,AP,mineral,Mg,0.53,0.04,%,"letter ab (Tukey, compared across all stages/salinities within this column, p<0.05); salinity x age interaction p=0.001 (Table 2)","Table 2, p.7","Phenological stage: Flowering. SD = pooled standard deviation (PSD) for this analyte's column, Table 2 (p.7), applied uniformly to all salinity/stage cells (paper does not give per-cell SD)."
armentabojorquezPacificWhiteShrimp2021,armentabojorquezPacificWhiteShrimp2021-T1,AP,mineral,Fe,98.1,3.47,mg/kg,"letter a (Tukey, compared across all stages/salinities within this column, p<0.05); salinity x age interaction p=0.003 (Table 2)","Table 2, p.7","Phenological stage: Flowering. SD = pooled standard deviation (PSD) for this analyte's column, Table 2 (p.7), applied uniformly to all salinity/stage cells (paper does not give per-cell SD)."
armentabojorquezPacificWhiteShrimp2021,armentabojorquezPacificWhiteShrimp2021-T1,AP,mineral,Cu,50.7,4.93,mg/kg,"letter a (Tukey, compared across all stages/salinities within this column, p<0.05); salinity x age interaction p=0.106 (Table 2); age-significant p<0.05 (table footnote **, applies to this whole column per Results 3.3 text: 'Foliar determinations of P and Cu were only significantly different in plants of different age'; K per text 'increased during the fruit development stage without apparent effect from salinity')","Table 2, p.7","Phenological stage: Flowering. SD = pooled standard deviation (PSD) for this analyte's column, Table 2 (p.7), applied uniformly to all salinity/stage cells (paper does not give per-cell SD)."
armentabojorquezPacificWhiteShrimp2021,armentabojorquezPacificWhiteShrimp2021-T1,AP,mineral,Zn,70.1,2.76,mg/kg,"letter e (Tukey, compared across all stages/salinities within this column, p<0.05); salinity x age interaction p=0.001 (Table 2)","Table 2, p.7","Phenological stage: Flowering. SD = pooled standard deviation (PSD) for this analyte's column, Table 2 (p.7), applied uniformly to all salinity/stage cells (paper does not give per-cell SD)."
armentabojorquezPacificWhiteShrimp2021,armentabojorquezPacificWhiteShrimp2021-T1,AP,mineral,Mn,63.7,9.01,mg/kg,"letter ab (Tukey, compared across all stages/salinities within this column, p<0.05); salinity x age interaction p=0.050 (Table 2)","Table 2, p.7","Phenological stage: Flowering. SD = pooled standard deviation (PSD) for this analyte's column, Table 2 (p.7), applied uniformly to all salinity/stage cells (paper does not give per-cell SD)."
armentabojorquezPacificWhiteShrimp2021,armentabojorquezPacificWhiteShrimp2021-T2,AP,mineral,Total N,3.7,0.37,%,"letter abc (Tukey, compared across all stages/salinities within this column, p<0.05); salinity x age interaction p=0.028 (Table 2)","Table 2, p.7","Phenological stage: Flowering. SD = pooled standard deviation (PSD) for this analyte's column, Table 2 (p.7), applied uniformly to all salinity/stage cells (paper does not give per-cell SD)."
armentabojorquezPacificWhiteShrimp2021,armentabojorquezPacificWhiteShrimp2021-T2,AP,mineral,P,1.6,0.14,%,"letter a (Tukey, compared across all stages/salinities within this column, p<0.05); salinity x age interaction p=0.338 (Table 2); age-significant p<0.05 (table footnote **, applies to this whole column per Results 3.3 text: 'Foliar determinations of P and Cu were only significantly different in plants of different age'; K per text 'increased during the fruit development stage without apparent effect from salinity')","Table 2, p.7","Phenological stage: Flowering. SD = pooled standard deviation (PSD) for this analyte's column, Table 2 (p.7), applied uniformly to all salinity/stage cells (paper does not give per-cell SD)."
armentabojorquezPacificWhiteShrimp2021,armentabojorquezPacificWhiteShrimp2021-T2,AP,mineral,K,1.8,0.20,%,"letter a (Tukey, compared across all stages/salinities within this column, p<0.05); salinity x age interaction p=0.146 (Table 2); age-significant p<0.05 (table footnote **, applies to this whole column per Results 3.3 text: 'Foliar determinations of P and Cu were only significantly different in plants of different age'; K per text 'increased during the fruit development stage without apparent effect from salinity')","Table 2, p.7","Phenological stage: Flowering. SD = pooled standard deviation (PSD) for this analyte's column, Table 2 (p.7), applied uniformly to all salinity/stage cells (paper does not give per-cell SD)."
armentabojorquezPacificWhiteShrimp2021,armentabojorquezPacificWhiteShrimp2021-T2,AP,mineral,Ca,1.2,0.06,%,"letter ef (Tukey, compared across all stages/salinities within this column, p<0.05); salinity x age interaction p=0.003 (Table 2)","Table 2, p.7","Phenological stage: Flowering. SD = pooled standard deviation (PSD) for this analyte's column, Table 2 (p.7), applied uniformly to all salinity/stage cells (paper does not give per-cell SD)."
armentabojorquezPacificWhiteShrimp2021,armentabojorquezPacificWhiteShrimp2021-T2,AP,mineral,Mg,0.51,0.04,%,"letter abc (Tukey, compared across all stages/salinities within this column, p<0.05); salinity x age interaction p=0.001 (Table 2)","Table 2, p.7","Phenological stage: Flowering. SD = pooled standard deviation (PSD) for this analyte's column, Table 2 (p.7), applied uniformly to all salinity/stage cells (paper does not give per-cell SD)."
armentabojorquezPacificWhiteShrimp2021,armentabojorquezPacificWhiteShrimp2021-T2,AP,mineral,Fe,95.3,3.47,mg/kg,"letter ab (Tukey, compared across all stages/salinities within this column, p<0.05); salinity x age interaction p=0.003 (Table 2)","Table 2, p.7","Phenological stage: Flowering. SD = pooled standard deviation (PSD) for this analyte's column, Table 2 (p.7), applied uniformly to all salinity/stage cells (paper does not give per-cell SD)."
armentabojorquezPacificWhiteShrimp2021,armentabojorquezPacificWhiteShrimp2021-T2,AP,mineral,Cu,51.1,4.93,mg/kg,"letter a (Tukey, compared across all stages/salinities within this column, p<0.05); salinity x age interaction p=0.106 (Table 2); age-significant p<0.05 (table footnote **, applies to this whole column per Results 3.3 text: 'Foliar determinations of P and Cu were only significantly different in plants of different age'; K per text 'increased during the fruit development stage without apparent effect from salinity')","Table 2, p.7","Phenological stage: Flowering. SD = pooled standard deviation (PSD) for this analyte's column, Table 2 (p.7), applied uniformly to all salinity/stage cells (paper does not give per-cell SD)."
armentabojorquezPacificWhiteShrimp2021,armentabojorquezPacificWhiteShrimp2021-T2,AP,mineral,Zn,84.3,2.76,mg/kg,"letter cd (Tukey, compared across all stages/salinities within this column, p<0.05); salinity x age interaction p=0.001 (Table 2)","Table 2, p.7","Phenological stage: Flowering. SD = pooled standard deviation (PSD) for this analyte's column, Table 2 (p.7), applied uniformly to all salinity/stage cells (paper does not give per-cell SD)."
armentabojorquezPacificWhiteShrimp2021,armentabojorquezPacificWhiteShrimp2021-T2,AP,mineral,Mn,65.7,9.01,mg/kg,"letter a (Tukey, compared across all stages/salinities within this column, p<0.05); salinity x age interaction p=0.050 (Table 2)","Table 2, p.7","Phenological stage: Flowering. SD = pooled standard deviation (PSD) for this analyte's column, Table 2 (p.7), applied uniformly to all salinity/stage cells (paper does not give per-cell SD)."
armentabojorquezPacificWhiteShrimp2021,armentabojorquezPacificWhiteShrimp2021-T3,AP,mineral,Total N,2.5,0.37,%,"letter c (Tukey, compared across all stages/salinities within this column, p<0.05); salinity x age interaction p=0.028 (Table 2)","Table 2, p.7","Phenological stage: Flowering. SD = pooled standard deviation (PSD) for this analyte's column, Table 2 (p.7), applied uniformly to all salinity/stage cells (paper does not give per-cell SD)."
armentabojorquezPacificWhiteShrimp2021,armentabojorquezPacificWhiteShrimp2021-T3,AP,mineral,P,1.7,0.14,%,"letter a (Tukey, compared across all stages/salinities within this column, p<0.05); salinity x age interaction p=0.338 (Table 2); age-significant p<0.05 (table footnote **, applies to this whole column per Results 3.3 text: 'Foliar determinations of P and Cu were only significantly different in plants of different age'; K per text 'increased during the fruit development stage without apparent effect from salinity')","Table 2, p.7","Phenological stage: Flowering. SD = pooled standard deviation (PSD) for this analyte's column, Table 2 (p.7), applied uniformly to all salinity/stage cells (paper does not give per-cell SD)."
armentabojorquezPacificWhiteShrimp2021,armentabojorquezPacificWhiteShrimp2021-T3,AP,mineral,K,1.6,0.20,%,"letter a (Tukey, compared across all stages/salinities within this column, p<0.05); salinity x age interaction p=0.146 (Table 2); age-significant p<0.05 (table footnote **, applies to this whole column per Results 3.3 text: 'Foliar determinations of P and Cu were only significantly different in plants of different age'; K per text 'increased during the fruit development stage without apparent effect from salinity')","Table 2, p.7","Phenological stage: Flowering. SD = pooled standard deviation (PSD) for this analyte's column, Table 2 (p.7), applied uniformly to all salinity/stage cells (paper does not give per-cell SD)."
armentabojorquezPacificWhiteShrimp2021,armentabojorquezPacificWhiteShrimp2021-T3,AP,mineral,Ca,1.2,0.06,%,"letter ef (Tukey, compared across all stages/salinities within this column, p<0.05); salinity x age interaction p=0.003 (Table 2)","Table 2, p.7","Phenological stage: Flowering. SD = pooled standard deviation (PSD) for this analyte's column, Table 2 (p.7), applied uniformly to all salinity/stage cells (paper does not give per-cell SD)."
armentabojorquezPacificWhiteShrimp2021,armentabojorquezPacificWhiteShrimp2021-T3,AP,mineral,Mg,0.48,0.04,%,"letter bcd (Tukey, compared across all stages/salinities within this column, p<0.05); salinity x age interaction p=0.001 (Table 2)","Table 2, p.7","Phenological stage: Flowering. SD = pooled standard deviation (PSD) for this analyte's column, Table 2 (p.7), applied uniformly to all salinity/stage cells (paper does not give per-cell SD)."
armentabojorquezPacificWhiteShrimp2021,armentabojorquezPacificWhiteShrimp2021-T3,AP,mineral,Fe,88.3,3.47,mg/kg,"letter abc (Tukey, compared across all stages/salinities within this column, p<0.05); salinity x age interaction p=0.003 (Table 2)","Table 2, p.7","Phenological stage: Flowering. SD = pooled standard deviation (PSD) for this analyte's column, Table 2 (p.7), applied uniformly to all salinity/stage cells (paper does not give per-cell SD)."
armentabojorquezPacificWhiteShrimp2021,armentabojorquezPacificWhiteShrimp2021-T3,AP,mineral,Cu,53.7,4.93,mg/kg,"letter a (Tukey, compared across all stages/salinities within this column, p<0.05); salinity x age interaction p=0.106 (Table 2); age-significant p<0.05 (table footnote **, applies to this whole column per Results 3.3 text: 'Foliar determinations of P and Cu were only significantly different in plants of different age'; K per text 'increased during the fruit development stage without apparent effect from salinity')","Table 2, p.7","Phenological stage: Flowering. SD = pooled standard deviation (PSD) for this analyte's column, Table 2 (p.7), applied uniformly to all salinity/stage cells (paper does not give per-cell SD)."
armentabojorquezPacificWhiteShrimp2021,armentabojorquezPacificWhiteShrimp2021-T3,AP,mineral,Zn,78.3,2.76,mg/kg,"letter d (Tukey, compared across all stages/salinities within this column, p<0.05); salinity x age interaction p=0.001 (Table 2)","Table 2, p.7","Phenological stage: Flowering. SD = pooled standard deviation (PSD) for this analyte's column, Table 2 (p.7), applied uniformly to all salinity/stage cells (paper does not give per-cell SD)."
armentabojorquezPacificWhiteShrimp2021,armentabojorquezPacificWhiteShrimp2021-T3,AP,mineral,Mn,64.1,9.01,mg/kg,"letter ab (Tukey, compared across all stages/salinities within this column, p<0.05); salinity x age interaction p=0.050 (Table 2)","Table 2, p.7","Phenological stage: Flowering. SD = pooled standard deviation (PSD) for this analyte's column, Table 2 (p.7), applied uniformly to all salinity/stage cells (paper does not give per-cell SD)."
armentabojorquezPacificWhiteShrimp2021,armentabojorquezPacificWhiteShrimp2021-T1,HYD,mineral,Total N,2.8,0.37,%,"letter bc (Tukey, compared across all stages/salinities within this column, p<0.05); salinity x age interaction p=0.028 (Table 2)","Table 2, p.7","Phenological stage: Fruiting. SD = pooled standard deviation (PSD) for this analyte's column, Table 2 (p.7), applied uniformly to all salinity/stage cells (paper does not give per-cell SD). SNS control, shared identically across T1/T2/T3."
armentabojorquezPacificWhiteShrimp2021,armentabojorquezPacificWhiteShrimp2021-T2,HYD,mineral,Total N,2.8,0.37,%,"letter bc (Tukey, compared across all stages/salinities within this column, p<0.05); salinity x age interaction p=0.028 (Table 2)","Table 2, p.7","Phenological stage: Fruiting. SD = pooled standard deviation (PSD) for this analyte's column, Table 2 (p.7), applied uniformly to all salinity/stage cells (paper does not give per-cell SD). SNS control, shared identically across T1/T2/T3."
armentabojorquezPacificWhiteShrimp2021,armentabojorquezPacificWhiteShrimp2021-T3,HYD,mineral,Total N,2.8,0.37,%,"letter bc (Tukey, compared across all stages/salinities within this column, p<0.05); salinity x age interaction p=0.028 (Table 2)","Table 2, p.7","Phenological stage: Fruiting. SD = pooled standard deviation (PSD) for this analyte's column, Table 2 (p.7), applied uniformly to all salinity/stage cells (paper does not give per-cell SD). SNS control, shared identically across T1/T2/T3."
armentabojorquezPacificWhiteShrimp2021,armentabojorquezPacificWhiteShrimp2021-T1,HYD,mineral,P,1.2,0.14,%,"letter b (Tukey, compared across all stages/salinities within this column, p<0.05); salinity x age interaction p=0.338 (Table 2); age-significant p<0.05 (table footnote **, applies to this whole column per Results 3.3 text: 'Foliar determinations of P and Cu were only significantly different in plants of different age'; K per text 'increased during the fruit development stage without apparent effect from salinity')","Table 2, p.7","Phenological stage: Fruiting. SD = pooled standard deviation (PSD) for this analyte's column, Table 2 (p.7), applied uniformly to all salinity/stage cells (paper does not give per-cell SD). SNS control, shared identically across T1/T2/T3."
armentabojorquezPacificWhiteShrimp2021,armentabojorquezPacificWhiteShrimp2021-T2,HYD,mineral,P,1.2,0.14,%,"letter b (Tukey, compared across all stages/salinities within this column, p<0.05); salinity x age interaction p=0.338 (Table 2); age-significant p<0.05 (table footnote **, applies to this whole column per Results 3.3 text: 'Foliar determinations of P and Cu were only significantly different in plants of different age'; K per text 'increased during the fruit development stage without apparent effect from salinity')","Table 2, p.7","Phenological stage: Fruiting. SD = pooled standard deviation (PSD) for this analyte's column, Table 2 (p.7), applied uniformly to all salinity/stage cells (paper does not give per-cell SD). SNS control, shared identically across T1/T2/T3."
armentabojorquezPacificWhiteShrimp2021,armentabojorquezPacificWhiteShrimp2021-T3,HYD,mineral,P,1.2,0.14,%,"letter b (Tukey, compared across all stages/salinities within this column, p<0.05); salinity x age interaction p=0.338 (Table 2); age-significant p<0.05 (table footnote **, applies to this whole column per Results 3.3 text: 'Foliar determinations of P and Cu were only significantly different in plants of different age'; K per text 'increased during the fruit development stage without apparent effect from salinity')","Table 2, p.7","Phenological stage: Fruiting. SD = pooled standard deviation (PSD) for this analyte's column, Table 2 (p.7), applied uniformly to all salinity/stage cells (paper does not give per-cell SD). SNS control, shared identically across T1/T2/T3."
armentabojorquezPacificWhiteShrimp2021,armentabojorquezPacificWhiteShrimp2021-T1,HYD,mineral,K,2.1,0.20,%,"letter b (Tukey, compared across all stages/salinities within this column, p<0.05); salinity x age interaction p=0.146 (Table 2); age-significant p<0.05 (table footnote **, applies to this whole column per Results 3.3 text: 'Foliar determinations of P and Cu were only significantly different in plants of different age'; K per text 'increased during the fruit development stage without apparent effect from salinity')","Table 2, p.7","Phenological stage: Fruiting. SD = pooled standard deviation (PSD) for this analyte's column, Table 2 (p.7), applied uniformly to all salinity/stage cells (paper does not give per-cell SD). SNS control, shared identically across T1/T2/T3."
armentabojorquezPacificWhiteShrimp2021,armentabojorquezPacificWhiteShrimp2021-T2,HYD,mineral,K,2.1,0.20,%,"letter b (Tukey, compared across all stages/salinities within this column, p<0.05); salinity x age interaction p=0.146 (Table 2); age-significant p<0.05 (table footnote **, applies to this whole column per Results 3.3 text: 'Foliar determinations of P and Cu were only significantly different in plants of different age'; K per text 'increased during the fruit development stage without apparent effect from salinity')","Table 2, p.7","Phenological stage: Fruiting. SD = pooled standard deviation (PSD) for this analyte's column, Table 2 (p.7), applied uniformly to all salinity/stage cells (paper does not give per-cell SD). SNS control, shared identically across T1/T2/T3."
armentabojorquezPacificWhiteShrimp2021,armentabojorquezPacificWhiteShrimp2021-T3,HYD,mineral,K,2.1,0.20,%,"letter b (Tukey, compared across all stages/salinities within this column, p<0.05); salinity x age interaction p=0.146 (Table 2); age-significant p<0.05 (table footnote **, applies to this whole column per Results 3.3 text: 'Foliar determinations of P and Cu were only significantly different in plants of different age'; K per text 'increased during the fruit development stage without apparent effect from salinity')","Table 2, p.7","Phenological stage: Fruiting. SD = pooled standard deviation (PSD) for this analyte's column, Table 2 (p.7), applied uniformly to all salinity/stage cells (paper does not give per-cell SD). SNS control, shared identically across T1/T2/T3."
armentabojorquezPacificWhiteShrimp2021,armentabojorquezPacificWhiteShrimp2021-T1,HYD,mineral,Ca,1.5,0.06,%,"letter cd (Tukey, compared across all stages/salinities within this column, p<0.05); salinity x age interaction p=0.003 (Table 2)","Table 2, p.7","Phenological stage: Fruiting. SD = pooled standard deviation (PSD) for this analyte's column, Table 2 (p.7), applied uniformly to all salinity/stage cells (paper does not give per-cell SD). SNS control, shared identically across T1/T2/T3."
armentabojorquezPacificWhiteShrimp2021,armentabojorquezPacificWhiteShrimp2021-T2,HYD,mineral,Ca,1.5,0.06,%,"letter cd (Tukey, compared across all stages/salinities within this column, p<0.05); salinity x age interaction p=0.003 (Table 2)","Table 2, p.7","Phenological stage: Fruiting. SD = pooled standard deviation (PSD) for this analyte's column, Table 2 (p.7), applied uniformly to all salinity/stage cells (paper does not give per-cell SD). SNS control, shared identically across T1/T2/T3."
armentabojorquezPacificWhiteShrimp2021,armentabojorquezPacificWhiteShrimp2021-T3,HYD,mineral,Ca,1.5,0.06,%,"letter cd (Tukey, compared across all stages/salinities within this column, p<0.05); salinity x age interaction p=0.003 (Table 2)","Table 2, p.7","Phenological stage: Fruiting. SD = pooled standard deviation (PSD) for this analyte's column, Table 2 (p.7), applied uniformly to all salinity/stage cells (paper does not give per-cell SD). SNS control, shared identically across T1/T2/T3."
armentabojorquezPacificWhiteShrimp2021,armentabojorquezPacificWhiteShrimp2021-T1,HYD,mineral,Mg,0.39,0.04,%,"letter def (Tukey, compared across all stages/salinities within this column, p<0.05); salinity x age interaction p=0.001 (Table 2)","Table 2, p.7","Phenological stage: Fruiting. SD = pooled standard deviation (PSD) for this analyte's column, Table 2 (p.7), applied uniformly to all salinity/stage cells (paper does not give per-cell SD). SNS control, shared identically across T1/T2/T3."
armentabojorquezPacificWhiteShrimp2021,armentabojorquezPacificWhiteShrimp2021-T2,HYD,mineral,Mg,0.39,0.04,%,"letter def (Tukey, compared across all stages/salinities within this column, p<0.05); salinity x age interaction p=0.001 (Table 2)","Table 2, p.7","Phenological stage: Fruiting. SD = pooled standard deviation (PSD) for this analyte's column, Table 2 (p.7), applied uniformly to all salinity/stage cells (paper does not give per-cell SD). SNS control, shared identically across T1/T2/T3."
armentabojorquezPacificWhiteShrimp2021,armentabojorquezPacificWhiteShrimp2021-T3,HYD,mineral,Mg,0.39,0.04,%,"letter def (Tukey, compared across all stages/salinities within this column, p<0.05); salinity x age interaction p=0.001 (Table 2)","Table 2, p.7","Phenological stage: Fruiting. SD = pooled standard deviation (PSD) for this analyte's column, Table 2 (p.7), applied uniformly to all salinity/stage cells (paper does not give per-cell SD). SNS control, shared identically across T1/T2/T3."
armentabojorquezPacificWhiteShrimp2021,armentabojorquezPacificWhiteShrimp2021-T1,HYD,mineral,Fe,92.2,3.47,mg/kg,"letter bc (Tukey, compared across all stages/salinities within this column, p<0.05); salinity x age interaction p=0.003 (Table 2)","Table 2, p.7","Phenological stage: Fruiting. SD = pooled standard deviation (PSD) for this analyte's column, Table 2 (p.7), applied uniformly to all salinity/stage cells (paper does not give per-cell SD). SNS control, shared identically across T1/T2/T3."
armentabojorquezPacificWhiteShrimp2021,armentabojorquezPacificWhiteShrimp2021-T2,HYD,mineral,Fe,92.2,3.47,mg/kg,"letter bc (Tukey, compared across all stages/salinities within this column, p<0.05); salinity x age interaction p=0.003 (Table 2)","Table 2, p.7","Phenological stage: Fruiting. SD = pooled standard deviation (PSD) for this analyte's column, Table 2 (p.7), applied uniformly to all salinity/stage cells (paper does not give per-cell SD). SNS control, shared identically across T1/T2/T3."
armentabojorquezPacificWhiteShrimp2021,armentabojorquezPacificWhiteShrimp2021-T3,HYD,mineral,Fe,92.2,3.47,mg/kg,"letter bc (Tukey, compared across all stages/salinities within this column, p<0.05); salinity x age interaction p=0.003 (Table 2)","Table 2, p.7","Phenological stage: Fruiting. SD = pooled standard deviation (PSD) for this analyte's column, Table 2 (p.7), applied uniformly to all salinity/stage cells (paper does not give per-cell SD). SNS control, shared identically across T1/T2/T3."
armentabojorquezPacificWhiteShrimp2021,armentabojorquezPacificWhiteShrimp2021-T1,HYD,mineral,Cu,62.1,4.93,mg/kg,"letter b (Tukey, compared across all stages/salinities within this column, p<0.05); salinity x age interaction p=0.106 (Table 2); age-significant p<0.05 (table footnote **, applies to this whole column per Results 3.3 text: 'Foliar determinations of P and Cu were only significantly different in plants of different age'; K per text 'increased during the fruit development stage without apparent effect from salinity')","Table 2, p.7","Phenological stage: Fruiting. SD = pooled standard deviation (PSD) for this analyte's column, Table 2 (p.7), applied uniformly to all salinity/stage cells (paper does not give per-cell SD). SNS control, shared identically across T1/T2/T3."
armentabojorquezPacificWhiteShrimp2021,armentabojorquezPacificWhiteShrimp2021-T2,HYD,mineral,Cu,62.1,4.93,mg/kg,"letter b (Tukey, compared across all stages/salinities within this column, p<0.05); salinity x age interaction p=0.106 (Table 2); age-significant p<0.05 (table footnote **, applies to this whole column per Results 3.3 text: 'Foliar determinations of P and Cu were only significantly different in plants of different age'; K per text 'increased during the fruit development stage without apparent effect from salinity')","Table 2, p.7","Phenological stage: Fruiting. SD = pooled standard deviation (PSD) for this analyte's column, Table 2 (p.7), applied uniformly to all salinity/stage cells (paper does not give per-cell SD). SNS control, shared identically across T1/T2/T3."
armentabojorquezPacificWhiteShrimp2021,armentabojorquezPacificWhiteShrimp2021-T3,HYD,mineral,Cu,62.1,4.93,mg/kg,"letter b (Tukey, compared across all stages/salinities within this column, p<0.05); salinity x age interaction p=0.106 (Table 2); age-significant p<0.05 (table footnote **, applies to this whole column per Results 3.3 text: 'Foliar determinations of P and Cu were only significantly different in plants of different age'; K per text 'increased during the fruit development stage without apparent effect from salinity')","Table 2, p.7","Phenological stage: Fruiting. SD = pooled standard deviation (PSD) for this analyte's column, Table 2 (p.7), applied uniformly to all salinity/stage cells (paper does not give per-cell SD). SNS control, shared identically across T1/T2/T3."
armentabojorquezPacificWhiteShrimp2021,armentabojorquezPacificWhiteShrimp2021-T1,HYD,mineral,Zn,95.8,2.76,mg/kg,"letter abc (Tukey, compared across all stages/salinities within this column, p<0.05); salinity x age interaction p=0.001 (Table 2)","Table 2, p.7","Phenological stage: Fruiting. SD = pooled standard deviation (PSD) for this analyte's column, Table 2 (p.7), applied uniformly to all salinity/stage cells (paper does not give per-cell SD). SNS control, shared identically across T1/T2/T3."
armentabojorquezPacificWhiteShrimp2021,armentabojorquezPacificWhiteShrimp2021-T2,HYD,mineral,Zn,95.8,2.76,mg/kg,"letter abc (Tukey, compared across all stages/salinities within this column, p<0.05); salinity x age interaction p=0.001 (Table 2)","Table 2, p.7","Phenological stage: Fruiting. SD = pooled standard deviation (PSD) for this analyte's column, Table 2 (p.7), applied uniformly to all salinity/stage cells (paper does not give per-cell SD). SNS control, shared identically across T1/T2/T3."
armentabojorquezPacificWhiteShrimp2021,armentabojorquezPacificWhiteShrimp2021-T3,HYD,mineral,Zn,95.8,2.76,mg/kg,"letter abc (Tukey, compared across all stages/salinities within this column, p<0.05); salinity x age interaction p=0.001 (Table 2)","Table 2, p.7","Phenological stage: Fruiting. SD = pooled standard deviation (PSD) for this analyte's column, Table 2 (p.7), applied uniformly to all salinity/stage cells (paper does not give per-cell SD). SNS control, shared identically across T1/T2/T3."
armentabojorquezPacificWhiteShrimp2021,armentabojorquezPacificWhiteShrimp2021-T1,HYD,mineral,Mn,49.5,9.01,mg/kg,"letter b (Tukey, compared across all stages/salinities within this column, p<0.05); salinity x age interaction p=0.050 (Table 2)","Table 2, p.7","Phenological stage: Fruiting. SD = pooled standard deviation (PSD) for this analyte's column, Table 2 (p.7), applied uniformly to all salinity/stage cells (paper does not give per-cell SD). SNS control, shared identically across T1/T2/T3."
armentabojorquezPacificWhiteShrimp2021,armentabojorquezPacificWhiteShrimp2021-T2,HYD,mineral,Mn,49.5,9.01,mg/kg,"letter b (Tukey, compared across all stages/salinities within this column, p<0.05); salinity x age interaction p=0.050 (Table 2)","Table 2, p.7","Phenological stage: Fruiting. SD = pooled standard deviation (PSD) for this analyte's column, Table 2 (p.7), applied uniformly to all salinity/stage cells (paper does not give per-cell SD). SNS control, shared identically across T1/T2/T3."
armentabojorquezPacificWhiteShrimp2021,armentabojorquezPacificWhiteShrimp2021-T3,HYD,mineral,Mn,49.5,9.01,mg/kg,"letter b (Tukey, compared across all stages/salinities within this column, p<0.05); salinity x age interaction p=0.050 (Table 2)","Table 2, p.7","Phenological stage: Fruiting. SD = pooled standard deviation (PSD) for this analyte's column, Table 2 (p.7), applied uniformly to all salinity/stage cells (paper does not give per-cell SD). SNS control, shared identically across T1/T2/T3."
armentabojorquezPacificWhiteShrimp2021,armentabojorquezPacificWhiteShrimp2021-T1,AP,mineral,Total N,2.9,0.37,%,"letter bc (Tukey, compared across all stages/salinities within this column, p<0.05); salinity x age interaction p=0.028 (Table 2)","Table 2, p.7","Phenological stage: Fruiting. SD = pooled standard deviation (PSD) for this analyte's column, Table 2 (p.7), applied uniformly to all salinity/stage cells (paper does not give per-cell SD)."
armentabojorquezPacificWhiteShrimp2021,armentabojorquezPacificWhiteShrimp2021-T1,AP,mineral,P,1.4,0.14,%,"letter b (Tukey, compared across all stages/salinities within this column, p<0.05); salinity x age interaction p=0.338 (Table 2); age-significant p<0.05 (table footnote **, applies to this whole column per Results 3.3 text: 'Foliar determinations of P and Cu were only significantly different in plants of different age'; K per text 'increased during the fruit development stage without apparent effect from salinity')","Table 2, p.7","Phenological stage: Fruiting. SD = pooled standard deviation (PSD) for this analyte's column, Table 2 (p.7), applied uniformly to all salinity/stage cells (paper does not give per-cell SD)."
armentabojorquezPacificWhiteShrimp2021,armentabojorquezPacificWhiteShrimp2021-T1,AP,mineral,K,2.1,0.20,%,"letter b (Tukey, compared across all stages/salinities within this column, p<0.05); salinity x age interaction p=0.146 (Table 2); age-significant p<0.05 (table footnote **, applies to this whole column per Results 3.3 text: 'Foliar determinations of P and Cu were only significantly different in plants of different age'; K per text 'increased during the fruit development stage without apparent effect from salinity')","Table 2, p.7","Phenological stage: Fruiting. SD = pooled standard deviation (PSD) for this analyte's column, Table 2 (p.7), applied uniformly to all salinity/stage cells (paper does not give per-cell SD)."
armentabojorquezPacificWhiteShrimp2021,armentabojorquezPacificWhiteShrimp2021-T1,AP,mineral,Ca,1.3,0.06,%,"letter de (Tukey, compared across all stages/salinities within this column, p<0.05); salinity x age interaction p=0.003 (Table 2)","Table 2, p.7","Phenological stage: Fruiting. SD = pooled standard deviation (PSD) for this analyte's column, Table 2 (p.7), applied uniformly to all salinity/stage cells (paper does not give per-cell SD)."
armentabojorquezPacificWhiteShrimp2021,armentabojorquezPacificWhiteShrimp2021-T1,AP,mineral,Mg,0.42,0.04,%,"letter cdef (Tukey, compared across all stages/salinities within this column, p<0.05); salinity x age interaction p=0.001 (Table 2)","Table 2, p.7","Phenological stage: Fruiting. SD = pooled standard deviation (PSD) for this analyte's column, Table 2 (p.7), applied uniformly to all salinity/stage cells (paper does not give per-cell SD)."
armentabojorquezPacificWhiteShrimp2021,armentabojorquezPacificWhiteShrimp2021-T1,AP,mineral,Fe,93.3,3.47,mg/kg,"letter abc (Tukey, compared across all stages/salinities within this column, p<0.05); salinity x age interaction p=0.003 (Table 2)","Table 2, p.7","Phenological stage: Fruiting. SD = pooled standard deviation (PSD) for this analyte's column, Table 2 (p.7), applied uniformly to all salinity/stage cells (paper does not give per-cell SD)."
armentabojorquezPacificWhiteShrimp2021,armentabojorquezPacificWhiteShrimp2021-T1,AP,mineral,Cu,51.7,4.93,mg/kg,"letter b (Tukey, compared across all stages/salinities within this column, p<0.05); salinity x age interaction p=0.106 (Table 2); age-significant p<0.05 (table footnote **, applies to this whole column per Results 3.3 text: 'Foliar determinations of P and Cu were only significantly different in plants of different age'; K per text 'increased during the fruit development stage without apparent effect from salinity')","Table 2, p.7","Phenological stage: Fruiting. SD = pooled standard deviation (PSD) for this analyte's column, Table 2 (p.7), applied uniformly to all salinity/stage cells (paper does not give per-cell SD)."
armentabojorquezPacificWhiteShrimp2021,armentabojorquezPacificWhiteShrimp2021-T1,AP,mineral,Zn,96.6,2.76,mg/kg,"letter ab (Tukey, compared across all stages/salinities within this column, p<0.05); salinity x age interaction p=0.001 (Table 2)","Table 2, p.7","Phenological stage: Fruiting. SD = pooled standard deviation (PSD) for this analyte's column, Table 2 (p.7), applied uniformly to all salinity/stage cells (paper does not give per-cell SD)."
armentabojorquezPacificWhiteShrimp2021,armentabojorquezPacificWhiteShrimp2021-T1,AP,mineral,Mn,68.3,9.01,mg/kg,"letter a (Tukey, compared across all stages/salinities within this column, p<0.05); salinity x age interaction p=0.050 (Table 2)","Table 2, p.7","Phenological stage: Fruiting. SD = pooled standard deviation (PSD) for this analyte's column, Table 2 (p.7), applied uniformly to all salinity/stage cells (paper does not give per-cell SD)."
armentabojorquezPacificWhiteShrimp2021,armentabojorquezPacificWhiteShrimp2021-T2,AP,mineral,Total N,2.4,0.37,%,"letter c (Tukey, compared across all stages/salinities within this column, p<0.05); salinity x age interaction p=0.028 (Table 2)","Table 2, p.7","Phenological stage: Fruiting. SD = pooled standard deviation (PSD) for this analyte's column, Table 2 (p.7), applied uniformly to all salinity/stage cells (paper does not give per-cell SD)."
armentabojorquezPacificWhiteShrimp2021,armentabojorquezPacificWhiteShrimp2021-T2,AP,mineral,P,1.3,0.14,%,"letter b (Tukey, compared across all stages/salinities within this column, p<0.05); salinity x age interaction p=0.338 (Table 2); age-significant p<0.05 (table footnote **, applies to this whole column per Results 3.3 text: 'Foliar determinations of P and Cu were only significantly different in plants of different age'; K per text 'increased during the fruit development stage without apparent effect from salinity')","Table 2, p.7","Phenological stage: Fruiting. SD = pooled standard deviation (PSD) for this analyte's column, Table 2 (p.7), applied uniformly to all salinity/stage cells (paper does not give per-cell SD)."
armentabojorquezPacificWhiteShrimp2021,armentabojorquezPacificWhiteShrimp2021-T2,AP,mineral,K,2.3,0.20,%,"letter b (Tukey, compared across all stages/salinities within this column, p<0.05); salinity x age interaction p=0.146 (Table 2); age-significant p<0.05 (table footnote **, applies to this whole column per Results 3.3 text: 'Foliar determinations of P and Cu were only significantly different in plants of different age'; K per text 'increased during the fruit development stage without apparent effect from salinity')","Table 2, p.7","Phenological stage: Fruiting. SD = pooled standard deviation (PSD) for this analyte's column, Table 2 (p.7), applied uniformly to all salinity/stage cells (paper does not give per-cell SD)."
armentabojorquezPacificWhiteShrimp2021,armentabojorquezPacificWhiteShrimp2021-T2,AP,mineral,Ca,1.2,0.06,%,"letter ef (Tukey, compared across all stages/salinities within this column, p<0.05); salinity x age interaction p=0.003 (Table 2)","Table 2, p.7","Phenological stage: Fruiting. SD = pooled standard deviation (PSD) for this analyte's column, Table 2 (p.7), applied uniformly to all salinity/stage cells (paper does not give per-cell SD)."
armentabojorquezPacificWhiteShrimp2021,armentabojorquezPacificWhiteShrimp2021-T2,AP,mineral,Mg,0.44,0.04,%,"letter bcde (Tukey, compared across all stages/salinities within this column, p<0.05); salinity x age interaction p=0.001 (Table 2)","Table 2, p.7","Phenological stage: Fruiting. SD = pooled standard deviation (PSD) for this analyte's column, Table 2 (p.7), applied uniformly to all salinity/stage cells (paper does not give per-cell SD)."
armentabojorquezPacificWhiteShrimp2021,armentabojorquezPacificWhiteShrimp2021-T2,AP,mineral,Fe,98.1,3.47,mg/kg,"letter a (Tukey, compared across all stages/salinities within this column, p<0.05); salinity x age interaction p=0.003 (Table 2)","Table 2, p.7","Phenological stage: Fruiting. SD = pooled standard deviation (PSD) for this analyte's column, Table 2 (p.7), applied uniformly to all salinity/stage cells (paper does not give per-cell SD)."
armentabojorquezPacificWhiteShrimp2021,armentabojorquezPacificWhiteShrimp2021-T2,AP,mineral,Cu,50.7,4.93,mg/kg,"letter b (Tukey, compared across all stages/salinities within this column, p<0.05); salinity x age interaction p=0.106 (Table 2); age-significant p<0.05 (table footnote **, applies to this whole column per Results 3.3 text: 'Foliar determinations of P and Cu were only significantly different in plants of different age'; K per text 'increased during the fruit development stage without apparent effect from salinity')","Table 2, p.7","Phenological stage: Fruiting. SD = pooled standard deviation (PSD) for this analyte's column, Table 2 (p.7), applied uniformly to all salinity/stage cells (paper does not give per-cell SD)."
armentabojorquezPacificWhiteShrimp2021,armentabojorquezPacificWhiteShrimp2021-T2,AP,mineral,Zn,98.1,2.76,mg/kg,"letter a (Tukey, compared across all stages/salinities within this column, p<0.05); salinity x age interaction p=0.001 (Table 2)","Table 2, p.7","Phenological stage: Fruiting. SD = pooled standard deviation (PSD) for this analyte's column, Table 2 (p.7), applied uniformly to all salinity/stage cells (paper does not give per-cell SD)."
armentabojorquezPacificWhiteShrimp2021,armentabojorquezPacificWhiteShrimp2021-T2,AP,mineral,Mn,68.3,9.01,mg/kg,"letter a (Tukey, compared across all stages/salinities within this column, p<0.05); salinity x age interaction p=0.050 (Table 2)","Table 2, p.7","Phenological stage: Fruiting. SD = pooled standard deviation (PSD) for this analyte's column, Table 2 (p.7), applied uniformly to all salinity/stage cells (paper does not give per-cell SD)."
armentabojorquezPacificWhiteShrimp2021,armentabojorquezPacificWhiteShrimp2021-T3,AP,mineral,Total N,2.4,0.37,%,"letter c (Tukey, compared across all stages/salinities within this column, p<0.05); salinity x age interaction p=0.028 (Table 2)","Table 2, p.7","Phenological stage: Fruiting. SD = pooled standard deviation (PSD) for this analyte's column, Table 2 (p.7), applied uniformly to all salinity/stage cells (paper does not give per-cell SD)."
armentabojorquezPacificWhiteShrimp2021,armentabojorquezPacificWhiteShrimp2021-T3,AP,mineral,P,1.2,0.14,%,"letter b (Tukey, compared across all stages/salinities within this column, p<0.05); salinity x age interaction p=0.338 (Table 2); age-significant p<0.05 (table footnote **, applies to this whole column per Results 3.3 text: 'Foliar determinations of P and Cu were only significantly different in plants of different age'; K per text 'increased during the fruit development stage without apparent effect from salinity')","Table 2, p.7","Phenological stage: Fruiting. SD = pooled standard deviation (PSD) for this analyte's column, Table 2 (p.7), applied uniformly to all salinity/stage cells (paper does not give per-cell SD)."
armentabojorquezPacificWhiteShrimp2021,armentabojorquezPacificWhiteShrimp2021-T3,AP,mineral,K,1.7,0.20,%,"letter b (Tukey, compared across all stages/salinities within this column, p<0.05); salinity x age interaction p=0.146 (Table 2); age-significant p<0.05 (table footnote **, applies to this whole column per Results 3.3 text: 'Foliar determinations of P and Cu were only significantly different in plants of different age'; K per text 'increased during the fruit development stage without apparent effect from salinity')","Table 2, p.7","Phenological stage: Fruiting. SD = pooled standard deviation (PSD) for this analyte's column, Table 2 (p.7), applied uniformly to all salinity/stage cells (paper does not give per-cell SD)."
armentabojorquezPacificWhiteShrimp2021,armentabojorquezPacificWhiteShrimp2021-T3,AP,mineral,Ca,1.4,0.06,%,"letter cd (Tukey, compared across all stages/salinities within this column, p<0.05); salinity x age interaction p=0.003 (Table 2)","Table 2, p.7","Phenological stage: Fruiting. SD = pooled standard deviation (PSD) for this analyte's column, Table 2 (p.7), applied uniformly to all salinity/stage cells (paper does not give per-cell SD)."
armentabojorquezPacificWhiteShrimp2021,armentabojorquezPacificWhiteShrimp2021-T3,AP,mineral,Mg,0.36,0.04,%,"letter ef (Tukey, compared across all stages/salinities within this column, p<0.05); salinity x age interaction p=0.001 (Table 2)","Table 2, p.7","Phenological stage: Fruiting. SD = pooled standard deviation (PSD) for this analyte's column, Table 2 (p.7), applied uniformly to all salinity/stage cells (paper does not give per-cell SD)."
armentabojorquezPacificWhiteShrimp2021,armentabojorquezPacificWhiteShrimp2021-T3,AP,mineral,Fe,87.3,3.47,mg/kg,"letter bc (Tukey, compared across all stages/salinities within this column, p<0.05); salinity x age interaction p=0.003 (Table 2)","Table 2, p.7","Phenological stage: Fruiting. SD = pooled standard deviation (PSD) for this analyte's column, Table 2 (p.7), applied uniformly to all salinity/stage cells (paper does not give per-cell SD)."
armentabojorquezPacificWhiteShrimp2021,armentabojorquezPacificWhiteShrimp2021-T3,AP,mineral,Cu,59.7,4.93,mg/kg,"letter b (Tukey, compared across all stages/salinities within this column, p<0.05); salinity x age interaction p=0.106 (Table 2); age-significant p<0.05 (table footnote **, applies to this whole column per Results 3.3 text: 'Foliar determinations of P and Cu were only significantly different in plants of different age'; K per text 'increased during the fruit development stage without apparent effect from salinity')","Table 2, p.7","Phenological stage: Fruiting. SD = pooled standard deviation (PSD) for this analyte's column, Table 2 (p.7), applied uniformly to all salinity/stage cells (paper does not give per-cell SD)."
armentabojorquezPacificWhiteShrimp2021,armentabojorquezPacificWhiteShrimp2021-T3,AP,mineral,Zn,96.3,2.76,mg/kg,"letter ab (Tukey, compared across all stages/salinities within this column, p<0.05); salinity x age interaction p=0.001 (Table 2)","Table 2, p.7","Phenological stage: Fruiting. SD = pooled standard deviation (PSD) for this analyte's column, Table 2 (p.7), applied uniformly to all salinity/stage cells (paper does not give per-cell SD)."
armentabojorquezPacificWhiteShrimp2021,armentabojorquezPacificWhiteShrimp2021-T3,AP,mineral,Mn,63.1,9.01,mg/kg,"letter ab (Tukey, compared across all stages/salinities within this column, p<0.05); salinity x age interaction p=0.050 (Table 2)","Table 2, p.7","Phenological stage: Fruiting. SD = pooled standard deviation (PSD) for this analyte's column, Table 2 (p.7), applied uniformly to all salinity/stage cells (paper does not give per-cell SD)."
armentabojorquezPacificWhiteShrimp2021,armentabojorquezPacificWhiteShrimp2021-T1,HYD,mineral,Total N,3.1,0.37,%,"letter abc (Tukey, compared across all stages/salinities within this column, p<0.05); salinity x age interaction p=0.028 (Table 2)","Table 2, p.7","Phenological stage: Senescence. SD = pooled standard deviation (PSD) for this analyte's column, Table 2 (p.7), applied uniformly to all salinity/stage cells (paper does not give per-cell SD). SNS control, shared identically across T1/T2/T3."
armentabojorquezPacificWhiteShrimp2021,armentabojorquezPacificWhiteShrimp2021-T2,HYD,mineral,Total N,3.1,0.37,%,"letter abc (Tukey, compared across all stages/salinities within this column, p<0.05); salinity x age interaction p=0.028 (Table 2)","Table 2, p.7","Phenological stage: Senescence. SD = pooled standard deviation (PSD) for this analyte's column, Table 2 (p.7), applied uniformly to all salinity/stage cells (paper does not give per-cell SD). SNS control, shared identically across T1/T2/T3."
armentabojorquezPacificWhiteShrimp2021,armentabojorquezPacificWhiteShrimp2021-T3,HYD,mineral,Total N,3.1,0.37,%,"letter abc (Tukey, compared across all stages/salinities within this column, p<0.05); salinity x age interaction p=0.028 (Table 2)","Table 2, p.7","Phenological stage: Senescence. SD = pooled standard deviation (PSD) for this analyte's column, Table 2 (p.7), applied uniformly to all salinity/stage cells (paper does not give per-cell SD). SNS control, shared identically across T1/T2/T3."
armentabojorquezPacificWhiteShrimp2021,armentabojorquezPacificWhiteShrimp2021-T1,HYD,mineral,P,1.1,0.14,%,"letter b (Tukey, compared across all stages/salinities within this column, p<0.05); salinity x age interaction p=0.338 (Table 2); age-significant p<0.05 (table footnote **, applies to this whole column per Results 3.3 text: 'Foliar determinations of P and Cu were only significantly different in plants of different age'; K per text 'increased during the fruit development stage without apparent effect from salinity')","Table 2, p.7","Phenological stage: Senescence. SD = pooled standard deviation (PSD) for this analyte's column, Table 2 (p.7), applied uniformly to all salinity/stage cells (paper does not give per-cell SD). SNS control, shared identically across T1/T2/T3."
armentabojorquezPacificWhiteShrimp2021,armentabojorquezPacificWhiteShrimp2021-T2,HYD,mineral,P,1.1,0.14,%,"letter b (Tukey, compared across all stages/salinities within this column, p<0.05); salinity x age interaction p=0.338 (Table 2); age-significant p<0.05 (table footnote **, applies to this whole column per Results 3.3 text: 'Foliar determinations of P and Cu were only significantly different in plants of different age'; K per text 'increased during the fruit development stage without apparent effect from salinity')","Table 2, p.7","Phenological stage: Senescence. SD = pooled standard deviation (PSD) for this analyte's column, Table 2 (p.7), applied uniformly to all salinity/stage cells (paper does not give per-cell SD). SNS control, shared identically across T1/T2/T3."
armentabojorquezPacificWhiteShrimp2021,armentabojorquezPacificWhiteShrimp2021-T3,HYD,mineral,P,1.1,0.14,%,"letter b (Tukey, compared across all stages/salinities within this column, p<0.05); salinity x age interaction p=0.338 (Table 2); age-significant p<0.05 (table footnote **, applies to this whole column per Results 3.3 text: 'Foliar determinations of P and Cu were only significantly different in plants of different age'; K per text 'increased during the fruit development stage without apparent effect from salinity')","Table 2, p.7","Phenological stage: Senescence. SD = pooled standard deviation (PSD) for this analyte's column, Table 2 (p.7), applied uniformly to all salinity/stage cells (paper does not give per-cell SD). SNS control, shared identically across T1/T2/T3."
armentabojorquezPacificWhiteShrimp2021,armentabojorquezPacificWhiteShrimp2021-T1,HYD,mineral,K,1.2,0.20,%,"letter c (Tukey, compared across all stages/salinities within this column, p<0.05); salinity x age interaction p=0.146 (Table 2); age-significant p<0.05 (table footnote **, applies to this whole column per Results 3.3 text: 'Foliar determinations of P and Cu were only significantly different in plants of different age'; K per text 'increased during the fruit development stage without apparent effect from salinity')","Table 2, p.7","Phenological stage: Senescence. SD = pooled standard deviation (PSD) for this analyte's column, Table 2 (p.7), applied uniformly to all salinity/stage cells (paper does not give per-cell SD). SNS control, shared identically across T1/T2/T3."
armentabojorquezPacificWhiteShrimp2021,armentabojorquezPacificWhiteShrimp2021-T2,HYD,mineral,K,1.2,0.20,%,"letter c (Tukey, compared across all stages/salinities within this column, p<0.05); salinity x age interaction p=0.146 (Table 2); age-significant p<0.05 (table footnote **, applies to this whole column per Results 3.3 text: 'Foliar determinations of P and Cu were only significantly different in plants of different age'; K per text 'increased during the fruit development stage without apparent effect from salinity')","Table 2, p.7","Phenological stage: Senescence. SD = pooled standard deviation (PSD) for this analyte's column, Table 2 (p.7), applied uniformly to all salinity/stage cells (paper does not give per-cell SD). SNS control, shared identically across T1/T2/T3."
armentabojorquezPacificWhiteShrimp2021,armentabojorquezPacificWhiteShrimp2021-T3,HYD,mineral,K,1.2,0.20,%,"letter c (Tukey, compared across all stages/salinities within this column, p<0.05); salinity x age interaction p=0.146 (Table 2); age-significant p<0.05 (table footnote **, applies to this whole column per Results 3.3 text: 'Foliar determinations of P and Cu were only significantly different in plants of different age'; K per text 'increased during the fruit development stage without apparent effect from salinity')","Table 2, p.7","Phenological stage: Senescence. SD = pooled standard deviation (PSD) for this analyte's column, Table 2 (p.7), applied uniformly to all salinity/stage cells (paper does not give per-cell SD). SNS control, shared identically across T1/T2/T3."
armentabojorquezPacificWhiteShrimp2021,armentabojorquezPacificWhiteShrimp2021-T1,HYD,mineral,Ca,1.6,0.06,%,"letter a (Tukey, compared across all stages/salinities within this column, p<0.05); salinity x age interaction p=0.003 (Table 2)","Table 2, p.7","Phenological stage: Senescence. SD = pooled standard deviation (PSD) for this analyte's column, Table 2 (p.7), applied uniformly to all salinity/stage cells (paper does not give per-cell SD). SNS control, shared identically across T1/T2/T3."
armentabojorquezPacificWhiteShrimp2021,armentabojorquezPacificWhiteShrimp2021-T2,HYD,mineral,Ca,1.6,0.06,%,"letter a (Tukey, compared across all stages/salinities within this column, p<0.05); salinity x age interaction p=0.003 (Table 2)","Table 2, p.7","Phenological stage: Senescence. SD = pooled standard deviation (PSD) for this analyte's column, Table 2 (p.7), applied uniformly to all salinity/stage cells (paper does not give per-cell SD). SNS control, shared identically across T1/T2/T3."
armentabojorquezPacificWhiteShrimp2021,armentabojorquezPacificWhiteShrimp2021-T3,HYD,mineral,Ca,1.6,0.06,%,"letter a (Tukey, compared across all stages/salinities within this column, p<0.05); salinity x age interaction p=0.003 (Table 2)","Table 2, p.7","Phenological stage: Senescence. SD = pooled standard deviation (PSD) for this analyte's column, Table 2 (p.7), applied uniformly to all salinity/stage cells (paper does not give per-cell SD). SNS control, shared identically across T1/T2/T3."
armentabojorquezPacificWhiteShrimp2021,armentabojorquezPacificWhiteShrimp2021-T1,HYD,mineral,Mg,0.34,0.04,%,"letter a (Tukey, compared across all stages/salinities within this column, p<0.05); salinity x age interaction p=0.001 (Table 2)","Table 2, p.7","Phenological stage: Senescence. SD = pooled standard deviation (PSD) for this analyte's column, Table 2 (p.7), applied uniformly to all salinity/stage cells (paper does not give per-cell SD). SNS control, shared identically across T1/T2/T3."
armentabojorquezPacificWhiteShrimp2021,armentabojorquezPacificWhiteShrimp2021-T2,HYD,mineral,Mg,0.34,0.04,%,"letter a (Tukey, compared across all stages/salinities within this column, p<0.05); salinity x age interaction p=0.001 (Table 2)","Table 2, p.7","Phenological stage: Senescence. SD = pooled standard deviation (PSD) for this analyte's column, Table 2 (p.7), applied uniformly to all salinity/stage cells (paper does not give per-cell SD). SNS control, shared identically across T1/T2/T3."
armentabojorquezPacificWhiteShrimp2021,armentabojorquezPacificWhiteShrimp2021-T3,HYD,mineral,Mg,0.34,0.04,%,"letter a (Tukey, compared across all stages/salinities within this column, p<0.05); salinity x age interaction p=0.001 (Table 2)","Table 2, p.7","Phenological stage: Senescence. SD = pooled standard deviation (PSD) for this analyte's column, Table 2 (p.7), applied uniformly to all salinity/stage cells (paper does not give per-cell SD). SNS control, shared identically across T1/T2/T3."
armentabojorquezPacificWhiteShrimp2021,armentabojorquezPacificWhiteShrimp2021-T1,HYD,mineral,Fe,89.1,3.47,mg/kg,"letter abc (Tukey, compared across all stages/salinities within this column, p<0.05); salinity x age interaction p=0.003 (Table 2)","Table 2, p.7","Phenological stage: Senescence. SD = pooled standard deviation (PSD) for this analyte's column, Table 2 (p.7), applied uniformly to all salinity/stage cells (paper does not give per-cell SD). SNS control, shared identically across T1/T2/T3."
armentabojorquezPacificWhiteShrimp2021,armentabojorquezPacificWhiteShrimp2021-T2,HYD,mineral,Fe,89.1,3.47,mg/kg,"letter abc (Tukey, compared across all stages/salinities within this column, p<0.05); salinity x age interaction p=0.003 (Table 2)","Table 2, p.7","Phenological stage: Senescence. SD = pooled standard deviation (PSD) for this analyte's column, Table 2 (p.7), applied uniformly to all salinity/stage cells (paper does not give per-cell SD). SNS control, shared identically across T1/T2/T3."
armentabojorquezPacificWhiteShrimp2021,armentabojorquezPacificWhiteShrimp2021-T3,HYD,mineral,Fe,89.1,3.47,mg/kg,"letter abc (Tukey, compared across all stages/salinities within this column, p<0.05); salinity x age interaction p=0.003 (Table 2)","Table 2, p.7","Phenological stage: Senescence. SD = pooled standard deviation (PSD) for this analyte's column, Table 2 (p.7), applied uniformly to all salinity/stage cells (paper does not give per-cell SD). SNS control, shared identically across T1/T2/T3."
armentabojorquezPacificWhiteShrimp2021,armentabojorquezPacificWhiteShrimp2021-T1,HYD,mineral,Cu,66.7,4.93,mg/kg,"letter b (Tukey, compared across all stages/salinities within this column, p<0.05); salinity x age interaction p=0.106 (Table 2); age-significant p<0.05 (table footnote **, applies to this whole column per Results 3.3 text: 'Foliar determinations of P and Cu were only significantly different in plants of different age'; K per text 'increased during the fruit development stage without apparent effect from salinity')","Table 2, p.7","Phenological stage: Senescence. SD = pooled standard deviation (PSD) for this analyte's column, Table 2 (p.7), applied uniformly to all salinity/stage cells (paper does not give per-cell SD). SNS control, shared identically across T1/T2/T3."
armentabojorquezPacificWhiteShrimp2021,armentabojorquezPacificWhiteShrimp2021-T2,HYD,mineral,Cu,66.7,4.93,mg/kg,"letter b (Tukey, compared across all stages/salinities within this column, p<0.05); salinity x age interaction p=0.106 (Table 2); age-significant p<0.05 (table footnote **, applies to this whole column per Results 3.3 text: 'Foliar determinations of P and Cu were only significantly different in plants of different age'; K per text 'increased during the fruit development stage without apparent effect from salinity')","Table 2, p.7","Phenological stage: Senescence. SD = pooled standard deviation (PSD) for this analyte's column, Table 2 (p.7), applied uniformly to all salinity/stage cells (paper does not give per-cell SD). SNS control, shared identically across T1/T2/T3."
armentabojorquezPacificWhiteShrimp2021,armentabojorquezPacificWhiteShrimp2021-T3,HYD,mineral,Cu,66.7,4.93,mg/kg,"letter b (Tukey, compared across all stages/salinities within this column, p<0.05); salinity x age interaction p=0.106 (Table 2); age-significant p<0.05 (table footnote **, applies to this whole column per Results 3.3 text: 'Foliar determinations of P and Cu were only significantly different in plants of different age'; K per text 'increased during the fruit development stage without apparent effect from salinity')","Table 2, p.7","Phenological stage: Senescence. SD = pooled standard deviation (PSD) for this analyte's column, Table 2 (p.7), applied uniformly to all salinity/stage cells (paper does not give per-cell SD). SNS control, shared identically across T1/T2/T3."
armentabojorquezPacificWhiteShrimp2021,armentabojorquezPacificWhiteShrimp2021-T1,HYD,mineral,Zn,89.1,2.76,mg/kg,"letter abc (Tukey, compared across all stages/salinities within this column, p<0.05); salinity x age interaction p=0.001 (Table 2)","Table 2, p.7","Phenological stage: Senescence. SD = pooled standard deviation (PSD) for this analyte's column, Table 2 (p.7), applied uniformly to all salinity/stage cells (paper does not give per-cell SD). SNS control, shared identically across T1/T2/T3."
armentabojorquezPacificWhiteShrimp2021,armentabojorquezPacificWhiteShrimp2021-T2,HYD,mineral,Zn,89.1,2.76,mg/kg,"letter abc (Tukey, compared across all stages/salinities within this column, p<0.05); salinity x age interaction p=0.001 (Table 2)","Table 2, p.7","Phenological stage: Senescence. SD = pooled standard deviation (PSD) for this analyte's column, Table 2 (p.7), applied uniformly to all salinity/stage cells (paper does not give per-cell SD). SNS control, shared identically across T1/T2/T3."
armentabojorquezPacificWhiteShrimp2021,armentabojorquezPacificWhiteShrimp2021-T3,HYD,mineral,Zn,89.1,2.76,mg/kg,"letter abc (Tukey, compared across all stages/salinities within this column, p<0.05); salinity x age interaction p=0.001 (Table 2)","Table 2, p.7","Phenological stage: Senescence. SD = pooled standard deviation (PSD) for this analyte's column, Table 2 (p.7), applied uniformly to all salinity/stage cells (paper does not give per-cell SD). SNS control, shared identically across T1/T2/T3."
armentabojorquezPacificWhiteShrimp2021,armentabojorquezPacificWhiteShrimp2021-T1,HYD,mineral,Mn,53.5,9.01,mg/kg,"letter ab (Tukey, compared across all stages/salinities within this column, p<0.05); salinity x age interaction p=0.050 (Table 2)","Table 2, p.7","Phenological stage: Senescence. SD = pooled standard deviation (PSD) for this analyte's column, Table 2 (p.7), applied uniformly to all salinity/stage cells (paper does not give per-cell SD). SNS control, shared identically across T1/T2/T3."
armentabojorquezPacificWhiteShrimp2021,armentabojorquezPacificWhiteShrimp2021-T2,HYD,mineral,Mn,53.5,9.01,mg/kg,"letter ab (Tukey, compared across all stages/salinities within this column, p<0.05); salinity x age interaction p=0.050 (Table 2)","Table 2, p.7","Phenological stage: Senescence. SD = pooled standard deviation (PSD) for this analyte's column, Table 2 (p.7), applied uniformly to all salinity/stage cells (paper does not give per-cell SD). SNS control, shared identically across T1/T2/T3."
armentabojorquezPacificWhiteShrimp2021,armentabojorquezPacificWhiteShrimp2021-T3,HYD,mineral,Mn,53.5,9.01,mg/kg,"letter ab (Tukey, compared across all stages/salinities within this column, p<0.05); salinity x age interaction p=0.050 (Table 2)","Table 2, p.7","Phenological stage: Senescence. SD = pooled standard deviation (PSD) for this analyte's column, Table 2 (p.7), applied uniformly to all salinity/stage cells (paper does not give per-cell SD). SNS control, shared identically across T1/T2/T3."
armentabojorquezPacificWhiteShrimp2021,armentabojorquezPacificWhiteShrimp2021-T1,AP,mineral,Total N,3.3,0.37,%,"letter abc (Tukey, compared across all stages/salinities within this column, p<0.05); salinity x age interaction p=0.028 (Table 2)","Table 2, p.7","Phenological stage: Senescence. SD = pooled standard deviation (PSD) for this analyte's column, Table 2 (p.7), applied uniformly to all salinity/stage cells (paper does not give per-cell SD)."
armentabojorquezPacificWhiteShrimp2021,armentabojorquezPacificWhiteShrimp2021-T1,AP,mineral,P,1.4,0.14,%,"letter b (Tukey, compared across all stages/salinities within this column, p<0.05); salinity x age interaction p=0.338 (Table 2); age-significant p<0.05 (table footnote **, applies to this whole column per Results 3.3 text: 'Foliar determinations of P and Cu were only significantly different in plants of different age'; K per text 'increased during the fruit development stage without apparent effect from salinity')","Table 2, p.7","Phenological stage: Senescence. SD = pooled standard deviation (PSD) for this analyte's column, Table 2 (p.7), applied uniformly to all salinity/stage cells (paper does not give per-cell SD)."
armentabojorquezPacificWhiteShrimp2021,armentabojorquezPacificWhiteShrimp2021-T1,AP,mineral,K,1.1,0.20,%,"letter c (Tukey, compared across all stages/salinities within this column, p<0.05); salinity x age interaction p=0.146 (Table 2); age-significant p<0.05 (table footnote **, applies to this whole column per Results 3.3 text: 'Foliar determinations of P and Cu were only significantly different in plants of different age'; K per text 'increased during the fruit development stage without apparent effect from salinity')","Table 2, p.7","Phenological stage: Senescence. SD = pooled standard deviation (PSD) for this analyte's column, Table 2 (p.7), applied uniformly to all salinity/stage cells (paper does not give per-cell SD)."
armentabojorquezPacificWhiteShrimp2021,armentabojorquezPacificWhiteShrimp2021-T1,AP,mineral,Ca,1.5,0.06,%,"letter bc (Tukey, compared across all stages/salinities within this column, p<0.05); salinity x age interaction p=0.003 (Table 2)","Table 2, p.7","Phenological stage: Senescence. SD = pooled standard deviation (PSD) for this analyte's column, Table 2 (p.7), applied uniformly to all salinity/stage cells (paper does not give per-cell SD)."
armentabojorquezPacificWhiteShrimp2021,armentabojorquezPacificWhiteShrimp2021-T1,AP,mineral,Mg,0.32,0.04,%,"letter f (Tukey, compared across all stages/salinities within this column, p<0.05); salinity x age interaction p=0.001 (Table 2)","Table 2, p.7","Phenological stage: Senescence. SD = pooled standard deviation (PSD) for this analyte's column, Table 2 (p.7), applied uniformly to all salinity/stage cells (paper does not give per-cell SD)."
armentabojorquezPacificWhiteShrimp2021,armentabojorquezPacificWhiteShrimp2021-T1,AP,mineral,Fe,84.7,3.47,mg/kg,"letter c (Tukey, compared across all stages/salinities within this column, p<0.05); salinity x age interaction p=0.003 (Table 2)","Table 2, p.7","Phenological stage: Senescence. SD = pooled standard deviation (PSD) for this analyte's column, Table 2 (p.7), applied uniformly to all salinity/stage cells (paper does not give per-cell SD)."
armentabojorquezPacificWhiteShrimp2021,armentabojorquezPacificWhiteShrimp2021-T1,AP,mineral,Cu,67.3,4.93,mg/kg,"letter b (Tukey, compared across all stages/salinities within this column, p<0.05); salinity x age interaction p=0.106 (Table 2); age-significant p<0.05 (table footnote **, applies to this whole column per Results 3.3 text: 'Foliar determinations of P and Cu were only significantly different in plants of different age'; K per text 'increased during the fruit development stage without apparent effect from salinity')","Table 2, p.7","Phenological stage: Senescence. SD = pooled standard deviation (PSD) for this analyte's column, Table 2 (p.7), applied uniformly to all salinity/stage cells (paper does not give per-cell SD)."
armentabojorquezPacificWhiteShrimp2021,armentabojorquezPacificWhiteShrimp2021-T1,AP,mineral,Zn,93.3,2.76,mg/kg,"letter ab (Tukey, compared across all stages/salinities within this column, p<0.05); salinity x age interaction p=0.001 (Table 2)","Table 2, p.7","Phenological stage: Senescence. SD = pooled standard deviation (PSD) for this analyte's column, Table 2 (p.7), applied uniformly to all salinity/stage cells (paper does not give per-cell SD)."
armentabojorquezPacificWhiteShrimp2021,armentabojorquezPacificWhiteShrimp2021-T1,AP,mineral,Mn,60.1,9.01,mg/kg,"letter ab (Tukey, compared across all stages/salinities within this column, p<0.05); salinity x age interaction p=0.050 (Table 2)","Table 2, p.7","Phenological stage: Senescence. SD = pooled standard deviation (PSD) for this analyte's column, Table 2 (p.7), applied uniformly to all salinity/stage cells (paper does not give per-cell SD)."
armentabojorquezPacificWhiteShrimp2021,armentabojorquezPacificWhiteShrimp2021-T2,AP,mineral,Total N,2.9,0.37,%,"letter abc (Tukey, compared across all stages/salinities within this column, p<0.05); salinity x age interaction p=0.028 (Table 2)","Table 2, p.7","Phenological stage: Senescence. SD = pooled standard deviation (PSD) for this analyte's column, Table 2 (p.7), applied uniformly to all salinity/stage cells (paper does not give per-cell SD)."
armentabojorquezPacificWhiteShrimp2021,armentabojorquezPacificWhiteShrimp2021-T2,AP,mineral,P,1.3,0.14,%,"letter b (Tukey, compared across all stages/salinities within this column, p<0.05); salinity x age interaction p=0.338 (Table 2); age-significant p<0.05 (table footnote **, applies to this whole column per Results 3.3 text: 'Foliar determinations of P and Cu were only significantly different in plants of different age'; K per text 'increased during the fruit development stage without apparent effect from salinity')","Table 2, p.7","Phenological stage: Senescence. SD = pooled standard deviation (PSD) for this analyte's column, Table 2 (p.7), applied uniformly to all salinity/stage cells (paper does not give per-cell SD)."
armentabojorquezPacificWhiteShrimp2021,armentabojorquezPacificWhiteShrimp2021-T2,AP,mineral,K,1.3,0.20,%,"letter c (Tukey, compared across all stages/salinities within this column, p<0.05); salinity x age interaction p=0.146 (Table 2); age-significant p<0.05 (table footnote **, applies to this whole column per Results 3.3 text: 'Foliar determinations of P and Cu were only significantly different in plants of different age'; K per text 'increased during the fruit development stage without apparent effect from salinity')","Table 2, p.7","Phenological stage: Senescence. SD = pooled standard deviation (PSD) for this analyte's column, Table 2 (p.7), applied uniformly to all salinity/stage cells (paper does not give per-cell SD)."
armentabojorquezPacificWhiteShrimp2021,armentabojorquezPacificWhiteShrimp2021-T2,AP,mineral,Ca,1.5,0.06,%,"letter bc (Tukey, compared across all stages/salinities within this column, p<0.05); salinity x age interaction p=0.003 (Table 2)","Table 2, p.7","Phenological stage: Senescence. SD = pooled standard deviation (PSD) for this analyte's column, Table 2 (p.7), applied uniformly to all salinity/stage cells (paper does not give per-cell SD)."
armentabojorquezPacificWhiteShrimp2021,armentabojorquezPacificWhiteShrimp2021-T2,AP,mineral,Mg,0.33,0.04,%,"letter ef (Tukey, compared across all stages/salinities within this column, p<0.05); salinity x age interaction p=0.001 (Table 2)","Table 2, p.7","Phenological stage: Senescence. SD = pooled standard deviation (PSD) for this analyte's column, Table 2 (p.7), applied uniformly to all salinity/stage cells (paper does not give per-cell SD)."
armentabojorquezPacificWhiteShrimp2021,armentabojorquezPacificWhiteShrimp2021-T2,AP,mineral,Fe,90.3,3.47,mg/kg,"letter abc (Tukey, compared across all stages/salinities within this column, p<0.05); salinity x age interaction p=0.003 (Table 2)","Table 2, p.7","Phenological stage: Senescence. SD = pooled standard deviation (PSD) for this analyte's column, Table 2 (p.7), applied uniformly to all salinity/stage cells (paper does not give per-cell SD)."
armentabojorquezPacificWhiteShrimp2021,armentabojorquezPacificWhiteShrimp2021-T2,AP,mineral,Cu,70.3,4.93,mg/kg,"letter b (Tukey, compared across all stages/salinities within this column, p<0.05); salinity x age interaction p=0.106 (Table 2); age-significant p<0.05 (table footnote **, applies to this whole column per Results 3.3 text: 'Foliar determinations of P and Cu were only significantly different in plants of different age'; K per text 'increased during the fruit development stage without apparent effect from salinity')","Table 2, p.7","Phenological stage: Senescence. SD = pooled standard deviation (PSD) for this analyte's column, Table 2 (p.7), applied uniformly to all salinity/stage cells (paper does not give per-cell SD)."
armentabojorquezPacificWhiteShrimp2021,armentabojorquezPacificWhiteShrimp2021-T2,AP,mineral,Zn,93.6,2.76,mg/kg,"letter ab (Tukey, compared across all stages/salinities within this column, p<0.05); salinity x age interaction p=0.001 (Table 2)","Table 2, p.7","Phenological stage: Senescence. SD = pooled standard deviation (PSD) for this analyte's column, Table 2 (p.7), applied uniformly to all salinity/stage cells (paper does not give per-cell SD)."
armentabojorquezPacificWhiteShrimp2021,armentabojorquezPacificWhiteShrimp2021-T2,AP,mineral,Mn,53.7,9.01,mg/kg,"letter ab (Tukey, compared across all stages/salinities within this column, p<0.05); salinity x age interaction p=0.050 (Table 2)","Table 2, p.7","Phenological stage: Senescence. SD = pooled standard deviation (PSD) for this analyte's column, Table 2 (p.7), applied uniformly to all salinity/stage cells (paper does not give per-cell SD)."
armentabojorquezPacificWhiteShrimp2021,armentabojorquezPacificWhiteShrimp2021-T3,AP,mineral,Total N,2.5,0.37,%,"letter c (Tukey, compared across all stages/salinities within this column, p<0.05); salinity x age interaction p=0.028 (Table 2)","Table 2, p.7","Phenological stage: Senescence. SD = pooled standard deviation (PSD) for this analyte's column, Table 2 (p.7), applied uniformly to all salinity/stage cells (paper does not give per-cell SD)."
armentabojorquezPacificWhiteShrimp2021,armentabojorquezPacificWhiteShrimp2021-T3,AP,mineral,P,1.4,0.14,%,"letter b (Tukey, compared across all stages/salinities within this column, p<0.05); salinity x age interaction p=0.338 (Table 2); age-significant p<0.05 (table footnote **, applies to this whole column per Results 3.3 text: 'Foliar determinations of P and Cu were only significantly different in plants of different age'; K per text 'increased during the fruit development stage without apparent effect from salinity')","Table 2, p.7","Phenological stage: Senescence. SD = pooled standard deviation (PSD) for this analyte's column, Table 2 (p.7), applied uniformly to all salinity/stage cells (paper does not give per-cell SD)."
armentabojorquezPacificWhiteShrimp2021,armentabojorquezPacificWhiteShrimp2021-T3,AP,mineral,K,1.1,0.20,%,"letter c (Tukey, compared across all stages/salinities within this column, p<0.05); salinity x age interaction p=0.146 (Table 2); age-significant p<0.05 (table footnote **, applies to this whole column per Results 3.3 text: 'Foliar determinations of P and Cu were only significantly different in plants of different age'; K per text 'increased during the fruit development stage without apparent effect from salinity')","Table 2, p.7","Phenological stage: Senescence. SD = pooled standard deviation (PSD) for this analyte's column, Table 2 (p.7), applied uniformly to all salinity/stage cells (paper does not give per-cell SD)."
armentabojorquezPacificWhiteShrimp2021,armentabojorquezPacificWhiteShrimp2021-T3,AP,mineral,Ca,1.5,0.06,%,"letter bc (Tukey, compared across all stages/salinities within this column, p<0.05); salinity x age interaction p=0.003 (Table 2)","Table 2, p.7","Phenological stage: Senescence. SD = pooled standard deviation (PSD) for this analyte's column, Table 2 (p.7), applied uniformly to all salinity/stage cells (paper does not give per-cell SD)."
armentabojorquezPacificWhiteShrimp2021,armentabojorquezPacificWhiteShrimp2021-T3,AP,mineral,Mg,0.36,0.04,%,"letter ef (Tukey, compared across all stages/salinities within this column, p<0.05); salinity x age interaction p=0.001 (Table 2)","Table 2, p.7","Phenological stage: Senescence. SD = pooled standard deviation (PSD) for this analyte's column, Table 2 (p.7), applied uniformly to all salinity/stage cells (paper does not give per-cell SD)."
armentabojorquezPacificWhiteShrimp2021,armentabojorquezPacificWhiteShrimp2021-T3,AP,mineral,Fe,90.1,3.47,mg/kg,"letter abc (Tukey, compared across all stages/salinities within this column, p<0.05); salinity x age interaction p=0.003 (Table 2)","Table 2, p.7","Phenological stage: Senescence. SD = pooled standard deviation (PSD) for this analyte's column, Table 2 (p.7), applied uniformly to all salinity/stage cells (paper does not give per-cell SD)."
armentabojorquezPacificWhiteShrimp2021,armentabojorquezPacificWhiteShrimp2021-T3,AP,mineral,Cu,69.7,4.93,mg/kg,"letter b (Tukey, compared across all stages/salinities within this column, p<0.05); salinity x age interaction p=0.106 (Table 2); age-significant p<0.05 (table footnote **, applies to this whole column per Results 3.3 text: 'Foliar determinations of P and Cu were only significantly different in plants of different age'; K per text 'increased during the fruit development stage without apparent effect from salinity')","Table 2, p.7","Phenological stage: Senescence. SD = pooled standard deviation (PSD) for this analyte's column, Table 2 (p.7), applied uniformly to all salinity/stage cells (paper does not give per-cell SD)."
armentabojorquezPacificWhiteShrimp2021,armentabojorquezPacificWhiteShrimp2021-T3,AP,mineral,Zn,95.1,2.76,mg/kg,"letter ab (Tukey, compared across all stages/salinities within this column, p<0.05); salinity x age interaction p=0.001 (Table 2)","Table 2, p.7","Phenological stage: Senescence. SD = pooled standard deviation (PSD) for this analyte's column, Table 2 (p.7), applied uniformly to all salinity/stage cells (paper does not give per-cell SD)."
armentabojorquezPacificWhiteShrimp2021,armentabojorquezPacificWhiteShrimp2021-T3,AP,mineral,Mn,56.4,9.01,mg/kg,"letter ab (Tukey, compared across all stages/salinities within this column, p<0.05); salinity x age interaction p=0.050 (Table 2)","Table 2, p.7","Phenological stage: Senescence. SD = pooled standard deviation (PSD) for this analyte's column, Table 2 (p.7), applied uniformly to all salinity/stage cells (paper does not give per-cell SD)."
atiqueAquaponicsBeneficialTerms2022,atiqueAquaponicsBeneficialTerms2022-T1,AP,mineral,Fe,523.3,75.05,mg/kg DM,p<0.05,Table 3 (p.6),"Spinach shoot tissue, independent-samples t-test, n=3 replicated rafts"
atiqueAquaponicsBeneficialTerms2022,atiqueAquaponicsBeneficialTerms2022-T1,HYD,mineral,Fe,143.3,15.25,mg/kg DM,p<0.05,Table 3 (p.6),"Spinach shoot tissue, independent-samples t-test, n=3 replicated rafts"
atiqueAquaponicsBeneficialTerms2022,atiqueAquaponicsBeneficialTerms2022-T1,AP,mineral,Cu,37.30,12.70,mg/kg DM,ns,Table 3 (p.6),"Spinach shoot tissue, independent-samples t-test, n=3 replicated rafts"
atiqueAquaponicsBeneficialTerms2022,atiqueAquaponicsBeneficialTerms2022-T1,HYD,mineral,Cu,49.30,9.60,mg/kg DM,ns,Table 3 (p.6),"Spinach shoot tissue, independent-samples t-test, n=3 replicated rafts"
atiqueAquaponicsBeneficialTerms2022,atiqueAquaponicsBeneficialTerms2022-T1,AP,mineral,Mn,403.3,40.41,mg/kg DM,ns,Table 3 (p.6),"Spinach shoot tissue, independent-samples t-test, n=3 replicated rafts"
atiqueAquaponicsBeneficialTerms2022,atiqueAquaponicsBeneficialTerms2022-T1,HYD,mineral,Mn,366.6,246.84,mg/kg DM,ns,Table 3 (p.6),"Spinach shoot tissue, independent-samples t-test, n=3 replicated rafts"
atiqueAquaponicsBeneficialTerms2022,atiqueAquaponicsBeneficialTerms2022-T1,AP,mineral,Zn,526.6,142.9,mg/kg DM,p<0.05,Table 3 (p.6),"Spinach shoot tissue, independent-samples t-test, n=3 replicated rafts"
atiqueAquaponicsBeneficialTerms2022,atiqueAquaponicsBeneficialTerms2022-T1,HYD,mineral,Zn,206.6,55.07,mg/kg DM,p<0.05,Table 3 (p.6),"Spinach shoot tissue, independent-samples t-test, n=3 replicated rafts"
atiqueAquaponicsBeneficialTerms2022,atiqueAquaponicsBeneficialTerms2022-T1,AP,mineral,B,120.0,0.00,mg/kg DM,p<0.0001,Table 3 (p.6),"Spinach shoot tissue, independent-samples t-test, n=3 replicated rafts"
atiqueAquaponicsBeneficialTerms2022,atiqueAquaponicsBeneficialTerms2022-T1,HYD,mineral,B,32.30,8.08,mg/kg DM,p<0.0001,Table 3 (p.6),"Spinach shoot tissue, independent-samples t-test, n=3 replicated rafts"
atiqueAquaponicsBeneficialTerms2022,atiqueAquaponicsBeneficialTerms2022-T1,AP,mineral,N,38.70,3.00,g/kg DM,p<0.005,Table 3 (p.6),"Spinach shoot tissue, independent-samples t-test, n=3 replicated rafts"
atiqueAquaponicsBeneficialTerms2022,atiqueAquaponicsBeneficialTerms2022-T1,HYD,mineral,N,57.50,2.61,g/kg DM,p<0.005,Table 3 (p.6),"Spinach shoot tissue, independent-samples t-test, n=3 replicated rafts"
atiqueAquaponicsBeneficialTerms2022,atiqueAquaponicsBeneficialTerms2022-T1,AP,mineral,P,6.06,1.10,g/kg DM,p<0.05,Table 3 (p.6),"Spinach shoot tissue, independent-samples t-test, n=3 replicated rafts"
atiqueAquaponicsBeneficialTerms2022,atiqueAquaponicsBeneficialTerms2022-T1,HYD,mineral,P,9.40,1.55,g/kg DM,p<0.05,Table 3 (p.6),"Spinach shoot tissue, independent-samples t-test, n=3 replicated rafts"
atiqueAquaponicsBeneficialTerms2022,atiqueAquaponicsBeneficialTerms2022-T1,AP,mineral,K,64.60,5.68,g/kg DM,p<0.05,Table 3 (p.6),"Spinach shoot tissue, independent-samples t-test, n=3 replicated rafts"
atiqueAquaponicsBeneficialTerms2022,atiqueAquaponicsBeneficialTerms2022-T1,HYD,mineral,K,83.30,8.96,g/kg DM,p<0.05,Table 3 (p.6),"Spinach shoot tissue, independent-samples t-test, n=3 replicated rafts"
atiqueAquaponicsBeneficialTerms2022,atiqueAquaponicsBeneficialTerms2022-T1,AP,mineral,Ca,36.60,3.51,g/kg DM,p<0.0001,Table 3 (p.6),"Spinach shoot tissue, independent-samples t-test, n=3 replicated rafts"
atiqueAquaponicsBeneficialTerms2022,atiqueAquaponicsBeneficialTerms2022-T1,HYD,mineral,Ca,7.26,0.35,g/kg DM,p<0.0001,Table 3 (p.6),"Spinach shoot tissue, independent-samples t-test, n=3 replicated rafts"
atiqueAquaponicsBeneficialTerms2022,atiqueAquaponicsBeneficialTerms2022-T1,AP,mineral,Mg,16.60,1.52,g/kg DM,p<0.005,Table 3 (p.6),"Spinach shoot tissue, independent-samples t-test, n=3 replicated rafts"
atiqueAquaponicsBeneficialTerms2022,atiqueAquaponicsBeneficialTerms2022-T1,HYD,mineral,Mg,5.80,1.01,g/kg DM,p<0.005,Table 3 (p.6),"Spinach shoot tissue, independent-samples t-test, n=3 replicated rafts"
atiqueAquaponicsBeneficialTerms2022,atiqueAquaponicsBeneficialTerms2022-T1,AP,mineral,S,3.56,0.41,g/kg DM,p<0.05,Table 3 (p.6),"Spinach shoot tissue, independent-samples t-test, n=3 replicated rafts"
atiqueAquaponicsBeneficialTerms2022,atiqueAquaponicsBeneficialTerms2022-T1,HYD,mineral,S,5.63,0.47,g/kg DM,p<0.05,Table 3 (p.6),"Spinach shoot tissue, independent-samples t-test, n=3 replicated rafts"
atiqueAquaponicsBeneficialTerms2022,atiqueAquaponicsBeneficialTerms2022-T1,AP,biochemistry,MIB (shoot),704.4,73.08,ng/kg,p<0.05 vs start (A); p<0.05 vs HYD (a),"Table 7 (p.10), end of 42-day experiment (14 June)","Table 7 header literally states ng/L for spinach tissue; Methods 2.3 defines solid-sample LOQs in ng/kg and Table 6 separately uses ng/kg for muscle (also solid tissue). Recorded here as ng/kg, treating ng/L as a likely copy-paste header error from the water tables -- see WARN-CHECK in trials.csv Experimental Remarks. Numeric magnitude unaffected, taken as printed."
atiqueAquaponicsBeneficialTerms2022,atiqueAquaponicsBeneficialTerms2022-T1,HYD,biochemistry,MIB (shoot),278.00,158.2,ng/kg,p<0.05 vs start (A); p<0.05 vs AP (a),"Table 7 (p.10), end of 42-day experiment (14 June)","Table 7 header literally states ng/L for spinach tissue; Methods 2.3 defines solid-sample LOQs in ng/kg and Table 6 separately uses ng/kg for muscle (also solid tissue). Recorded here as ng/kg, treating ng/L as a likely copy-paste header error from the water tables -- see WARN-CHECK in trials.csv Experimental Remarks. Numeric magnitude unaffected, taken as printed."
atiqueAquaponicsBeneficialTerms2022,atiqueAquaponicsBeneficialTerms2022-T1,AP,biochemistry,MIB (root),1496.6,998.2,ng/kg,ns vs start; ns vs HYD,"Table 7 (p.10), end of 42-day experiment (14 June)","Table 7 header literally states ng/L for spinach tissue; Methods 2.3 defines solid-sample LOQs in ng/kg and Table 6 separately uses ng/kg for muscle (also solid tissue). Recorded here as ng/kg, treating ng/L as a likely copy-paste header error from the water tables -- see WARN-CHECK in trials.csv Experimental Remarks. Numeric magnitude unaffected, taken as printed."
atiqueAquaponicsBeneficialTerms2022,atiqueAquaponicsBeneficialTerms2022-T1,HYD,biochemistry,MIB (root),300.50,80.48,ng/kg,p<0.05 vs start (A); ns vs AP,"Table 7 (p.10), end of 42-day experiment (14 June)","Table 7 header literally states ng/L for spinach tissue; Methods 2.3 defines solid-sample LOQs in ng/kg and Table 6 separately uses ng/kg for muscle (also solid tissue). Recorded here as ng/kg, treating ng/L as a likely copy-paste header error from the water tables -- see WARN-CHECK in trials.csv Experimental Remarks. Numeric magnitude unaffected, taken as printed."
atiqueAquaponicsBeneficialTerms2022,atiqueAquaponicsBeneficialTerms2022-T1,AP,biochemistry,GSM (shoot),8.68,2.50,ng/kg,p<0.05 vs start (A); ns vs HYD,"Table 7 (p.10), end of 42-day experiment (14 June)","Table 7 header literally states ng/L for spinach tissue; Methods 2.3 defines solid-sample LOQs in ng/kg and Table 6 separately uses ng/kg for muscle (also solid tissue). Recorded here as ng/kg, treating ng/L as a likely copy-paste header error from the water tables -- see WARN-CHECK in trials.csv Experimental Remarks. Numeric magnitude unaffected, taken as printed."
atiqueAquaponicsBeneficialTerms2022,atiqueAquaponicsBeneficialTerms2022-T1,HYD,biochemistry,GSM (shoot),7.87,2.24,ng/kg,p<0.05 vs start (A); ns vs AP,"Table 7 (p.10), end of 42-day experiment (14 June)","Table 7 header literally states ng/L for spinach tissue; Methods 2.3 defines solid-sample LOQs in ng/kg and Table 6 separately uses ng/kg for muscle (also solid tissue). Recorded here as ng/kg, treating ng/L as a likely copy-paste header error from the water tables -- see WARN-CHECK in trials.csv Experimental Remarks. Numeric magnitude unaffected, taken as printed."
atiqueAquaponicsBeneficialTerms2022,atiqueAquaponicsBeneficialTerms2022-T1,AP,biochemistry,GSM (root),3579.8,1682.8,ng/kg,ns vs start; p<0.05 vs HYD (a),"Table 7 (p.10), end of 42-day experiment (14 June)","Table 7 header literally states ng/L for spinach tissue; Methods 2.3 defines solid-sample LOQs in ng/kg and Table 6 separately uses ng/kg for muscle (also solid tissue). Recorded here as ng/kg, treating ng/L as a likely copy-paste header error from the water tables -- see WARN-CHECK in trials.csv Experimental Remarks. Numeric magnitude unaffected, taken as printed."
atiqueAquaponicsBeneficialTerms2022,atiqueAquaponicsBeneficialTerms2022-T1,HYD,biochemistry,GSM (root),191.80,48.78,ng/kg,ns vs start; p<0.05 vs AP (a),"Table 7 (p.10), end of 42-day experiment (14 June)","Table 7 header literally states ng/L for spinach tissue; Methods 2.3 defines solid-sample LOQs in ng/kg and Table 6 separately uses ng/kg for muscle (also solid tissue). Recorded here as ng/kg, treating ng/L as a likely copy-paste header error from the water tables -- see WARN-CHECK in trials.csv Experimental Remarks. Numeric magnitude unaffected, taken as printed."
atiqueAquaponicsBeneficialTerms2022,atiqueAquaponicsBeneficialTerms2022-T1,baseline,biochemistry,MIB (shoot),1079.4,NR,ng/kg,not applicable (pre-treatment baseline),"Table 7 (p.10), start (5 May), before AP/HYD split","Table 7 header literally states ng/L for spinach tissue; Methods 2.3 defines solid-sample LOQs in ng/kg and Table 6 separately uses ng/kg for muscle (also solid tissue). Recorded here as ng/kg, treating ng/L as a likely copy-paste header error from the water tables -- see WARN-CHECK in trials.csv Experimental Remarks. Numeric magnitude unaffected, taken as printed. No SD printed for Start values despite the table caption's blanket 'n=3, means +/- SD' statement (WARN-MINOR, see trials.csv remarks); recorded as printed, SD=NR."
atiqueAquaponicsBeneficialTerms2022,atiqueAquaponicsBeneficialTerms2022-T1,baseline,biochemistry,MIB (root),1260.6,NR,ng/kg,not applicable (pre-treatment baseline),"Table 7 (p.10), start (5 May), before AP/HYD split","Table 7 header literally states ng/L for spinach tissue; Methods 2.3 defines solid-sample LOQs in ng/kg and Table 6 separately uses ng/kg for muscle (also solid tissue). Recorded here as ng/kg, treating ng/L as a likely copy-paste header error from the water tables -- see WARN-CHECK in trials.csv Experimental Remarks. Numeric magnitude unaffected, taken as printed. No SD printed for Start values despite the table caption's blanket 'n=3, means +/- SD' statement (WARN-MINOR, see trials.csv remarks); recorded as printed, SD=NR."
atiqueAquaponicsBeneficialTerms2022,atiqueAquaponicsBeneficialTerms2022-T1,baseline,biochemistry,GSM (shoot),134.4,NR,ng/kg,not applicable (pre-treatment baseline),"Table 7 (p.10), start (5 May), before AP/HYD split","Table 7 header literally states ng/L for spinach tissue; Methods 2.3 defines solid-sample LOQs in ng/kg and Table 6 separately uses ng/kg for muscle (also solid tissue). Recorded here as ng/kg, treating ng/L as a likely copy-paste header error from the water tables -- see WARN-CHECK in trials.csv Experimental Remarks. Numeric magnitude unaffected, taken as printed. No SD printed for Start values despite the table caption's blanket 'n=3, means +/- SD' statement (WARN-MINOR, see trials.csv remarks); recorded as printed, SD=NR."
atiqueAquaponicsBeneficialTerms2022,atiqueAquaponicsBeneficialTerms2022-T1,baseline,biochemistry,GSM (root),212.8,NR,ng/kg,not applicable (pre-treatment baseline),"Table 7 (p.10), start (5 May), before AP/HYD split","Table 7 header literally states ng/L for spinach tissue; Methods 2.3 defines solid-sample LOQs in ng/kg and Table 6 separately uses ng/kg for muscle (also solid tissue). Recorded here as ng/kg, treating ng/L as a likely copy-paste header error from the water tables -- see WARN-CHECK in trials.csv Experimental Remarks. Numeric magnitude unaffected, taken as printed. No SD printed for Start values despite the table caption's blanket 'n=3, means +/- SD' statement (WARN-MINOR, see trials.csv remarks); recorded as printed, SD=NR."
baniowdehBarleyHordeumVulgare2025,baniowdehBarleyHordeumVulgare2025-T1,AP,proximate,Moisture (H2O) (day 7),87,1.7,%,ab,Table 4,
baniowdehBarleyHordeumVulgare2025,baniowdehBarleyHordeumVulgare2025-T1,HYD-tap,proximate,Moisture (H2O) (day 7),88,2.2,%,b,Table 4,
baniowdehBarleyHordeumVulgare2025,baniowdehBarleyHordeumVulgare2025-T1,AP,proximate,Ash (day 7),9.1,0.86,%,a,Table 4,
baniowdehBarleyHordeumVulgare2025,baniowdehBarleyHordeumVulgare2025-T1,HYD-tap,proximate,Ash (day 7),9.3,0.94,%,a,Table 4,
baniowdehBarleyHordeumVulgare2025,baniowdehBarleyHordeumVulgare2025-T1,AP,proximate,Crude fibre (day 7),17,2.8,%,a,Table 4,
baniowdehBarleyHordeumVulgare2025,baniowdehBarleyHordeumVulgare2025-T1,HYD-tap,proximate,Crude fibre (day 7),17,2.5,%,a,Table 4,
baniowdehBarleyHordeumVulgare2025,baniowdehBarleyHordeumVulgare2025-T1,AP,proximate,Crude protein (day 7),16,2.8,%,b,Table 4,
baniowdehBarleyHordeumVulgare2025,baniowdehBarleyHordeumVulgare2025-T1,HYD-tap,proximate,Crude protein (day 7),17,3.7,%,bc,Table 4,
baniowdehBarleyHordeumVulgare2025,baniowdehBarleyHordeumVulgare2025-T1,AP,proximate,Moisture (H2O) (day 14),84,2.5,%,a,Table 4,
baniowdehBarleyHordeumVulgare2025,baniowdehBarleyHordeumVulgare2025-T1,HYD-tap,proximate,Moisture (H2O) (day 14),86,1.8,%,ab,Table 4,
baniowdehBarleyHordeumVulgare2025,baniowdehBarleyHordeumVulgare2025-T1,AP,proximate,Ash (day 14),9,0.82,%,a,Table 4,
baniowdehBarleyHordeumVulgare2025,baniowdehBarleyHordeumVulgare2025-T1,HYD-tap,proximate,Ash (day 14),9.2,0.75,%,a,Table 4,
baniowdehBarleyHordeumVulgare2025,baniowdehBarleyHordeumVulgare2025-T1,AP,proximate,Crude fibre (day 14),22,3.5,%,a,Table 4,
baniowdehBarleyHordeumVulgare2025,baniowdehBarleyHordeumVulgare2025-T1,HYD-tap,proximate,Crude fibre (day 14),17,2.8,%,a,Table 4,
baniowdehBarleyHordeumVulgare2025,baniowdehBarleyHordeumVulgare2025-T1,AP,proximate,Crude protein (day 14),19,4.3,%,c,Table 4,
baniowdehBarleyHordeumVulgare2025,baniowdehBarleyHordeumVulgare2025-T1,HYD-tap,proximate,Crude protein (day 14),17,2.9,%,b,Table 4,
baniowdehBarleyHordeumVulgare2025,baniowdehBarleyHordeumVulgare2025-T2,AP,proximate,Moisture (H2O) (day 7),87,1.7,%,ab,Table 4,
baniowdehBarleyHordeumVulgare2025,baniowdehBarleyHordeumVulgare2025-T2,HYD-nutrient,proximate,Moisture (H2O) (day 7),88,1.5,%,b,Table 4,
baniowdehBarleyHordeumVulgare2025,baniowdehBarleyHordeumVulgare2025-T2,AP,proximate,Ash (day 7),9.1,0.86,%,a,Table 4,
baniowdehBarleyHordeumVulgare2025,baniowdehBarleyHordeumVulgare2025-T2,HYD-nutrient,proximate,Ash (day 7),9.3,8.5,%,a,Table 4,"WARN-MINOR: SD as printed (9.3+/-8.5) is implausible, likely typo for ~0.85; recorded as printed, see note's Extraction notes"
baniowdehBarleyHordeumVulgare2025,baniowdehBarleyHordeumVulgare2025-T2,AP,proximate,Crude fibre (day 7),17,2.8,%,a,Table 4,
baniowdehBarleyHordeumVulgare2025,baniowdehBarleyHordeumVulgare2025-T2,HYD-nutrient,proximate,Crude fibre (day 7),18,3,%,a,Table 4,
baniowdehBarleyHordeumVulgare2025,baniowdehBarleyHordeumVulgare2025-T2,AP,proximate,Crude protein (day 7),16,2.8,%,b,Table 4,
baniowdehBarleyHordeumVulgare2025,baniowdehBarleyHordeumVulgare2025-T2,HYD-nutrient,proximate,Crude protein (day 7),13,2.5,%,a,Table 4,
baniowdehBarleyHordeumVulgare2025,baniowdehBarleyHordeumVulgare2025-T2,AP,proximate,Moisture (H2O) (day 14),84,2.5,%,a,Table 4,
baniowdehBarleyHordeumVulgare2025,baniowdehBarleyHordeumVulgare2025-T2,HYD-nutrient,proximate,Moisture (H2O) (day 14),86,2.2,%,ab,Table 4,
baniowdehBarleyHordeumVulgare2025,baniowdehBarleyHordeumVulgare2025-T2,AP,proximate,Ash (day 14),9,0.82,%,a,Table 4,
baniowdehBarleyHordeumVulgare2025,baniowdehBarleyHordeumVulgare2025-T2,HYD-nutrient,proximate,Ash (day 14),8.9,0.78,%,a,Table 4,
baniowdehBarleyHordeumVulgare2025,baniowdehBarleyHordeumVulgare2025-T2,AP,proximate,Crude fibre (day 14),22,3.5,%,a,Table 4,
baniowdehBarleyHordeumVulgare2025,baniowdehBarleyHordeumVulgare2025-T2,HYD-nutrient,proximate,Crude fibre (day 14),21,3.2,%,a,Table 4,
baniowdehBarleyHordeumVulgare2025,baniowdehBarleyHordeumVulgare2025-T2,AP,proximate,Crude protein (day 14),19,4.3,%,c,Table 4,
baniowdehBarleyHordeumVulgare2025,baniowdehBarleyHordeumVulgare2025-T2,HYD-nutrient,proximate,Crude protein (day 14),18,3.1,%,bc,Table 4,"WARN-MATERIAL: Table 4 value used (18%), not Discussion text's conflicting '21%' -- see note's Extraction notes"
biroloEffectsStockingDensity2020,biroloEffectsStockingDensity2020-T2,AP,microbiology,Total viable count,5.41,NR,log10 CFU/mL (rinsate),ns (p=.536),Table 6,"ALD value. Measured only at Cycle-2 harvest (p.3). One-way ANOVA across ALD/AHD/HYP (Table 6); RMSE is the shared ANOVA error term across all 3 groups, not a per-group SD -- no per-group SD reported. RMSE=0.50."
biroloEffectsStockingDensity2020,biroloEffectsStockingDensity2020-T2,HYD,microbiology,Total viable count,5.64,NR,log10 CFU/mL (rinsate),ns (p=.536),Table 6,"HYP is a single, undivided group (no stocking-density split); this value is shared by both T2 (ALD) and T4 (AHD) as their paired hydroponic control for the Cycle-2 microbiology panel. One-way ANOVA across ALD/AHD/HYP (Table 6); RMSE is the shared ANOVA error term across all 3 groups, not a per-group SD -- no per-group SD reported. RMSE=0.50."
biroloEffectsStockingDensity2020,biroloEffectsStockingDensity2020-T4,AP,microbiology,Total viable count,5.89,NR,log10 CFU/mL (rinsate),ns (p=.536),Table 6,"AHD value. Measured only at Cycle-2 harvest (p.3). One-way ANOVA across ALD/AHD/HYP (Table 6); RMSE is the shared ANOVA error term across all 3 groups, not a per-group SD -- no per-group SD reported. RMSE=0.50."
biroloEffectsStockingDensity2020,biroloEffectsStockingDensity2020-T4,HYD,microbiology,Total viable count,5.64,NR,log10 CFU/mL (rinsate),ns (p=.536),Table 6,"HYP is a single, undivided group (no stocking-density split); this value is shared by both T2 (ALD) and T4 (AHD) as their paired hydroponic control for the Cycle-2 microbiology panel. One-way ANOVA across ALD/AHD/HYP (Table 6); RMSE is the shared ANOVA error term across all 3 groups, not a per-group SD -- no per-group SD reported. RMSE=0.50."
biroloEffectsStockingDensity2020,biroloEffectsStockingDensity2020-T2,AP,microbiology,Enterobacteriaceae,3.43,NR,log10 CFU/mL (rinsate),ns (p=.274),Table 6,"ALD value. Measured only at Cycle-2 harvest (p.3). One-way ANOVA across ALD/AHD/HYP (Table 6); RMSE is the shared ANOVA error term across all 3 groups, not a per-group SD -- no per-group SD reported. RMSE=1.00."
biroloEffectsStockingDensity2020,biroloEffectsStockingDensity2020-T2,HYD,microbiology,Enterobacteriaceae,1.98,NR,log10 CFU/mL (rinsate),ns (p=.274),Table 6,"HYP is a single, undivided group (no stocking-density split); this value is shared by both T2 (ALD) and T4 (AHD) as their paired hydroponic control for the Cycle-2 microbiology panel. One-way ANOVA across ALD/AHD/HYP (Table 6); RMSE is the shared ANOVA error term across all 3 groups, not a per-group SD -- no per-group SD reported. RMSE=1.00."
biroloEffectsStockingDensity2020,biroloEffectsStockingDensity2020-T4,AP,microbiology,Enterobacteriaceae,2.44,NR,log10 CFU/mL (rinsate),ns (p=.274),Table 6,"AHD value. Measured only at Cycle-2 harvest (p.3). One-way ANOVA across ALD/AHD/HYP (Table 6); RMSE is the shared ANOVA error term across all 3 groups, not a per-group SD -- no per-group SD reported. RMSE=1.00."
biroloEffectsStockingDensity2020,biroloEffectsStockingDensity2020-T4,HYD,microbiology,Enterobacteriaceae,1.98,NR,log10 CFU/mL (rinsate),ns (p=.274),Table 6,"HYP is a single, undivided group (no stocking-density split); this value is shared by both T2 (ALD) and T4 (AHD) as their paired hydroponic control for the Cycle-2 microbiology panel. One-way ANOVA across ALD/AHD/HYP (Table 6); RMSE is the shared ANOVA error term across all 3 groups, not a per-group SD -- no per-group SD reported. RMSE=1.00."
biroloEffectsStockingDensity2020,biroloEffectsStockingDensity2020-T2,AP,microbiology,Pseudomonas,6.04,NR,log10 CFU/mL (rinsate),ns (p=.492),Table 6,"ALD value. Measured only at Cycle-2 harvest (p.3). One-way ANOVA across ALD/AHD/HYP (Table 6); RMSE is the shared ANOVA error term across all 3 groups, not a per-group SD -- no per-group SD reported. RMSE=0.38."
biroloEffectsStockingDensity2020,biroloEffectsStockingDensity2020-T2,HYD,microbiology,Pseudomonas,6.03,NR,log10 CFU/mL (rinsate),ns (p=.492),Table 6,"HYP is a single, undivided group (no stocking-density split); this value is shared by both T2 (ALD) and T4 (AHD) as their paired hydroponic control for the Cycle-2 microbiology panel. One-way ANOVA across ALD/AHD/HYP (Table 6); RMSE is the shared ANOVA error term across all 3 groups, not a per-group SD -- no per-group SD reported. RMSE=0.38."
biroloEffectsStockingDensity2020,biroloEffectsStockingDensity2020-T4,AP,microbiology,Pseudomonas,5.70,NR,log10 CFU/mL (rinsate),ns (p=.492),Table 6,"AHD value. Measured only at Cycle-2 harvest (p.3). One-way ANOVA across ALD/AHD/HYP (Table 6); RMSE is the shared ANOVA error term across all 3 groups, not a per-group SD -- no per-group SD reported. RMSE=0.38."
biroloEffectsStockingDensity2020,biroloEffectsStockingDensity2020-T4,HYD,microbiology,Pseudomonas,6.03,NR,log10 CFU/mL (rinsate),ns (p=.492),Table 6,"HYP is a single, undivided group (no stocking-density split); this value is shared by both T2 (ALD) and T4 (AHD) as their paired hydroponic control for the Cycle-2 microbiology panel. One-way ANOVA across ALD/AHD/HYP (Table 6); RMSE is the shared ANOVA error term across all 3 groups, not a per-group SD -- no per-group SD reported. RMSE=0.38."
biroloEffectsStockingDensity2020,biroloEffectsStockingDensity2020-T2,AP,microbiology,Escherichia coli,not detected,NR,log10 CFU/mL (rinsate),NR,"Results 3.5, p.4","ALD. Paper states 'Escherichia coli, moulds and yeasts were not found in the skin or lettuce and thus their counts are not given in tables' (p.4) -- an explicit qualitative finding, not a numeric value withheld in a figure; recorded as 'not detected' rather than a fabricated 0 or a withholding NR."
biroloEffectsStockingDensity2020,biroloEffectsStockingDensity2020-T2,AP,microbiology,Moulds,not detected,NR,log10 CFU/mL (rinsate),NR,"Results 3.5, p.4","ALD. Paper states 'Escherichia coli, moulds and yeasts were not found in the skin or lettuce and thus their counts are not given in tables' (p.4) -- an explicit qualitative finding, not a numeric value withheld in a figure; recorded as 'not detected' rather than a fabricated 0 or a withholding NR."
biroloEffectsStockingDensity2020,biroloEffectsStockingDensity2020-T2,AP,microbiology,Yeasts,not detected,NR,log10 CFU/mL (rinsate),NR,"Results 3.5, p.4","ALD. Paper states 'Escherichia coli, moulds and yeasts were not found in the skin or lettuce and thus their counts are not given in tables' (p.4) -- an explicit qualitative finding, not a numeric value withheld in a figure; recorded as 'not detected' rather than a fabricated 0 or a withholding NR."
biroloEffectsStockingDensity2020,biroloEffectsStockingDensity2020-T2,HYD,microbiology,Escherichia coli,not detected,NR,log10 CFU/mL (rinsate),NR,"Results 3.5, p.4","HYP, shared control. Paper states 'Escherichia coli, moulds and yeasts were not found in the skin or lettuce and thus their counts are not given in tables' (p.4) -- an explicit qualitative finding, not a numeric value withheld in a figure; recorded as 'not detected' rather than a fabricated 0 or a withholding NR."
biroloEffectsStockingDensity2020,biroloEffectsStockingDensity2020-T2,HYD,microbiology,Moulds,not detected,NR,log10 CFU/mL (rinsate),NR,"Results 3.5, p.4","HYP, shared control. Paper states 'Escherichia coli, moulds and yeasts were not found in the skin or lettuce and thus their counts are not given in tables' (p.4) -- an explicit qualitative finding, not a numeric value withheld in a figure; recorded as 'not detected' rather than a fabricated 0 or a withholding NR."
biroloEffectsStockingDensity2020,biroloEffectsStockingDensity2020-T2,HYD,microbiology,Yeasts,not detected,NR,log10 CFU/mL (rinsate),NR,"Results 3.5, p.4","HYP, shared control. Paper states 'Escherichia coli, moulds and yeasts were not found in the skin or lettuce and thus their counts are not given in tables' (p.4) -- an explicit qualitative finding, not a numeric value withheld in a figure; recorded as 'not detected' rather than a fabricated 0 or a withholding NR."
biroloEffectsStockingDensity2020,biroloEffectsStockingDensity2020-T4,AP,microbiology,Escherichia coli,not detected,NR,log10 CFU/mL (rinsate),NR,"Results 3.5, p.4","AHD. Paper states 'Escherichia coli, moulds and yeasts were not found in the skin or lettuce and thus their counts are not given in tables' (p.4) -- an explicit qualitative finding, not a numeric value withheld in a figure; recorded as 'not detected' rather than a fabricated 0 or a withholding NR."
biroloEffectsStockingDensity2020,biroloEffectsStockingDensity2020-T4,AP,microbiology,Moulds,not detected,NR,log10 CFU/mL (rinsate),NR,"Results 3.5, p.4","AHD. Paper states 'Escherichia coli, moulds and yeasts were not found in the skin or lettuce and thus their counts are not given in tables' (p.4) -- an explicit qualitative finding, not a numeric value withheld in a figure; recorded as 'not detected' rather than a fabricated 0 or a withholding NR."
biroloEffectsStockingDensity2020,biroloEffectsStockingDensity2020-T4,AP,microbiology,Yeasts,not detected,NR,log10 CFU/mL (rinsate),NR,"Results 3.5, p.4","AHD. Paper states 'Escherichia coli, moulds and yeasts were not found in the skin or lettuce and thus their counts are not given in tables' (p.4) -- an explicit qualitative finding, not a numeric value withheld in a figure; recorded as 'not detected' rather than a fabricated 0 or a withholding NR."
biroloEffectsStockingDensity2020,biroloEffectsStockingDensity2020-T4,HYD,microbiology,Escherichia coli,not detected,NR,log10 CFU/mL (rinsate),NR,"Results 3.5, p.4","HYP, shared control. Paper states 'Escherichia coli, moulds and yeasts were not found in the skin or lettuce and thus their counts are not given in tables' (p.4) -- an explicit qualitative finding, not a numeric value withheld in a figure; recorded as 'not detected' rather than a fabricated 0 or a withholding NR."
biroloEffectsStockingDensity2020,biroloEffectsStockingDensity2020-T4,HYD,microbiology,Moulds,not detected,NR,log10 CFU/mL (rinsate),NR,"Results 3.5, p.4","HYP, shared control. Paper states 'Escherichia coli, moulds and yeasts were not found in the skin or lettuce and thus their counts are not given in tables' (p.4) -- an explicit qualitative finding, not a numeric value withheld in a figure; recorded as 'not detected' rather than a fabricated 0 or a withholding NR."
biroloEffectsStockingDensity2020,biroloEffectsStockingDensity2020-T4,HYD,microbiology,Yeasts,not detected,NR,log10 CFU/mL (rinsate),NR,"Results 3.5, p.4","HYP, shared control. Paper states 'Escherichia coli, moulds and yeasts were not found in the skin or lettuce and thus their counts are not given in tables' (p.4) -- an explicit qualitative finding, not a numeric value withheld in a figure; recorded as 'not detected' rather than a fabricated 0 or a withholding NR."
blanchardEffectPHCucumber2020,blanchardEffectPHCucumber2020-T1,AP,mineral,"Leaf N (midseason, 30 DAT)",4.98,NR,% dry matter,ns,"Table 3, p.5",
blanchardEffectPHCucumber2020,blanchardEffectPHCucumber2020-T1,AP,mineral,"Leaf P (midseason, 30 DAT)",0.68,NR,% dry matter,a,"Table 3, p.5","Table-wide trend: quadratic, p<0.05 (Q*), for foliar P this season"
blanchardEffectPHCucumber2020,blanchardEffectPHCucumber2020-T1,AP,mineral,"Leaf K (midseason, 30 DAT)",3.95,NR,% dry matter,ns,"Table 3, p.5",
blanchardEffectPHCucumber2020,blanchardEffectPHCucumber2020-T1,AP,mineral,"Leaf Ca (midseason, 30 DAT)",8.36,NR,% dry matter,ns,"Table 3, p.5",
blanchardEffectPHCucumber2020,blanchardEffectPHCucumber2020-T1,AP,mineral,"Leaf Mg (midseason, 30 DAT)",0.58,NR,% dry matter,ns,"Table 3, p.5",
blanchardEffectPHCucumber2020,blanchardEffectPHCucumber2020-T1,AP,mineral,"Leaf S (midseason, 30 DAT)",0.76,NR,% dry matter,ns,"Table 3, p.5",
blanchardEffectPHCucumber2020,blanchardEffectPHCucumber2020-T1,AP,mineral,"Leaf N (end-of-season, 60 DAT)",5.26,NR,% dry matter,ns,"Table 5, p.6",
blanchardEffectPHCucumber2020,blanchardEffectPHCucumber2020-T1,AP,mineral,"Leaf P (end-of-season, 60 DAT)",0.54,NR,% dry matter,ns,"Table 5, p.6",
blanchardEffectPHCucumber2020,blanchardEffectPHCucumber2020-T1,AP,mineral,"Leaf K (end-of-season, 60 DAT)",4.11,NR,% dry matter,ns,"Table 5, p.6",
blanchardEffectPHCucumber2020,blanchardEffectPHCucumber2020-T1,AP,mineral,"Leaf Ca (end-of-season, 60 DAT)",5.46,NR,% dry matter,ns,"Table 5, p.6",
blanchardEffectPHCucumber2020,blanchardEffectPHCucumber2020-T1,AP,mineral,"Leaf Mg (end-of-season, 60 DAT)",0.41,NR,% dry matter,ns,"Table 5, p.6",
blanchardEffectPHCucumber2020,blanchardEffectPHCucumber2020-T1,AP,mineral,"Leaf S (end-of-season, 60 DAT)",1.23,NR,% dry matter,ns,"Table 5, p.6",
blanchardEffectPHCucumber2020,blanchardEffectPHCucumber2020-T1,AP,mineral,"Leaf B (midseason, 30 DAT)",60,NR,mg/kg dry matter,ns,"Table 8, p.7",
blanchardEffectPHCucumber2020,blanchardEffectPHCucumber2020-T1,AP,mineral,"Leaf Zn (midseason, 30 DAT)",95,NR,mg/kg dry matter,ns,"Table 8, p.7",
blanchardEffectPHCucumber2020,blanchardEffectPHCucumber2020-T1,AP,mineral,"Leaf Mn (midseason, 30 DAT)",46,NR,mg/kg dry matter,ns,"Table 8, p.7",
blanchardEffectPHCucumber2020,blanchardEffectPHCucumber2020-T1,AP,mineral,"Leaf Fe (midseason, 30 DAT)",106,NR,mg/kg dry matter,ns,"Table 8, p.7",
blanchardEffectPHCucumber2020,blanchardEffectPHCucumber2020-T1,AP,mineral,"Leaf Cu (midseason, 30 DAT)",12,NR,mg/kg dry matter,ns,"Table 8, p.7",
blanchardEffectPHCucumber2020,blanchardEffectPHCucumber2020-T1,AP,mineral,"Leaf B (end-of-season, 60 DAT)",58,NR,mg/kg dry matter,ns,"Table 9, p.8",
blanchardEffectPHCucumber2020,blanchardEffectPHCucumber2020-T1,AP,mineral,"Leaf Zn (end-of-season, 60 DAT)",95,NR,mg/kg dry matter,ns,"Table 9, p.8",
blanchardEffectPHCucumber2020,blanchardEffectPHCucumber2020-T1,AP,mineral,"Leaf Mn (end-of-season, 60 DAT)",60,NR,mg/kg dry matter,ns,"Table 9, p.8",
blanchardEffectPHCucumber2020,blanchardEffectPHCucumber2020-T1,AP,mineral,"Leaf Fe (end-of-season, 60 DAT)",104,NR,mg/kg dry matter,ns,"Table 9, p.8",
blanchardEffectPHCucumber2020,blanchardEffectPHCucumber2020-T1,AP,mineral,"Leaf Cu (end-of-season, 60 DAT)",12,NR,mg/kg dry matter,ns,"Table 9, p.8",
blanchardEffectPHCucumber2020,blanchardEffectPHCucumber2020-T2,AP,mineral,"Leaf N (midseason, 30 DAT)",4.96,NR,% dry matter,NR,"Table 3, p.5",
blanchardEffectPHCucumber2020,blanchardEffectPHCucumber2020-T2,AP,mineral,"Leaf P (midseason, 30 DAT)",0.52,NR,% dry matter,b,"Table 3, p.5","Table-wide trend: quadratic, p<0.05 (Q*), for foliar P this season"
blanchardEffectPHCucumber2020,blanchardEffectPHCucumber2020-T2,AP,mineral,"Leaf K (midseason, 30 DAT)",3.65,NR,% dry matter,NR,"Table 3, p.5",
blanchardEffectPHCucumber2020,blanchardEffectPHCucumber2020-T2,AP,mineral,"Leaf Ca (midseason, 30 DAT)",8.16,NR,% dry matter,NR,"Table 3, p.5",
blanchardEffectPHCucumber2020,blanchardEffectPHCucumber2020-T2,AP,mineral,"Leaf Mg (midseason, 30 DAT)",0.56,NR,% dry matter,NR,"Table 3, p.5",
blanchardEffectPHCucumber2020,blanchardEffectPHCucumber2020-T2,AP,mineral,"Leaf S (midseason, 30 DAT)",0.74,NR,% dry matter,NR,"Table 3, p.5",
blanchardEffectPHCucumber2020,blanchardEffectPHCucumber2020-T2,AP,mineral,"Leaf N (end-of-season, 60 DAT)",5.16,NR,% dry matter,NR,"Table 5, p.6",
blanchardEffectPHCucumber2020,blanchardEffectPHCucumber2020-T2,AP,mineral,"Leaf P (end-of-season, 60 DAT)",0.44,NR,% dry matter,NR,"Table 5, p.6",
blanchardEffectPHCucumber2020,blanchardEffectPHCucumber2020-T2,AP,mineral,"Leaf K (end-of-season, 60 DAT)",4.06,NR,% dry matter,NR,"Table 5, p.6",
blanchardEffectPHCucumber2020,blanchardEffectPHCucumber2020-T2,AP,mineral,"Leaf Ca (end-of-season, 60 DAT)",5.61,NR,% dry matter,NR,"Table 5, p.6",
blanchardEffectPHCucumber2020,blanchardEffectPHCucumber2020-T2,AP,mineral,"Leaf Mg (end-of-season, 60 DAT)",0.42,NR,% dry matter,NR,"Table 5, p.6",
blanchardEffectPHCucumber2020,blanchardEffectPHCucumber2020-T2,AP,mineral,"Leaf S (end-of-season, 60 DAT)",1.19,NR,% dry matter,NR,"Table 5, p.6",
blanchardEffectPHCucumber2020,blanchardEffectPHCucumber2020-T2,AP,mineral,"Leaf B (midseason, 30 DAT)",57,NR,mg/kg dry matter,NR,"Table 8, p.7",
blanchardEffectPHCucumber2020,blanchardEffectPHCucumber2020-T2,AP,mineral,"Leaf Zn (midseason, 30 DAT)",84,NR,mg/kg dry matter,NR,"Table 8, p.7",
blanchardEffectPHCucumber2020,blanchardEffectPHCucumber2020-T2,AP,mineral,"Leaf Mn (midseason, 30 DAT)",47,NR,mg/kg dry matter,NR,"Table 8, p.7",
blanchardEffectPHCucumber2020,blanchardEffectPHCucumber2020-T2,AP,mineral,"Leaf Fe (midseason, 30 DAT)",116,NR,mg/kg dry matter,NR,"Table 8, p.7",
blanchardEffectPHCucumber2020,blanchardEffectPHCucumber2020-T2,AP,mineral,"Leaf Cu (midseason, 30 DAT)",12,NR,mg/kg dry matter,NR,"Table 8, p.7",
blanchardEffectPHCucumber2020,blanchardEffectPHCucumber2020-T2,AP,mineral,"Leaf B (end-of-season, 60 DAT)",50,NR,mg/kg dry matter,NR,"Table 9, p.8",
blanchardEffectPHCucumber2020,blanchardEffectPHCucumber2020-T2,AP,mineral,"Leaf Zn (end-of-season, 60 DAT)",95,NR,mg/kg dry matter,NR,"Table 9, p.8",
blanchardEffectPHCucumber2020,blanchardEffectPHCucumber2020-T2,AP,mineral,"Leaf Mn (end-of-season, 60 DAT)",55,NR,mg/kg dry matter,NR,"Table 9, p.8",
blanchardEffectPHCucumber2020,blanchardEffectPHCucumber2020-T2,AP,mineral,"Leaf Fe (end-of-season, 60 DAT)",96,NR,mg/kg dry matter,NR,"Table 9, p.8",
blanchardEffectPHCucumber2020,blanchardEffectPHCucumber2020-T2,AP,mineral,"Leaf Cu (end-of-season, 60 DAT)",11,NR,mg/kg dry matter,NR,"Table 9, p.8",
blanchardEffectPHCucumber2020,blanchardEffectPHCucumber2020-T3,AP,mineral,"Leaf N (midseason, 30 DAT)",4.88,NR,% dry matter,NR,"Table 3, p.5",
blanchardEffectPHCucumber2020,blanchardEffectPHCucumber2020-T3,AP,mineral,"Leaf P (midseason, 30 DAT)",0.54,NR,% dry matter,b,"Table 3, p.5","Table-wide trend: quadratic, p<0.05 (Q*), for foliar P this season"
blanchardEffectPHCucumber2020,blanchardEffectPHCucumber2020-T3,AP,mineral,"Leaf K (midseason, 30 DAT)",3.59,NR,% dry matter,NR,"Table 3, p.5",
blanchardEffectPHCucumber2020,blanchardEffectPHCucumber2020-T3,AP,mineral,"Leaf Ca (midseason, 30 DAT)",7.65,NR,% dry matter,NR,"Table 3, p.5",
blanchardEffectPHCucumber2020,blanchardEffectPHCucumber2020-T3,AP,mineral,"Leaf Mg (midseason, 30 DAT)",0.54,NR,% dry matter,NR,"Table 3, p.5",
blanchardEffectPHCucumber2020,blanchardEffectPHCucumber2020-T3,AP,mineral,"Leaf S (midseason, 30 DAT)",0.74,NR,% dry matter,NR,"Table 3, p.5",
blanchardEffectPHCucumber2020,blanchardEffectPHCucumber2020-T3,AP,mineral,"Leaf N (end-of-season, 60 DAT)",4.84,NR,% dry matter,NR,"Table 5, p.6",
blanchardEffectPHCucumber2020,blanchardEffectPHCucumber2020-T3,AP,mineral,"Leaf P (end-of-season, 60 DAT)",0.44,NR,% dry matter,NR,"Table 5, p.6",
blanchardEffectPHCucumber2020,blanchardEffectPHCucumber2020-T3,AP,mineral,"Leaf K (end-of-season, 60 DAT)",3.82,NR,% dry matter,NR,"Table 5, p.6",
blanchardEffectPHCucumber2020,blanchardEffectPHCucumber2020-T3,AP,mineral,"Leaf Ca (end-of-season, 60 DAT)",4.92,NR,% dry matter,NR,"Table 5, p.6",
blanchardEffectPHCucumber2020,blanchardEffectPHCucumber2020-T3,AP,mineral,"Leaf Mg (end-of-season, 60 DAT)",0.40,NR,% dry matter,NR,"Table 5, p.6",
blanchardEffectPHCucumber2020,blanchardEffectPHCucumber2020-T3,AP,mineral,"Leaf S (end-of-season, 60 DAT)",1.07,NR,% dry matter,NR,"Table 5, p.6",
blanchardEffectPHCucumber2020,blanchardEffectPHCucumber2020-T3,AP,mineral,"Leaf B (midseason, 30 DAT)",55,NR,mg/kg dry matter,NR,"Table 8, p.7",
blanchardEffectPHCucumber2020,blanchardEffectPHCucumber2020-T3,AP,mineral,"Leaf Zn (midseason, 30 DAT)",82,NR,mg/kg dry matter,NR,"Table 8, p.7",
blanchardEffectPHCucumber2020,blanchardEffectPHCucumber2020-T3,AP,mineral,"Leaf Mn (midseason, 30 DAT)",46,NR,mg/kg dry matter,NR,"Table 8, p.7",
blanchardEffectPHCucumber2020,blanchardEffectPHCucumber2020-T3,AP,mineral,"Leaf Fe (midseason, 30 DAT)",120,NR,mg/kg dry matter,NR,"Table 8, p.7",
blanchardEffectPHCucumber2020,blanchardEffectPHCucumber2020-T3,AP,mineral,"Leaf Cu (midseason, 30 DAT)",11,NR,mg/kg dry matter,NR,"Table 8, p.7",
blanchardEffectPHCucumber2020,blanchardEffectPHCucumber2020-T3,AP,mineral,"Leaf B (end-of-season, 60 DAT)",48,NR,mg/kg dry matter,NR,"Table 9, p.8",
blanchardEffectPHCucumber2020,blanchardEffectPHCucumber2020-T3,AP,mineral,"Leaf Zn (end-of-season, 60 DAT)",86,NR,mg/kg dry matter,NR,"Table 9, p.8",
blanchardEffectPHCucumber2020,blanchardEffectPHCucumber2020-T3,AP,mineral,"Leaf Mn (end-of-season, 60 DAT)",54,NR,mg/kg dry matter,NR,"Table 9, p.8",
blanchardEffectPHCucumber2020,blanchardEffectPHCucumber2020-T3,AP,mineral,"Leaf Fe (end-of-season, 60 DAT)",93,NR,mg/kg dry matter,NR,"Table 9, p.8",
blanchardEffectPHCucumber2020,blanchardEffectPHCucumber2020-T3,AP,mineral,"Leaf Cu (end-of-season, 60 DAT)",11,NR,mg/kg dry matter,NR,"Table 9, p.8",
blanchardEffectPHCucumber2020,blanchardEffectPHCucumber2020-T4,AP,mineral,"Leaf N (midseason, 30 DAT)",4.90,NR,% dry matter,NR,"Table 3, p.5",
blanchardEffectPHCucumber2020,blanchardEffectPHCucumber2020-T4,AP,mineral,"Leaf P (midseason, 30 DAT)",0.57,NR,% dry matter,b,"Table 3, p.5","Table-wide trend: quadratic, p<0.05 (Q*), for foliar P this season"
blanchardEffectPHCucumber2020,blanchardEffectPHCucumber2020-T4,AP,mineral,"Leaf K (midseason, 30 DAT)",3.31,NR,% dry matter,NR,"Table 3, p.5",
blanchardEffectPHCucumber2020,blanchardEffectPHCucumber2020-T4,AP,mineral,"Leaf Ca (midseason, 30 DAT)",8.28,NR,% dry matter,NR,"Table 3, p.5",
blanchardEffectPHCucumber2020,blanchardEffectPHCucumber2020-T4,AP,mineral,"Leaf Mg (midseason, 30 DAT)",0.58,NR,% dry matter,NR,"Table 3, p.5",
blanchardEffectPHCucumber2020,blanchardEffectPHCucumber2020-T4,AP,mineral,"Leaf S (midseason, 30 DAT)",0.74,NR,% dry matter,NR,"Table 3, p.5",
blanchardEffectPHCucumber2020,blanchardEffectPHCucumber2020-T4,AP,mineral,"Leaf N (end-of-season, 60 DAT)",5.23,NR,% dry matter,NR,"Table 5, p.6",
blanchardEffectPHCucumber2020,blanchardEffectPHCucumber2020-T4,AP,mineral,"Leaf P (end-of-season, 60 DAT)",0.55,NR,% dry matter,NR,"Table 5, p.6",
blanchardEffectPHCucumber2020,blanchardEffectPHCucumber2020-T4,AP,mineral,"Leaf K (end-of-season, 60 DAT)",4.08,NR,% dry matter,NR,"Table 5, p.6",
blanchardEffectPHCucumber2020,blanchardEffectPHCucumber2020-T4,AP,mineral,"Leaf Ca (end-of-season, 60 DAT)",5.52,NR,% dry matter,NR,"Table 5, p.6",
blanchardEffectPHCucumber2020,blanchardEffectPHCucumber2020-T4,AP,mineral,"Leaf Mg (end-of-season, 60 DAT)",0.43,NR,% dry matter,NR,"Table 5, p.6",
blanchardEffectPHCucumber2020,blanchardEffectPHCucumber2020-T4,AP,mineral,"Leaf S (end-of-season, 60 DAT)",1.20,NR,% dry matter,NR,"Table 5, p.6",
blanchardEffectPHCucumber2020,blanchardEffectPHCucumber2020-T4,AP,mineral,"Leaf B (midseason, 30 DAT)",59,NR,mg/kg dry matter,NR,"Table 8, p.7",
blanchardEffectPHCucumber2020,blanchardEffectPHCucumber2020-T4,AP,mineral,"Leaf Zn (midseason, 30 DAT)",92,NR,mg/kg dry matter,NR,"Table 8, p.7",
blanchardEffectPHCucumber2020,blanchardEffectPHCucumber2020-T4,AP,mineral,"Leaf Mn (midseason, 30 DAT)",47,NR,mg/kg dry matter,NR,"Table 8, p.7",
blanchardEffectPHCucumber2020,blanchardEffectPHCucumber2020-T4,AP,mineral,"Leaf Fe (midseason, 30 DAT)",119,NR,mg/kg dry matter,NR,"Table 8, p.7",
blanchardEffectPHCucumber2020,blanchardEffectPHCucumber2020-T4,AP,mineral,"Leaf Cu (midseason, 30 DAT)",12,NR,mg/kg dry matter,NR,"Table 8, p.7",
blanchardEffectPHCucumber2020,blanchardEffectPHCucumber2020-T4,AP,mineral,"Leaf B (end-of-season, 60 DAT)",53,NR,mg/kg dry matter,NR,"Table 9, p.8",
blanchardEffectPHCucumber2020,blanchardEffectPHCucumber2020-T4,AP,mineral,"Leaf Zn (end-of-season, 60 DAT)",98,NR,mg/kg dry matter,NR,"Table 9, p.8",
blanchardEffectPHCucumber2020,blanchardEffectPHCucumber2020-T4,AP,mineral,"Leaf Mn (end-of-season, 60 DAT)",57,NR,mg/kg dry matter,NR,"Table 9, p.8",
blanchardEffectPHCucumber2020,blanchardEffectPHCucumber2020-T4,AP,mineral,"Leaf Fe (end-of-season, 60 DAT)",94.5,NR,mg/kg dry matter,NR,"Table 9, p.8",
blanchardEffectPHCucumber2020,blanchardEffectPHCucumber2020-T4,AP,mineral,"Leaf Cu (end-of-season, 60 DAT)",12,NR,mg/kg dry matter,NR,"Table 9, p.8",
blanchardEffectPHCucumber2020,blanchardEffectPHCucumber2020-T5,AP,mineral,"Leaf N (midseason, 30 DAT)",5.72,NR,% dry matter,ab,"Table 3, p.5",
blanchardEffectPHCucumber2020,blanchardEffectPHCucumber2020-T5,AP,mineral,"Leaf P (midseason, 30 DAT)",0.62,NR,% dry matter,a,"Table 3, p.5","Table-wide trend: linear, p<0.05 (L*), for foliar P this season"
blanchardEffectPHCucumber2020,blanchardEffectPHCucumber2020-T5,AP,mineral,"Leaf K (midseason, 30 DAT)",3.19,NR,% dry matter,ns,"Table 3, p.5",
blanchardEffectPHCucumber2020,blanchardEffectPHCucumber2020-T5,AP,mineral,"Leaf Ca (midseason, 30 DAT)",4.56,NR,% dry matter,ns,"Table 3, p.5",
blanchardEffectPHCucumber2020,blanchardEffectPHCucumber2020-T5,AP,mineral,"Leaf Mg (midseason, 30 DAT)",0.46,NR,% dry matter,ns,"Table 3, p.5",
blanchardEffectPHCucumber2020,blanchardEffectPHCucumber2020-T5,AP,mineral,"Leaf S (midseason, 30 DAT)",0.98,NR,% dry matter,ns,"Table 3, p.5",
blanchardEffectPHCucumber2020,blanchardEffectPHCucumber2020-T5,AP,mineral,"Leaf N (end-of-season, 60 DAT)",3.94,NR,% dry matter,ns,"Table 5, p.6",
blanchardEffectPHCucumber2020,blanchardEffectPHCucumber2020-T5,AP,mineral,"Leaf P (end-of-season, 60 DAT)",0.38,NR,% dry matter,a,"Table 5, p.6","Table-wide trend: linear, p<0.05 (L*), for foliar P this season"
blanchardEffectPHCucumber2020,blanchardEffectPHCucumber2020-T5,AP,mineral,"Leaf K (end-of-season, 60 DAT)",2.70,NR,% dry matter,ns,"Table 5, p.6",
blanchardEffectPHCucumber2020,blanchardEffectPHCucumber2020-T5,AP,mineral,"Leaf Ca (end-of-season, 60 DAT)",8.85,NR,% dry matter,ab,"Table 5, p.6","Table-wide trend: linear, p<0.05 (L*); see WARN-MATERIAL in trials.csv remarks re: narrative direction mismatch with water Ca."
blanchardEffectPHCucumber2020,blanchardEffectPHCucumber2020-T5,AP,mineral,"Leaf Mg (end-of-season, 60 DAT)",0.59,NR,% dry matter,ns,"Table 5, p.6",
blanchardEffectPHCucumber2020,blanchardEffectPHCucumber2020-T5,AP,mineral,"Leaf S (end-of-season, 60 DAT)",1.45,NR,% dry matter,ns,"Table 5, p.6",
blanchardEffectPHCucumber2020,blanchardEffectPHCucumber2020-T5,AP,mineral,"Leaf B (midseason, 30 DAT)",43,NR,mg/kg dry matter,ns,"Table 8, p.7",
blanchardEffectPHCucumber2020,blanchardEffectPHCucumber2020-T5,AP,mineral,"Leaf Zn (midseason, 30 DAT)",80,NR,mg/kg dry matter,ns,"Table 8, p.7",
blanchardEffectPHCucumber2020,blanchardEffectPHCucumber2020-T5,AP,mineral,"Leaf Mn (midseason, 30 DAT)",184,NR,mg/kg dry matter,ab,"Table 8, p.7","Table-wide trend: quadratic, p<0.05 (Q*), for foliar Mn this season"
blanchardEffectPHCucumber2020,blanchardEffectPHCucumber2020-T5,AP,mineral,"Leaf Fe (midseason, 30 DAT)",144,NR,mg/kg dry matter,ns,"Table 8, p.7",
blanchardEffectPHCucumber2020,blanchardEffectPHCucumber2020-T5,AP,mineral,"Leaf Cu (midseason, 30 DAT)",11,NR,mg/kg dry matter,ns,"Table 8, p.7",
blanchardEffectPHCucumber2020,blanchardEffectPHCucumber2020-T5,AP,mineral,"Leaf B (end-of-season, 60 DAT)",59,NR,mg/kg dry matter,ns,"Table 9, p.8",
blanchardEffectPHCucumber2020,blanchardEffectPHCucumber2020-T5,AP,mineral,"Leaf Zn (end-of-season, 60 DAT)",69,NR,mg/kg dry matter,ns,"Table 9, p.8",
blanchardEffectPHCucumber2020,blanchardEffectPHCucumber2020-T5,AP,mineral,"Leaf Mn (end-of-season, 60 DAT)",391,NR,mg/kg dry matter,ns,"Table 9, p.8",
blanchardEffectPHCucumber2020,blanchardEffectPHCucumber2020-T5,AP,mineral,"Leaf Fe (end-of-season, 60 DAT)",107,NR,mg/kg dry matter,ns,"Table 9, p.8",
blanchardEffectPHCucumber2020,blanchardEffectPHCucumber2020-T5,AP,mineral,"Leaf Cu (end-of-season, 60 DAT)",11,NR,mg/kg dry matter,ns,"Table 9, p.8",
blanchardEffectPHCucumber2020,blanchardEffectPHCucumber2020-T6,AP,mineral,"Leaf N (midseason, 30 DAT)",5.57,NR,% dry matter,c,"Table 3, p.5",
blanchardEffectPHCucumber2020,blanchardEffectPHCucumber2020-T6,AP,mineral,"Leaf P (midseason, 30 DAT)",0.51,NR,% dry matter,b,"Table 3, p.5","Table-wide trend: linear, p<0.05 (L*), for foliar P this season"
blanchardEffectPHCucumber2020,blanchardEffectPHCucumber2020-T6,AP,mineral,"Leaf K (midseason, 30 DAT)",3.38,NR,% dry matter,NR,"Table 3, p.5",
blanchardEffectPHCucumber2020,blanchardEffectPHCucumber2020-T6,AP,mineral,"Leaf Ca (midseason, 30 DAT)",4.71,NR,% dry matter,NR,"Table 3, p.5",
blanchardEffectPHCucumber2020,blanchardEffectPHCucumber2020-T6,AP,mineral,"Leaf Mg (midseason, 30 DAT)",0.51,NR,% dry matter,NR,"Table 3, p.5",
blanchardEffectPHCucumber2020,blanchardEffectPHCucumber2020-T6,AP,mineral,"Leaf S (midseason, 30 DAT)",0.90,NR,% dry matter,NR,"Table 3, p.5",
blanchardEffectPHCucumber2020,blanchardEffectPHCucumber2020-T6,AP,mineral,"Leaf N (end-of-season, 60 DAT)",4.48,NR,% dry matter,NR,"Table 5, p.6",
blanchardEffectPHCucumber2020,blanchardEffectPHCucumber2020-T6,AP,mineral,"Leaf P (end-of-season, 60 DAT)",0.32,NR,% dry matter,b,"Table 5, p.6","Table-wide trend: linear, p<0.05 (L*), for foliar P this season"
blanchardEffectPHCucumber2020,blanchardEffectPHCucumber2020-T6,AP,mineral,"Leaf K (end-of-season, 60 DAT)",2.50,NR,% dry matter,NR,"Table 5, p.6",
blanchardEffectPHCucumber2020,blanchardEffectPHCucumber2020-T6,AP,mineral,"Leaf Ca (end-of-season, 60 DAT)",8.99,NR,% dry matter,a,"Table 5, p.6","Table-wide trend: linear, p<0.05 (L*); see WARN-MATERIAL in trials.csv remarks re: narrative direction mismatch with water Ca."
blanchardEffectPHCucumber2020,blanchardEffectPHCucumber2020-T6,AP,mineral,"Leaf Mg (end-of-season, 60 DAT)",0.63,NR,% dry matter,NR,"Table 5, p.6",
blanchardEffectPHCucumber2020,blanchardEffectPHCucumber2020-T6,AP,mineral,"Leaf S (end-of-season, 60 DAT)",1.43,NR,% dry matter,NR,"Table 5, p.6",
blanchardEffectPHCucumber2020,blanchardEffectPHCucumber2020-T6,AP,mineral,"Leaf B (midseason, 30 DAT)",38,NR,mg/kg dry matter,NR,"Table 8, p.7",
blanchardEffectPHCucumber2020,blanchardEffectPHCucumber2020-T6,AP,mineral,"Leaf Zn (midseason, 30 DAT)",61,NR,mg/kg dry matter,NR,"Table 8, p.7",
blanchardEffectPHCucumber2020,blanchardEffectPHCucumber2020-T6,AP,mineral,"Leaf Mn (midseason, 30 DAT)",118,NR,mg/kg dry matter,c,"Table 8, p.7","Table-wide trend: quadratic, p<0.05 (Q*), for foliar Mn this season"
blanchardEffectPHCucumber2020,blanchardEffectPHCucumber2020-T6,AP,mineral,"Leaf Fe (midseason, 30 DAT)",78,NR,mg/kg dry matter,NR,"Table 8, p.7",
blanchardEffectPHCucumber2020,blanchardEffectPHCucumber2020-T6,AP,mineral,"Leaf Cu (midseason, 30 DAT)",9,NR,mg/kg dry matter,NR,"Table 8, p.7",
blanchardEffectPHCucumber2020,blanchardEffectPHCucumber2020-T6,AP,mineral,"Leaf B (end-of-season, 60 DAT)",53,NR,mg/kg dry matter,NR,"Table 9, p.8",
blanchardEffectPHCucumber2020,blanchardEffectPHCucumber2020-T6,AP,mineral,"Leaf Zn (end-of-season, 60 DAT)",59,NR,mg/kg dry matter,NR,"Table 9, p.8",
blanchardEffectPHCucumber2020,blanchardEffectPHCucumber2020-T6,AP,mineral,"Leaf Mn (end-of-season, 60 DAT)",342,NR,mg/kg dry matter,NR,"Table 9, p.8",
blanchardEffectPHCucumber2020,blanchardEffectPHCucumber2020-T6,AP,mineral,"Leaf Fe (end-of-season, 60 DAT)",100,NR,mg/kg dry matter,NR,"Table 9, p.8",
blanchardEffectPHCucumber2020,blanchardEffectPHCucumber2020-T6,AP,mineral,"Leaf Cu (end-of-season, 60 DAT)",10,NR,mg/kg dry matter,NR,"Table 9, p.8",
blanchardEffectPHCucumber2020,blanchardEffectPHCucumber2020-T7,AP,mineral,"Leaf N (midseason, 30 DAT)",5.85,NR,% dry matter,a,"Table 3, p.5",
blanchardEffectPHCucumber2020,blanchardEffectPHCucumber2020-T7,AP,mineral,"Leaf P (midseason, 30 DAT)",0.54,NR,% dry matter,b,"Table 3, p.5","Table-wide trend: linear, p<0.05 (L*), for foliar P this season"
blanchardEffectPHCucumber2020,blanchardEffectPHCucumber2020-T7,AP,mineral,"Leaf K (midseason, 30 DAT)",3.18,NR,% dry matter,NR,"Table 3, p.5",
blanchardEffectPHCucumber2020,blanchardEffectPHCucumber2020-T7,AP,mineral,"Leaf Ca (midseason, 30 DAT)",4.10,NR,% dry matter,NR,"Table 3, p.5",
blanchardEffectPHCucumber2020,blanchardEffectPHCucumber2020-T7,AP,mineral,"Leaf Mg (midseason, 30 DAT)",0.51,NR,% dry matter,NR,"Table 3, p.5",
blanchardEffectPHCucumber2020,blanchardEffectPHCucumber2020-T7,AP,mineral,"Leaf S (midseason, 30 DAT)",1.09,NR,% dry matter,NR,"Table 3, p.5",
blanchardEffectPHCucumber2020,blanchardEffectPHCucumber2020-T7,AP,mineral,"Leaf N (end-of-season, 60 DAT)",5.10,NR,% dry matter,NR,"Table 5, p.6",
blanchardEffectPHCucumber2020,blanchardEffectPHCucumber2020-T7,AP,mineral,"Leaf P (end-of-season, 60 DAT)",0.33,NR,% dry matter,b,"Table 5, p.6","Table-wide trend: linear, p<0.05 (L*), for foliar P this season"
blanchardEffectPHCucumber2020,blanchardEffectPHCucumber2020-T7,AP,mineral,"Leaf K (end-of-season, 60 DAT)",2.52,NR,% dry matter,NR,"Table 5, p.6",
blanchardEffectPHCucumber2020,blanchardEffectPHCucumber2020-T7,AP,mineral,"Leaf Ca (end-of-season, 60 DAT)",8.54,NR,% dry matter,bc,"Table 5, p.6","Table-wide trend: linear, p<0.05 (L*); see WARN-MATERIAL in trials.csv remarks re: narrative direction mismatch with water Ca."
blanchardEffectPHCucumber2020,blanchardEffectPHCucumber2020-T7,AP,mineral,"Leaf Mg (end-of-season, 60 DAT)",0.62,NR,% dry matter,NR,"Table 5, p.6",
blanchardEffectPHCucumber2020,blanchardEffectPHCucumber2020-T7,AP,mineral,"Leaf S (end-of-season, 60 DAT)",1.51,NR,% dry matter,NR,"Table 5, p.6",
blanchardEffectPHCucumber2020,blanchardEffectPHCucumber2020-T7,AP,mineral,"Leaf B (midseason, 30 DAT)",40,NR,mg/kg dry matter,NR,"Table 8, p.7",
blanchardEffectPHCucumber2020,blanchardEffectPHCucumber2020-T7,AP,mineral,"Leaf Zn (midseason, 30 DAT)",62,NR,mg/kg dry matter,NR,"Table 8, p.7",
blanchardEffectPHCucumber2020,blanchardEffectPHCucumber2020-T7,AP,mineral,"Leaf Mn (midseason, 30 DAT)",166,NR,mg/kg dry matter,b,"Table 8, p.7","Table-wide trend: quadratic, p<0.05 (Q*), for foliar Mn this season"
blanchardEffectPHCucumber2020,blanchardEffectPHCucumber2020-T7,AP,mineral,"Leaf Fe (midseason, 30 DAT)",89,NR,mg/kg dry matter,NR,"Table 8, p.7",
blanchardEffectPHCucumber2020,blanchardEffectPHCucumber2020-T7,AP,mineral,"Leaf Cu (midseason, 30 DAT)",10,NR,mg/kg dry matter,NR,"Table 8, p.7",
blanchardEffectPHCucumber2020,blanchardEffectPHCucumber2020-T7,AP,mineral,"Leaf B (end-of-season, 60 DAT)",53,NR,mg/kg dry matter,NR,"Table 9, p.8",
blanchardEffectPHCucumber2020,blanchardEffectPHCucumber2020-T7,AP,mineral,"Leaf Zn (end-of-season, 60 DAT)",67,NR,mg/kg dry matter,NR,"Table 9, p.8",
blanchardEffectPHCucumber2020,blanchardEffectPHCucumber2020-T7,AP,mineral,"Leaf Mn (end-of-season, 60 DAT)",285,NR,mg/kg dry matter,NR,"Table 9, p.8",
blanchardEffectPHCucumber2020,blanchardEffectPHCucumber2020-T7,AP,mineral,"Leaf Fe (end-of-season, 60 DAT)",101,NR,mg/kg dry matter,NR,"Table 9, p.8",
blanchardEffectPHCucumber2020,blanchardEffectPHCucumber2020-T7,AP,mineral,"Leaf Cu (end-of-season, 60 DAT)",10,NR,mg/kg dry matter,NR,"Table 9, p.8",
blanchardEffectPHCucumber2020,blanchardEffectPHCucumber2020-T8,AP,mineral,"Leaf N (midseason, 30 DAT)",5.68,NR,% dry matter,bc,"Table 3, p.5",
blanchardEffectPHCucumber2020,blanchardEffectPHCucumber2020-T8,AP,mineral,"Leaf P (midseason, 30 DAT)",0.51,NR,% dry matter,b,"Table 3, p.5","Table-wide trend: linear, p<0.05 (L*), for foliar P this season"
blanchardEffectPHCucumber2020,blanchardEffectPHCucumber2020-T8,AP,mineral,"Leaf K (midseason, 30 DAT)",3.31,NR,% dry matter,NR,"Table 3, p.5",
blanchardEffectPHCucumber2020,blanchardEffectPHCucumber2020-T8,AP,mineral,"Leaf Ca (midseason, 30 DAT)",4.47,NR,% dry matter,NR,"Table 3, p.5",
blanchardEffectPHCucumber2020,blanchardEffectPHCucumber2020-T8,AP,mineral,"Leaf Mg (midseason, 30 DAT)",0.46,NR,% dry matter,NR,"Table 3, p.5",
blanchardEffectPHCucumber2020,blanchardEffectPHCucumber2020-T8,AP,mineral,"Leaf S (midseason, 30 DAT)",1.03,NR,% dry matter,NR,"Table 3, p.5",
blanchardEffectPHCucumber2020,blanchardEffectPHCucumber2020-T8,AP,mineral,"Leaf N (end-of-season, 60 DAT)",5.16,NR,% dry matter,NR,"Table 5, p.6",
blanchardEffectPHCucumber2020,blanchardEffectPHCucumber2020-T8,AP,mineral,"Leaf P (end-of-season, 60 DAT)",0.34,NR,% dry matter,b,"Table 5, p.6","Table-wide trend: linear, p<0.05 (L*), for foliar P this season"
blanchardEffectPHCucumber2020,blanchardEffectPHCucumber2020-T8,AP,mineral,"Leaf K (end-of-season, 60 DAT)",2.66,NR,% dry matter,NR,"Table 5, p.6",
blanchardEffectPHCucumber2020,blanchardEffectPHCucumber2020-T8,AP,mineral,"Leaf Ca (end-of-season, 60 DAT)",8.24,NR,% dry matter,c,"Table 5, p.6","Table-wide trend: linear, p<0.05 (L*); see WARN-MATERIAL in trials.csv remarks re: narrative direction mismatch with water Ca."
blanchardEffectPHCucumber2020,blanchardEffectPHCucumber2020-T8,AP,mineral,"Leaf Mg (end-of-season, 60 DAT)",0.62,NR,% dry matter,NR,"Table 5, p.6",
blanchardEffectPHCucumber2020,blanchardEffectPHCucumber2020-T8,AP,mineral,"Leaf S (end-of-season, 60 DAT)",1.54,NR,% dry matter,NR,"Table 5, p.6",
blanchardEffectPHCucumber2020,blanchardEffectPHCucumber2020-T8,AP,mineral,"Leaf B (midseason, 30 DAT)",38,NR,mg/kg dry matter,NR,"Table 8, p.7",
blanchardEffectPHCucumber2020,blanchardEffectPHCucumber2020-T8,AP,mineral,"Leaf Zn (midseason, 30 DAT)",79,NR,mg/kg dry matter,NR,"Table 8, p.7",
blanchardEffectPHCucumber2020,blanchardEffectPHCucumber2020-T8,AP,mineral,"Leaf Mn (midseason, 30 DAT)",214,NR,mg/kg dry matter,a,"Table 8, p.7","Table-wide trend: quadratic, p<0.05 (Q*), for foliar Mn this season"
blanchardEffectPHCucumber2020,blanchardEffectPHCucumber2020-T8,AP,mineral,"Leaf Fe (midseason, 30 DAT)",86,NR,mg/kg dry matter,NR,"Table 8, p.7",
blanchardEffectPHCucumber2020,blanchardEffectPHCucumber2020-T8,AP,mineral,"Leaf Cu (midseason, 30 DAT)",10,NR,mg/kg dry matter,NR,"Table 8, p.7",
blanchardEffectPHCucumber2020,blanchardEffectPHCucumber2020-T8,AP,mineral,"Leaf B (end-of-season, 60 DAT)",54,NR,mg/kg dry matter,NR,"Table 9, p.8",
blanchardEffectPHCucumber2020,blanchardEffectPHCucumber2020-T8,AP,mineral,"Leaf Zn (end-of-season, 60 DAT)",77,NR,mg/kg dry matter,NR,"Table 9, p.8",
blanchardEffectPHCucumber2020,blanchardEffectPHCucumber2020-T8,AP,mineral,"Leaf Mn (end-of-season, 60 DAT)",367,NR,mg/kg dry matter,NR,"Table 9, p.8",
blanchardEffectPHCucumber2020,blanchardEffectPHCucumber2020-T8,AP,mineral,"Leaf Fe (end-of-season, 60 DAT)",109,NR,mg/kg dry matter,NR,"Table 9, p.8",
blanchardEffectPHCucumber2020,blanchardEffectPHCucumber2020-T8,AP,mineral,"Leaf Cu (end-of-season, 60 DAT)",10,NR,mg/kg dry matter,NR,"Table 9, p.8",
bragliaPhytochemicalsQualityLevel2022,bragliaPhytochemicalsQualityLevel2022-T1,Organic,proximate,Dry weight (DW),7.09,NR,% of FW,ns,"Table 1, p.846",No SD reported for this column despite table caption stating mean +/- SD for all values; see Extraction notes WARN-MINOR.
bragliaPhytochemicalsQualityLevel2022,bragliaPhytochemicalsQualityLevel2022-T1,AP,proximate,Dry weight (DW),6.56,NR,% of FW,ns,"Table 1, p.846",No SD reported; see WARN-MINOR in note.
bragliaPhytochemicalsQualityLevel2022,bragliaPhytochemicalsQualityLevel2022-T1,Organic,biochemistry,Soluble solid content (SSC),5.09,NR,"% (Brix, fresh basis)",ns,"Table 1, p.846",No SD reported; see WARN-MINOR.
bragliaPhytochemicalsQualityLevel2022,bragliaPhytochemicalsQualityLevel2022-T1,AP,biochemistry,Soluble solid content (SSC),4.73,NR,"% (Brix, fresh basis)",ns,"Table 1, p.846",No SD reported; see WARN-MINOR.
bragliaPhytochemicalsQualityLevel2022,bragliaPhytochemicalsQualityLevel2022-T1,Organic,biochemistry,"Soluble solid content (SSC, dry basis)",71.78,NR,% of DW,ns,"Table 1, p.846",No SD reported; see WARN-MINOR.
bragliaPhytochemicalsQualityLevel2022,bragliaPhytochemicalsQualityLevel2022-T1,AP,biochemistry,"Soluble solid content (SSC, dry basis)",72.15,NR,% of DW,ns,"Table 1, p.846",No SD reported; see WARN-MINOR.
bragliaPhytochemicalsQualityLevel2022,bragliaPhytochemicalsQualityLevel2022-T1,Organic,biochemistry,Total phenolics (fresh basis),0.61,0.09,mg GAEq g-1 FW,P<0.05,"Table 1, p.846",
bragliaPhytochemicalsQualityLevel2022,bragliaPhytochemicalsQualityLevel2022-T1,AP,biochemistry,Total phenolics (fresh basis),0.41,0.07,mg GAEq g-1 FW,P<0.05,"Table 1, p.846",
bragliaPhytochemicalsQualityLevel2022,bragliaPhytochemicalsQualityLevel2022-T1,Organic,biochemistry,Total phenolics (dry basis),8.65,1.28,mg GAEq g-1 DW,P<0.05,"Table 1, p.846",
bragliaPhytochemicalsQualityLevel2022,bragliaPhytochemicalsQualityLevel2022-T1,AP,biochemistry,Total phenolics (dry basis),6.26,1.04,mg GAEq g-1 DW,P<0.05,"Table 1, p.846",
bragliaPhytochemicalsQualityLevel2022,bragliaPhytochemicalsQualityLevel2022-T1,Organic,biochemistry,Antioxidant activity (fresh basis),2.59,0.06,mol AAEq g-1 FW,ns,"Table 1, p.846","WARN-MATERIAL: unit as printed in Table 1 header ('mol AAEq g-1 FW'); physically implausible at this magnitude (would require moles of ascorbic-acid-equivalent per gram of tissue). Methods (p.845-846) also states FW basis as 'mol AAEq g-1 FW' (consistent with table) but DW basis as 'mg AAEq g-1 DW' (inconsistent with the table header's 'mol' for DW, see the paired DW row). Likely a units typo throughout (probably intended micromol or mmol) but this is not stated anywhere in the paper. Recorded value with the table's own unit label; unresolved, verify before citing this unit."
bragliaPhytochemicalsQualityLevel2022,bragliaPhytochemicalsQualityLevel2022-T1,AP,biochemistry,Antioxidant activity (fresh basis),2.87,0.09,mol AAEq g-1 FW,P<0.001,"Table 1, p.846",Same WARN-MATERIAL unit caveat as the Organic-farming row above.
bragliaPhytochemicalsQualityLevel2022,bragliaPhytochemicalsQualityLevel2022-T1,Organic,biochemistry,Antioxidant activity (dry basis),37.02,0.81,mol AAEq g-1 DW,ns,"Table 1, p.846","WARN-MATERIAL: Table 1 header prints 'mol AAEq g-1 DW' but Methods text (p.846) describes the DW-basis AA unit as 'mg AAEq g-1 DW' -- a direct unit disagreement between two parts of the same paper. 'mol' per gram is physically implausible; 'mg' per gram is chemically plausible and matches typical antioxidant-assay reporting, but the table header (the source of this value) says 'mol'. Recorded per table header; both readings given here for the user to resolve."
bragliaPhytochemicalsQualityLevel2022,bragliaPhytochemicalsQualityLevel2022-T1,AP,biochemistry,Antioxidant activity (dry basis),44.18,0.44,mol AAEq g-1 DW,P<0.001,"Table 1, p.846",Same WARN-MATERIAL unit caveat as the Organic-farming row above.
bragliaPhytochemicalsQualityLevel2022,bragliaPhytochemicalsQualityLevel2022-T2,Organic,proximate,Dry weight (DW),21.85,NR,% of FW,P<0.01,"Table 1, p.846",No SD reported; see WARN-MINOR.
bragliaPhytochemicalsQualityLevel2022,bragliaPhytochemicalsQualityLevel2022-T2,AP,proximate,Dry weight (DW),16.61,NR,% of FW,P<0.01,"Table 1, p.846",No SD reported; see WARN-MINOR.
bragliaPhytochemicalsQualityLevel2022,bragliaPhytochemicalsQualityLevel2022-T2,Organic,biochemistry,Soluble solid content (SSC),11.47,NR,"% (Brix, fresh basis)",P<0.05,"Table 1, p.846",No SD reported; see WARN-MINOR.
bragliaPhytochemicalsQualityLevel2022,bragliaPhytochemicalsQualityLevel2022-T2,AP,biochemistry,Soluble solid content (SSC),8.8,NR,"% (Brix, fresh basis)",P<0.05,"Table 1, p.846",No SD reported; see WARN-MINOR.
bragliaPhytochemicalsQualityLevel2022,bragliaPhytochemicalsQualityLevel2022-T2,Organic,biochemistry,"Soluble solid content (SSC, dry basis)",52.51,NR,% of DW,ns,"Table 1, p.846","Body text (p.847) restates this pair as '52.5% versus 52.9%', consistent (rounding only)."
bragliaPhytochemicalsQualityLevel2022,bragliaPhytochemicalsQualityLevel2022-T2,AP,biochemistry,"Soluble solid content (SSC, dry basis)",52.98,NR,% of DW,ns,"Table 1, p.846","Body text (p.847) restates this pair as '52.5% versus 52.9%', consistent (rounding only)."
bragliaPhytochemicalsQualityLevel2022,bragliaPhytochemicalsQualityLevel2022-T2,Organic,biochemistry,Total phenolics (fresh basis),0.98,0.06,mg GAEq g-1 FW,P<0.001,"Table 1, p.846",
bragliaPhytochemicalsQualityLevel2022,bragliaPhytochemicalsQualityLevel2022-T2,AP,biochemistry,Total phenolics (fresh basis),0.77,0.02,mg GAEq g-1 FW,P<0.001,"Table 1, p.846",
bragliaPhytochemicalsQualityLevel2022,bragliaPhytochemicalsQualityLevel2022-T2,Organic,biochemistry,Total phenolics (dry basis),4.48,0.27,mg GAEq g-1 DW,ns,"Table 1, p.846","Body text (p.847) restates as '4.48 versus 4.63', consistent."
bragliaPhytochemicalsQualityLevel2022,bragliaPhytochemicalsQualityLevel2022-T2,AP,biochemistry,Total phenolics (dry basis),4.63,0.15,mg GAEq g-1 DW,ns,"Table 1, p.846","Body text (p.847) restates as '4.48 versus 4.63', consistent."
bragliaPhytochemicalsQualityLevel2022,bragliaPhytochemicalsQualityLevel2022-T2,Organic,biochemistry,Antioxidant activity (fresh basis),3.37,0.06,mol AAEq g-1 FW,P<0.001,"Table 1, p.846","See WARN-MATERIAL unit caveat (row notes under Tomato, T1) -- same issue applies to every AA row in this paper."
bragliaPhytochemicalsQualityLevel2022,bragliaPhytochemicalsQualityLevel2022-T2,AP,biochemistry,Antioxidant activity (fresh basis),3.09,0.06,mol AAEq g-1 FW,P<0.001,"Table 1, p.846",See WARN-MATERIAL unit caveat.
bragliaPhytochemicalsQualityLevel2022,bragliaPhytochemicalsQualityLevel2022-T2,Organic,biochemistry,Antioxidant activity (dry basis),15.42,0.32,mol AAEq g-1 DW,P<0.05,"Table 1, p.846",Body text (p.847) restates as '18.62 versus 15.42 mol AAEq g-1 DW'. See WARN-MATERIAL unit caveat.
bragliaPhytochemicalsQualityLevel2022,bragliaPhytochemicalsQualityLevel2022-T2,AP,biochemistry,Antioxidant activity (dry basis),18.62,0.40,mol AAEq g-1 DW,P<0.05,"Table 1, p.846",See WARN-MATERIAL unit caveat.
bragliaPhytochemicalsQualityLevel2022,bragliaPhytochemicalsQualityLevel2022-T3,Organic,proximate,Dry weight (DW),16.68,NR,% of FW,P<0.01,"Table 1, p.846",No SD reported; see WARN-MINOR.
bragliaPhytochemicalsQualityLevel2022,bragliaPhytochemicalsQualityLevel2022-T3,AP,proximate,Dry weight (DW),10.76,NR,% of FW,P<0.01,"Table 1, p.846",No SD reported; see WARN-MINOR.
bragliaPhytochemicalsQualityLevel2022,bragliaPhytochemicalsQualityLevel2022-T3,Organic,biochemistry,Soluble solid content (SSC),4.05,NR,"% (Brix, fresh basis)",P<0.05,"Table 1, p.846",No SD reported; see WARN-MINOR.
bragliaPhytochemicalsQualityLevel2022,bragliaPhytochemicalsQualityLevel2022-T3,AP,biochemistry,Soluble solid content (SSC),2.7,NR,"% (Brix, fresh basis)",P<0.05,"Table 1, p.846",No SD reported; see WARN-MINOR.
bragliaPhytochemicalsQualityLevel2022,bragliaPhytochemicalsQualityLevel2022-T3,Organic,biochemistry,"Soluble solid content (SSC, dry basis)",24.28,NR,% of DW,ns,"Table 1, p.846",
bragliaPhytochemicalsQualityLevel2022,bragliaPhytochemicalsQualityLevel2022-T3,AP,biochemistry,"Soluble solid content (SSC, dry basis)",25.09,NR,% of DW,ns,"Table 1, p.846",
bragliaPhytochemicalsQualityLevel2022,bragliaPhytochemicalsQualityLevel2022-T3,Organic,biochemistry,Total phenolics (fresh basis),1.02,0.07,mg GAEq g-1 FW,P<0.001,"Table 1, p.846",
bragliaPhytochemicalsQualityLevel2022,bragliaPhytochemicalsQualityLevel2022-T3,AP,biochemistry,Total phenolics (fresh basis),0.78,0.04,mg GAEq g-1 FW,P<0.001,"Table 1, p.846",
bragliaPhytochemicalsQualityLevel2022,bragliaPhytochemicalsQualityLevel2022-T3,Organic,biochemistry,Total phenolics (dry basis),6.11,0.41,mg GAEq g-1 DW,P<0.001,"Table 1, p.846","Body text (p.846) restates as '7.25 versus 6.11 mg GAEq g-1 DW', consistent."
bragliaPhytochemicalsQualityLevel2022,bragliaPhytochemicalsQualityLevel2022-T3,AP,biochemistry,Total phenolics (dry basis),7.25,0.40,mg GAEq g-1 DW,P<0.001,"Table 1, p.846","Body text (p.846) restates as '7.25 versus 6.11 mg GAEq g-1 DW', consistent."
bragliaPhytochemicalsQualityLevel2022,bragliaPhytochemicalsQualityLevel2022-T3,Organic,biochemistry,Antioxidant activity (fresh basis),3.39,0.04,mol AAEq g-1 FW,P<0.001,"Table 1, p.846",See WARN-MATERIAL unit caveat.
bragliaPhytochemicalsQualityLevel2022,bragliaPhytochemicalsQualityLevel2022-T3,AP,biochemistry,Antioxidant activity (fresh basis),3.02,0.09,mol AAEq g-1 FW,P<0.001,"Table 1, p.846",See WARN-MATERIAL unit caveat.
bragliaPhytochemicalsQualityLevel2022,bragliaPhytochemicalsQualityLevel2022-T3,Organic,biochemistry,Antioxidant activity (dry basis),20.33,0.81,mol AAEq g-1 DW,P<0.001,"Table 1, p.846",Body text (p.846) restates as '28.04 versus 20.33 mol AAEq g-1 DW'. See WARN-MATERIAL unit caveat.
bragliaPhytochemicalsQualityLevel2022,bragliaPhytochemicalsQualityLevel2022-T3,AP,biochemistry,Antioxidant activity (dry basis),28.04,0.74,mol AAEq g-1 DW,P<0.001,"Table 1, p.846",See WARN-MATERIAL unit caveat.
bragliaPhytochemicalsQualityLevel2022,bragliaPhytochemicalsQualityLevel2022-T2,Organic,biochemistry,p-Coumaric acid,2.55,0.37,ug g-1 FW,P<0.001,"Table 2, p.847",
bragliaPhytochemicalsQualityLevel2022,bragliaPhytochemicalsQualityLevel2022-T2,AP,biochemistry,p-Coumaric acid,1.23,0.32,ug g-1 FW,P<0.001,"Table 2, p.847",
bragliaPhytochemicalsQualityLevel2022,bragliaPhytochemicalsQualityLevel2022-T3,Organic,biochemistry,p-Coumaric acid,2.85,0.23,ug g-1 FW,P<0.001,"Table 2, p.847",
bragliaPhytochemicalsQualityLevel2022,bragliaPhytochemicalsQualityLevel2022-T3,AP,biochemistry,p-Coumaric acid,2.34,0.14,ug g-1 FW,,"Table 2, p.847",
bragliaPhytochemicalsQualityLevel2022,bragliaPhytochemicalsQualityLevel2022-T2,Organic,biochemistry,Caffeic acid,2.59,0.50,ug g-1 FW,P<0.001,"Table 2, p.847",
bragliaPhytochemicalsQualityLevel2022,bragliaPhytochemicalsQualityLevel2022-T2,AP,biochemistry,Caffeic acid,0.74,0.08,ug g-1 FW,P<0.001,"Table 2, p.847",
bragliaPhytochemicalsQualityLevel2022,bragliaPhytochemicalsQualityLevel2022-T3,Organic,biochemistry,Caffeic acid,4.89,1.24,ug g-1 FW,P<0.001,"Table 2, p.847",
bragliaPhytochemicalsQualityLevel2022,bragliaPhytochemicalsQualityLevel2022-T3,AP,biochemistry,Caffeic acid,2.18,0.28,ug g-1 FW,,"Table 2, p.847",
bragliaPhytochemicalsQualityLevel2022,bragliaPhytochemicalsQualityLevel2022-T2,Organic,biochemistry,Chlorogenic acid,1.13,1.43,ug g-1 FW,ns,"Table 2, p.847",
bragliaPhytochemicalsQualityLevel2022,bragliaPhytochemicalsQualityLevel2022-T2,AP,biochemistry,Chlorogenic acid,0.76,0.65,ug g-1 FW,ns,"Table 2, p.847",
bragliaPhytochemicalsQualityLevel2022,bragliaPhytochemicalsQualityLevel2022-T3,Organic,biochemistry,Chlorogenic acid,2.37,0.70,ug g-1 FW,P<0.001,"Table 2, p.847",
bragliaPhytochemicalsQualityLevel2022,bragliaPhytochemicalsQualityLevel2022-T3,AP,biochemistry,Chlorogenic acid,1.04,0.13,ug g-1 FW,,"Table 2, p.847",
bragliaPhytochemicalsQualityLevel2022,bragliaPhytochemicalsQualityLevel2022-T2,Organic,biochemistry,Rosmarinic acid,585.07,9.40,ug g-1 FW,P<0.05,"Table 2, p.847",
bragliaPhytochemicalsQualityLevel2022,bragliaPhytochemicalsQualityLevel2022-T2,AP,biochemistry,Rosmarinic acid,541.18,31.00,ug g-1 FW,P<0.05,"Table 2, p.847",
bragliaPhytochemicalsQualityLevel2022,bragliaPhytochemicalsQualityLevel2022-T3,Organic,biochemistry,Rosmarinic acid,2.95,2.45,ug g-1 FW,ns,"Table 2, p.847",
bragliaPhytochemicalsQualityLevel2022,bragliaPhytochemicalsQualityLevel2022-T3,AP,biochemistry,Rosmarinic acid,22.53,3.38,ug g-1 FW,P<0.001,"Table 2, p.847",
bragliaPhytochemicalsQualityLevel2022,bragliaPhytochemicalsQualityLevel2022-T2,Organic,biochemistry,"1,1-Dimethylallyl caffeate",4.23,1.55,ug g-1 FW,,"Table 2, p.847",
bragliaPhytochemicalsQualityLevel2022,bragliaPhytochemicalsQualityLevel2022-T2,AP,biochemistry,"1,1-Dimethylallyl caffeate",22.98,4.53,ug g-1 FW,P<0.001,"Table 2, p.847",
bragliaPhytochemicalsQualityLevel2022,bragliaPhytochemicalsQualityLevel2022-T3,Organic,biochemistry,"1,1-Dimethylallyl caffeate",6.23,6.41,ug g-1 FW,,"Table 2, p.847",
bragliaPhytochemicalsQualityLevel2022,bragliaPhytochemicalsQualityLevel2022-T3,AP,biochemistry,"1,1-Dimethylallyl caffeate",13.57,3.64,ug g-1 FW,P<0.05,"Table 2, p.847",
bragliaPhytochemicalsQualityLevel2022,bragliaPhytochemicalsQualityLevel2022-T2,Organic,biochemistry,Caffeic acid phenethyl ester,12.21,17.66,ug g-1 FW,ns,"Table 2, p.847",
bragliaPhytochemicalsQualityLevel2022,bragliaPhytochemicalsQualityLevel2022-T2,AP,biochemistry,Caffeic acid phenethyl ester,18.04,12.69,ug g-1 FW,ns,"Table 2, p.847",
bragliaPhytochemicalsQualityLevel2022,bragliaPhytochemicalsQualityLevel2022-T3,Organic,biochemistry,Caffeic acid phenethyl ester,0.67,0.72,ug g-1 FW,ns,"Table 2, p.847",
bragliaPhytochemicalsQualityLevel2022,bragliaPhytochemicalsQualityLevel2022-T3,AP,biochemistry,Caffeic acid phenethyl ester,1.03,0.72,ug g-1 FW,ns,"Table 2, p.847",
bragliaPhytochemicalsQualityLevel2022,bragliaPhytochemicalsQualityLevel2022-T2,Organic,biochemistry,4-Hydroxybenzoic acid,3.13,2.90,ug g-1 FW,ns,"Table 2, p.847",
bragliaPhytochemicalsQualityLevel2022,bragliaPhytochemicalsQualityLevel2022-T2,AP,biochemistry,4-Hydroxybenzoic acid,2.43,1.20,ug g-1 FW,ns,"Table 2, p.847",
bragliaPhytochemicalsQualityLevel2022,bragliaPhytochemicalsQualityLevel2022-T3,Organic,biochemistry,4-Hydroxybenzoic acid,11.88,1.91,ug g-1 FW,P<0.001,"Table 2, p.847",
bragliaPhytochemicalsQualityLevel2022,bragliaPhytochemicalsQualityLevel2022-T3,AP,biochemistry,4-Hydroxybenzoic acid,0.66,0.17,ug g-1 FW,,"Table 2, p.847",
bragliaPhytochemicalsQualityLevel2022,bragliaPhytochemicalsQualityLevel2022-T2,Organic,biochemistry,Syringic acid,1.55,0.71,ug g-1 FW,ns,"Table 2, p.847",
bragliaPhytochemicalsQualityLevel2022,bragliaPhytochemicalsQualityLevel2022-T2,AP,biochemistry,Syringic acid,1.34,0.33,ug g-1 FW,ns,"Table 2, p.847",
bragliaPhytochemicalsQualityLevel2022,bragliaPhytochemicalsQualityLevel2022-T3,Organic,biochemistry,Syringic acid,5.38,0.47,ug g-1 FW,P<0.001,"Table 2, p.847",
bragliaPhytochemicalsQualityLevel2022,bragliaPhytochemicalsQualityLevel2022-T3,AP,biochemistry,Syringic acid,3.52,0.35,ug g-1 FW,,"Table 2, p.847",
bragliaPhytochemicalsQualityLevel2022,bragliaPhytochemicalsQualityLevel2022-T2,Organic,biochemistry,Salicylic acid,6.62,2.72,ug g-1 FW,P<0.01,"Table 2, p.847",
bragliaPhytochemicalsQualityLevel2022,bragliaPhytochemicalsQualityLevel2022-T2,AP,biochemistry,Salicylic acid,2.02,0.45,ug g-1 FW,P<0.01,"Table 2, p.847",
bragliaPhytochemicalsQualityLevel2022,bragliaPhytochemicalsQualityLevel2022-T3,Organic,biochemistry,Salicylic acid,1.14,0.25,ug g-1 FW,ns,"Table 2, p.847",
bragliaPhytochemicalsQualityLevel2022,bragliaPhytochemicalsQualityLevel2022-T3,AP,biochemistry,Salicylic acid,0.96,0.38,ug g-1 FW,ns,"Table 2, p.847",
bragliaPhytochemicalsQualityLevel2022,bragliaPhytochemicalsQualityLevel2022-T2,Organic,biochemistry,Gallic acid,10.49,1.62,ug g-1 FW,P<0.001,"Table 2, p.847",
bragliaPhytochemicalsQualityLevel2022,bragliaPhytochemicalsQualityLevel2022-T2,AP,biochemistry,Gallic acid,4.76,0.43,ug g-1 FW,P<0.001,"Table 2, p.847",
bragliaPhytochemicalsQualityLevel2022,bragliaPhytochemicalsQualityLevel2022-T3,Organic,biochemistry,Gallic acid,1.37,0.61,ug g-1 FW,ns,"Table 2, p.847",
bragliaPhytochemicalsQualityLevel2022,bragliaPhytochemicalsQualityLevel2022-T3,AP,biochemistry,Gallic acid,1.09,0.71,ug g-1 FW,ns,"Table 2, p.847",
bragliaPhytochemicalsQualityLevel2022,bragliaPhytochemicalsQualityLevel2022-T2,Organic,biochemistry,Vanillic acid,5.76,1.12,ug g-1 FW,P<0.001,"Table 2, p.847",
bragliaPhytochemicalsQualityLevel2022,bragliaPhytochemicalsQualityLevel2022-T2,AP,biochemistry,Vanillic acid,1.64,0.19,ug g-1 FW,P<0.001,"Table 2, p.847",
bragliaPhytochemicalsQualityLevel2022,bragliaPhytochemicalsQualityLevel2022-T3,Organic,biochemistry,Vanillic acid,10.86,2.74,ug g-1 FW,P<0.001,"Table 2, p.847",
bragliaPhytochemicalsQualityLevel2022,bragliaPhytochemicalsQualityLevel2022-T3,AP,biochemistry,Vanillic acid,4.83,0.62,ug g-1 FW,,"Table 2, p.847",
bragliaPhytochemicalsQualityLevel2022,bragliaPhytochemicalsQualityLevel2022-T2,Organic,biochemistry,Quercetin,18.41,12.36,ug g-1 FW,P<0.05,"Table 2, p.847",
bragliaPhytochemicalsQualityLevel2022,bragliaPhytochemicalsQualityLevel2022-T2,AP,biochemistry,Quercetin,5.63,0.70,ug g-1 FW,P<0.05,"Table 2, p.847",
bragliaPhytochemicalsQualityLevel2022,bragliaPhytochemicalsQualityLevel2022-T3,Organic,biochemistry,Quercetin,8.52,1.81,ug g-1 FW,ns,"Table 2, p.847",
bragliaPhytochemicalsQualityLevel2022,bragliaPhytochemicalsQualityLevel2022-T3,AP,biochemistry,Quercetin,10.18,1.43,ug g-1 FW,ns,"Table 2, p.847",
bragliaPhytochemicalsQualityLevel2022,bragliaPhytochemicalsQualityLevel2022-T2,Organic,biochemistry,Quercetin-3-O-glucoside,20.63,8.21,ug g-1 FW,ns,"Table 2, p.847",
bragliaPhytochemicalsQualityLevel2022,bragliaPhytochemicalsQualityLevel2022-T2,AP,biochemistry,Quercetin-3-O-glucoside,21.12,1.71,ug g-1 FW,ns,"Table 2, p.847",
bragliaPhytochemicalsQualityLevel2022,bragliaPhytochemicalsQualityLevel2022-T3,Organic,biochemistry,Quercetin-3-O-glucoside,1.9,1.05,ug g-1 FW,ns,"Table 2, p.847",
bragliaPhytochemicalsQualityLevel2022,bragliaPhytochemicalsQualityLevel2022-T3,AP,biochemistry,Quercetin-3-O-glucoside,1,0.23,ug g-1 FW,ns,"Table 2, p.847",
bragliaPhytochemicalsQualityLevel2022,bragliaPhytochemicalsQualityLevel2022-T2,Organic,biochemistry,Myricetin,1477.15,23.73,ug g-1 FW,P<0.05,"Table 2, p.847",
bragliaPhytochemicalsQualityLevel2022,bragliaPhytochemicalsQualityLevel2022-T2,AP,biochemistry,Myricetin,1366.34,78.27,ug g-1 FW,P<0.05,"Table 2, p.847",
bragliaPhytochemicalsQualityLevel2022,bragliaPhytochemicalsQualityLevel2022-T3,Organic,biochemistry,Myricetin,2.9,0.62,ug g-1 FW,,"Table 2, p.847",
bragliaPhytochemicalsQualityLevel2022,bragliaPhytochemicalsQualityLevel2022-T3,AP,biochemistry,Myricetin,56.88,8.52,ug g-1 FW,P<0.001,"Table 2, p.847",
bragliaPhytochemicalsQualityLevel2022,bragliaPhytochemicalsQualityLevel2022-T2,Organic,biochemistry,Kaempferol,3.89,1.10,ug g-1 FW,ns,"Table 2, p.847",
bragliaPhytochemicalsQualityLevel2022,bragliaPhytochemicalsQualityLevel2022-T2,AP,biochemistry,Kaempferol,3.22,0.31,ug g-1 FW,ns,"Table 2, p.847",
bragliaPhytochemicalsQualityLevel2022,bragliaPhytochemicalsQualityLevel2022-T3,Organic,biochemistry,Kaempferol,0.19,0.10,ug g-1 FW,ns,"Table 2, p.847",
bragliaPhytochemicalsQualityLevel2022,bragliaPhytochemicalsQualityLevel2022-T3,AP,biochemistry,Kaempferol,0.40,0.41,ug g-1 FW,ns,"Table 2, p.847",
bragliaPhytochemicalsQualityLevel2022,bragliaPhytochemicalsQualityLevel2022-T2,Organic,biochemistry,Genistein,35.27,4.49,ug g-1 FW,P<0.001,"Table 2, p.847",
bragliaPhytochemicalsQualityLevel2022,bragliaPhytochemicalsQualityLevel2022-T2,AP,biochemistry,Genistein,9.55,1.41,ug g-1 FW,P<0.001,"Table 2, p.847",
bragliaPhytochemicalsQualityLevel2022,bragliaPhytochemicalsQualityLevel2022-T3,Organic,biochemistry,Genistein,3.27,1.08,ug g-1 FW,P<0.01,"Table 2, p.847",
bragliaPhytochemicalsQualityLevel2022,bragliaPhytochemicalsQualityLevel2022-T3,AP,biochemistry,Genistein,1.69,0.67,ug g-1 FW,,"Table 2, p.847",
bragliaPhytochemicalsQualityLevel2022,bragliaPhytochemicalsQualityLevel2022-T2,Organic,biochemistry,Chrysin,1.08,0.45,ug g-1 FW,P<0.01,"Table 2, p.847",
bragliaPhytochemicalsQualityLevel2022,bragliaPhytochemicalsQualityLevel2022-T2,AP,biochemistry,Chrysin,0.37,0.12,ug g-1 FW,P<0.01,"Table 2, p.847",
bragliaPhytochemicalsQualityLevel2022,bragliaPhytochemicalsQualityLevel2022-T3,Organic,biochemistry,Chrysin,1.79,0.41,ug g-1 FW,ns,"Table 2, p.847",
bragliaPhytochemicalsQualityLevel2022,bragliaPhytochemicalsQualityLevel2022-T3,AP,biochemistry,Chrysin,1.45,0.52,ug g-1 FW,ns,"Table 2, p.847",
bragliaPhytochemicalsQualityLevel2022,bragliaPhytochemicalsQualityLevel2022-T2,Organic,biochemistry,Epicatechin,1.84,1.93,ug g-1 FW,ns,"Table 2, p.847",
bragliaPhytochemicalsQualityLevel2022,bragliaPhytochemicalsQualityLevel2022-T2,AP,biochemistry,Epicatechin,0.96,0.42,ug g-1 FW,ns,"Table 2, p.847",
bragliaPhytochemicalsQualityLevel2022,bragliaPhytochemicalsQualityLevel2022-T3,Organic,biochemistry,Epicatechin,0.93,0.49,ug g-1 FW,P<0.05,"Table 2, p.847",
bragliaPhytochemicalsQualityLevel2022,bragliaPhytochemicalsQualityLevel2022-T3,AP,biochemistry,Epicatechin,0.42,0.22,ug g-1 FW,,"Table 2, p.847",
bragliaPhytochemicalsQualityLevel2022,bragliaPhytochemicalsQualityLevel2022-T2,Organic,biochemistry,Resveratrol,55.61,69.56,ug g-1 FW,P<0.001,"Table 2, p.847",
bragliaPhytochemicalsQualityLevel2022,bragliaPhytochemicalsQualityLevel2022-T2,AP,biochemistry,Resveratrol,163.43,84.29,ug g-1 FW,P<0.05,"Table 2, p.847",
bragliaPhytochemicalsQualityLevel2022,bragliaPhytochemicalsQualityLevel2022-T3,Organic,biochemistry,Resveratrol,6.97,1.70,ug g-1 FW,P<0.001,"Table 2, p.847",
bragliaPhytochemicalsQualityLevel2022,bragliaPhytochemicalsQualityLevel2022-T3,AP,biochemistry,Resveratrol,1.42,1.12,ug g-1 FW,,"Table 2, p.847",
bragliaPhytochemicalsQualityLevel2022,bragliaPhytochemicalsQualityLevel2022-T2,Organic,biochemistry,"5,7-Dimethoxycoumarin",120.85,23.98,ug g-1 FW,ns,"Table 2, p.847",
bragliaPhytochemicalsQualityLevel2022,bragliaPhytochemicalsQualityLevel2022-T2,AP,biochemistry,"5,7-Dimethoxycoumarin",138.52,17.63,ug g-1 FW,ns,"Table 2, p.847",
bragliaPhytochemicalsQualityLevel2022,bragliaPhytochemicalsQualityLevel2022-T3,Organic,biochemistry,"5,7-Dimethoxycoumarin",3.32,2.00,ug g-1 FW,ns,"Table 2, p.847",
bragliaPhytochemicalsQualityLevel2022,bragliaPhytochemicalsQualityLevel2022-T3,AP,biochemistry,"5,7-Dimethoxycoumarin",3.29,2.07,ug g-1 FW,ns,"Table 2, p.847",
bragliaPhytochemicalsQualityLevel2022,bragliaPhytochemicalsQualityLevel2022-T2,Organic,biochemistry,3-Hydroxytyrosol,6.5,2.56,ug g-1 FW,ns,"Table 2, p.847",
bragliaPhytochemicalsQualityLevel2022,bragliaPhytochemicalsQualityLevel2022-T2,AP,biochemistry,3-Hydroxytyrosol,4.17,1.38,ug g-1 FW,ns,"Table 2, p.847",
bragliaPhytochemicalsQualityLevel2022,bragliaPhytochemicalsQualityLevel2022-T3,Organic,biochemistry,3-Hydroxytyrosol,1.51,1.28,ug g-1 FW,ns,"Table 2, p.847",
bragliaPhytochemicalsQualityLevel2022,bragliaPhytochemicalsQualityLevel2022-T3,AP,biochemistry,3-Hydroxytyrosol,ND,NR,ug g-1 FW,ns,"Table 2, p.847","Not detected (ND) in aquaponic basil, per paper's own ND marker."
bragliaPhytochemicalsQualityLevel2022,bragliaPhytochemicalsQualityLevel2022-T1,Organic,biochemistry,p-Coumaric acid,0.31,0.07,ug g-1 FW,ns,"Table 3, p.848",
bragliaPhytochemicalsQualityLevel2022,bragliaPhytochemicalsQualityLevel2022-T1,AP,biochemistry,p-Coumaric acid,0.68,0.30,ug g-1 FW,ns,"Table 3, p.848",
bragliaPhytochemicalsQualityLevel2022,bragliaPhytochemicalsQualityLevel2022-T1,Organic,biochemistry,Caffeic acid,0.59,0.27,ug g-1 FW,P<0.001,"Table 3, p.848",
bragliaPhytochemicalsQualityLevel2022,bragliaPhytochemicalsQualityLevel2022-T1,AP,biochemistry,Caffeic acid,2.32,0.23,ug g-1 FW,P<0.001,"Table 3, p.848",
bragliaPhytochemicalsQualityLevel2022,bragliaPhytochemicalsQualityLevel2022-T1,Organic,biochemistry,Chlorogenic acid,90.40,11.50,ug g-1 FW,P<0.001,"Table 3, p.848",
bragliaPhytochemicalsQualityLevel2022,bragliaPhytochemicalsQualityLevel2022-T1,AP,biochemistry,Chlorogenic acid,18.28,7.50,ug g-1 FW,P<0.001,"Table 3, p.848",
bragliaPhytochemicalsQualityLevel2022,bragliaPhytochemicalsQualityLevel2022-T1,Organic,biochemistry,Rosmarinic acid,0.74,0.18,ug g-1 FW,ns,"Table 3, p.848",
bragliaPhytochemicalsQualityLevel2022,bragliaPhytochemicalsQualityLevel2022-T1,AP,biochemistry,Rosmarinic acid,1.48,0.82,ug g-1 FW,ns,"Table 3, p.848",
bragliaPhytochemicalsQualityLevel2022,bragliaPhytochemicalsQualityLevel2022-T1,Organic,biochemistry,"1,1-Dimethylallyl caffeate",2.09,0.13,ug g-1 FW,P<0.05,"Table 3, p.848",
bragliaPhytochemicalsQualityLevel2022,bragliaPhytochemicalsQualityLevel2022-T1,AP,biochemistry,"1,1-Dimethylallyl caffeate",2.74,0.28,ug g-1 FW,P<0.05,"Table 3, p.848",
bragliaPhytochemicalsQualityLevel2022,bragliaPhytochemicalsQualityLevel2022-T1,Organic,biochemistry,Caffeic acid phenethyl ester,0.84,0.16,ug g-1 FW,ns,"Table 3, p.848",
bragliaPhytochemicalsQualityLevel2022,bragliaPhytochemicalsQualityLevel2022-T1,AP,biochemistry,Caffeic acid phenethyl ester,0.98,0.36,ug g-1 FW,ns,"Table 3, p.848",
bragliaPhytochemicalsQualityLevel2022,bragliaPhytochemicalsQualityLevel2022-T1,Organic,biochemistry,4-Hydroxybenzoic acid,8.81,2.29,ug g-1 FW,P<0.01,"Table 3, p.848",
bragliaPhytochemicalsQualityLevel2022,bragliaPhytochemicalsQualityLevel2022-T1,AP,biochemistry,4-Hydroxybenzoic acid,3.87,1.61,ug g-1 FW,P<0.01,"Table 3, p.848",
bragliaPhytochemicalsQualityLevel2022,bragliaPhytochemicalsQualityLevel2022-T1,Organic,biochemistry,Syringic acid,0.39,0.10,ug g-1 FW,P<0.01,"Table 3, p.848",
bragliaPhytochemicalsQualityLevel2022,bragliaPhytochemicalsQualityLevel2022-T1,AP,biochemistry,Syringic acid,1.4,0.43,ug g-1 FW,P<0.01,"Table 3, p.848",
bragliaPhytochemicalsQualityLevel2022,bragliaPhytochemicalsQualityLevel2022-T1,Organic,biochemistry,Salicylic acid,23.59,6.84,ug g-1 FW,P<0.001,"Table 3, p.848",
bragliaPhytochemicalsQualityLevel2022,bragliaPhytochemicalsQualityLevel2022-T1,AP,biochemistry,Salicylic acid,3.08,0.78,ug g-1 FW,P<0.001,"Table 3, p.848",
bragliaPhytochemicalsQualityLevel2022,bragliaPhytochemicalsQualityLevel2022-T1,Organic,biochemistry,Gallic acid,0.92,0.19,ug g-1 FW,ns,"Table 3, p.848",
bragliaPhytochemicalsQualityLevel2022,bragliaPhytochemicalsQualityLevel2022-T1,AP,biochemistry,Gallic acid,0.88,0.21,ug g-1 FW,ns,"Table 3, p.848",
bragliaPhytochemicalsQualityLevel2022,bragliaPhytochemicalsQualityLevel2022-T1,Organic,biochemistry,Vanillic acid,1.31,0.61,ug g-1 FW,P<0.001,"Table 3, p.848",
bragliaPhytochemicalsQualityLevel2022,bragliaPhytochemicalsQualityLevel2022-T1,AP,biochemistry,Vanillic acid,5.16,0.50,ug g-1 FW,P<0.001,"Table 3, p.848",
bragliaPhytochemicalsQualityLevel2022,bragliaPhytochemicalsQualityLevel2022-T1,Organic,biochemistry,Quercetin,73.19,22.97,ug g-1 FW,P<0.01,"Table 3, p.848",
bragliaPhytochemicalsQualityLevel2022,bragliaPhytochemicalsQualityLevel2022-T1,AP,biochemistry,Quercetin,19.43,14.10,ug g-1 FW,P<0.01,"Table 3, p.848",
bragliaPhytochemicalsQualityLevel2022,bragliaPhytochemicalsQualityLevel2022-T1,Organic,biochemistry,Quercetin-3-O-glucoside,1.59,0.75,ug g-1 FW,P<0.01,"Table 3, p.848",
bragliaPhytochemicalsQualityLevel2022,bragliaPhytochemicalsQualityLevel2022-T1,AP,biochemistry,Quercetin-3-O-glucoside,13.44,4.39,ug g-1 FW,P<0.01,"Table 3, p.848",
bragliaPhytochemicalsQualityLevel2022,bragliaPhytochemicalsQualityLevel2022-T1,Organic,biochemistry,Myricetin,1.86,0.47,ug g-1 FW,P<0.05,"Table 3, p.848",
bragliaPhytochemicalsQualityLevel2022,bragliaPhytochemicalsQualityLevel2022-T1,AP,biochemistry,Myricetin,4.63,1.25,ug g-1 FW,P<0.05,"Table 3, p.848",
bragliaPhytochemicalsQualityLevel2022,bragliaPhytochemicalsQualityLevel2022-T1,Organic,biochemistry,Kaempferol,0.64,0.14,ug g-1 FW,ns,"Table 3, p.848",
bragliaPhytochemicalsQualityLevel2022,bragliaPhytochemicalsQualityLevel2022-T1,AP,biochemistry,Kaempferol,0.41,0.22,ug g-1 FW,ns,"Table 3, p.848",
bragliaPhytochemicalsQualityLevel2022,bragliaPhytochemicalsQualityLevel2022-T1,Organic,biochemistry,Genistein,7.14,6.35,ug g-1 FW,ns,"Table 3, p.848",
bragliaPhytochemicalsQualityLevel2022,bragliaPhytochemicalsQualityLevel2022-T1,AP,biochemistry,Genistein,2.94,2.56,ug g-1 FW,ns,"Table 3, p.848",
bragliaPhytochemicalsQualityLevel2022,bragliaPhytochemicalsQualityLevel2022-T1,Organic,biochemistry,Chrysin,0.32,0.11,ug g-1 FW,ns,"Table 3, p.848",
bragliaPhytochemicalsQualityLevel2022,bragliaPhytochemicalsQualityLevel2022-T1,AP,biochemistry,Chrysin,0.16,0.18,ug g-1 FW,ns,"Table 3, p.848",
bragliaPhytochemicalsQualityLevel2022,bragliaPhytochemicalsQualityLevel2022-T1,Organic,biochemistry,Epicatechin,0.52,0.31,ug g-1 FW,ns,"Table 3, p.848",
bragliaPhytochemicalsQualityLevel2022,bragliaPhytochemicalsQualityLevel2022-T1,AP,biochemistry,Epicatechin,1.3,0.56,ug g-1 FW,ns,"Table 3, p.848",
bragliaPhytochemicalsQualityLevel2022,bragliaPhytochemicalsQualityLevel2022-T1,Organic,biochemistry,Lycopene,7.23,1.63,ug g-1 FW,P<0.05,"Table 3, p.848",
bragliaPhytochemicalsQualityLevel2022,bragliaPhytochemicalsQualityLevel2022-T1,AP,biochemistry,Lycopene,13.68,4.26,ug g-1 FW,P<0.05,"Table 3, p.848",
bragliaPhytochemicalsQualityLevel2022,bragliaPhytochemicalsQualityLevel2022-T1,Organic,biochemistry,Resveratrol,1.41,0.52,ug g-1 FW,ns,"Table 3, p.848",
bragliaPhytochemicalsQualityLevel2022,bragliaPhytochemicalsQualityLevel2022-T1,AP,biochemistry,Resveratrol,1.01,0.29,ug g-1 FW,ns,"Table 3, p.848",
bragliaPhytochemicalsQualityLevel2022,bragliaPhytochemicalsQualityLevel2022-T1,Organic,biochemistry,"5,7-Dimethoxycoumarin",0.79,0.31,ug g-1 FW,ns,"Table 3, p.848",
bragliaPhytochemicalsQualityLevel2022,bragliaPhytochemicalsQualityLevel2022-T1,AP,biochemistry,"5,7-Dimethoxycoumarin",1.06,0.54,ug g-1 FW,ns,"Table 3, p.848",
bragliaPhytochemicalsQualityLevel2022,bragliaPhytochemicalsQualityLevel2022-T1,Organic,biochemistry,3-Hydroxytyrosol,2.11,0.59,ug g-1 FW,P<0.01,"Table 3, p.848",
bragliaPhytochemicalsQualityLevel2022,bragliaPhytochemicalsQualityLevel2022-T1,AP,biochemistry,3-Hydroxytyrosol,11.3,2.91,ug g-1 FW,P<0.01,"Table 3, p.848",
bragliaPhytochemicalsQualityLevel2022,bragliaPhytochemicalsQualityLevel2022-T3,Organic,biochemistry,Camphene,0.05,NR,% of total peak area (GC-MS),ns,"Table 4, p.848",
bragliaPhytochemicalsQualityLevel2022,bragliaPhytochemicalsQualityLevel2022-T3,AP,biochemistry,Camphene,ND,NR,% of total peak area (GC-MS),ns,"Table 4, p.848",
bragliaPhytochemicalsQualityLevel2022,bragliaPhytochemicalsQualityLevel2022-T3,Organic,biochemistry,beta-Ocimene,0.86,NR,% of total peak area (GC-MS),ns,"Table 4, p.848",
bragliaPhytochemicalsQualityLevel2022,bragliaPhytochemicalsQualityLevel2022-T3,AP,biochemistry,beta-Ocimene,0.44,NR,% of total peak area (GC-MS),ns,"Table 4, p.848",
bragliaPhytochemicalsQualityLevel2022,bragliaPhytochemicalsQualityLevel2022-T3,Organic,biochemistry,alpha-Fenchene,0.44,NR,% of total peak area (GC-MS),P<0.05,"Table 4, p.848",
bragliaPhytochemicalsQualityLevel2022,bragliaPhytochemicalsQualityLevel2022-T3,AP,biochemistry,alpha-Fenchene,0.14,NR,% of total peak area (GC-MS),P<0.05,"Table 4, p.848",
bragliaPhytochemicalsQualityLevel2022,bragliaPhytochemicalsQualityLevel2022-T3,Organic,biochemistry,"1,8-Cineole",2.37,NR,% of total peak area (GC-MS),ns,"Table 4, p.848",
bragliaPhytochemicalsQualityLevel2022,bragliaPhytochemicalsQualityLevel2022-T3,AP,biochemistry,"1,8-Cineole",1.43,NR,% of total peak area (GC-MS),ns,"Table 4, p.848",
bragliaPhytochemicalsQualityLevel2022,bragliaPhytochemicalsQualityLevel2022-T3,Organic,biochemistry,Linalool,45.59,NR,% of total peak area (GC-MS),ns,"Table 4, p.848",
bragliaPhytochemicalsQualityLevel2022,bragliaPhytochemicalsQualityLevel2022-T3,AP,biochemistry,Linalool,39.00,NR,% of total peak area (GC-MS),ns,"Table 4, p.848",
bragliaPhytochemicalsQualityLevel2022,bragliaPhytochemicalsQualityLevel2022-T3,Organic,biochemistry,Endo-borneol,1.23,NR,% of total peak area (GC-MS),ns,"Table 4, p.848",
bragliaPhytochemicalsQualityLevel2022,bragliaPhytochemicalsQualityLevel2022-T3,AP,biochemistry,Endo-borneol,ND,NR,% of total peak area (GC-MS),ns,"Table 4, p.848",
bragliaPhytochemicalsQualityLevel2022,bragliaPhytochemicalsQualityLevel2022-T3,Organic,biochemistry,alpha-Terpineol,3.73,NR,% of total peak area (GC-MS),ns,"Table 4, p.848",
bragliaPhytochemicalsQualityLevel2022,bragliaPhytochemicalsQualityLevel2022-T3,AP,biochemistry,alpha-Terpineol,4.80,NR,% of total peak area (GC-MS),ns,"Table 4, p.848",
bragliaPhytochemicalsQualityLevel2022,bragliaPhytochemicalsQualityLevel2022-T3,Organic,biochemistry,Total monoterpenes,54.27,NR,% of total peak area (GC-MS),ns,"Table 4, p.848","Sum of the individual monoterpenes reported above, as printed in Table 4; not an independent analyte."
bragliaPhytochemicalsQualityLevel2022,bragliaPhytochemicalsQualityLevel2022-T3,AP,biochemistry,Total monoterpenes,45.81,NR,% of total peak area (GC-MS),ns,"Table 4, p.848","Sum of the individual monoterpenes reported above, as printed in Table 4; not an independent analyte."
bragliaPhytochemicalsQualityLevel2022,bragliaPhytochemicalsQualityLevel2022-T3,Organic,biochemistry,beta-Elemene,1.88,NR,% of total peak area (GC-MS),ns,"Table 4, p.848",
bragliaPhytochemicalsQualityLevel2022,bragliaPhytochemicalsQualityLevel2022-T3,AP,biochemistry,beta-Elemene,2.15,NR,% of total peak area (GC-MS),ns,"Table 4, p.848",
bragliaPhytochemicalsQualityLevel2022,bragliaPhytochemicalsQualityLevel2022-T3,Organic,biochemistry,alpha-Farnesene,0.26,NR,% of total peak area (GC-MS),ns,"Table 4, p.848",
bragliaPhytochemicalsQualityLevel2022,bragliaPhytochemicalsQualityLevel2022-T3,AP,biochemistry,alpha-Farnesene,0.10,NR,% of total peak area (GC-MS),ns,"Table 4, p.848",
bragliaPhytochemicalsQualityLevel2022,bragliaPhytochemicalsQualityLevel2022-T3,Organic,biochemistry,alpha-Bergamotene,18.67,NR,% of total peak area (GC-MS),ns,"Table 4, p.848",
bragliaPhytochemicalsQualityLevel2022,bragliaPhytochemicalsQualityLevel2022-T3,AP,biochemistry,alpha-Bergamotene,16.62,NR,% of total peak area (GC-MS),ns,"Table 4, p.848",
bragliaPhytochemicalsQualityLevel2022,bragliaPhytochemicalsQualityLevel2022-T3,Organic,biochemistry,alpha-Guaiene,0.31,NR,% of total peak area (GC-MS),P<0.05,"Table 4, p.848",
bragliaPhytochemicalsQualityLevel2022,bragliaPhytochemicalsQualityLevel2022-T3,AP,biochemistry,alpha-Guaiene,0.06,NR,% of total peak area (GC-MS),P<0.05,"Table 4, p.848",
bragliaPhytochemicalsQualityLevel2022,bragliaPhytochemicalsQualityLevel2022-T3,Organic,biochemistry,beta-Farnesene,0.38,NR,% of total peak area (GC-MS),ns,"Table 4, p.848",
bragliaPhytochemicalsQualityLevel2022,bragliaPhytochemicalsQualityLevel2022-T3,AP,biochemistry,beta-Farnesene,ND,NR,% of total peak area (GC-MS),ns,"Table 4, p.848",
bragliaPhytochemicalsQualityLevel2022,bragliaPhytochemicalsQualityLevel2022-T3,Organic,biochemistry,Humulene,1.68,NR,% of total peak area (GC-MS),ns,"Table 4, p.848",
bragliaPhytochemicalsQualityLevel2022,bragliaPhytochemicalsQualityLevel2022-T3,AP,biochemistry,Humulene,1.47,NR,% of total peak area (GC-MS),ns,"Table 4, p.848",
bragliaPhytochemicalsQualityLevel2022,bragliaPhytochemicalsQualityLevel2022-T3,Organic,biochemistry,Germacrene D,2.04,NR,% of total peak area (GC-MS),ns,"Table 4, p.848",
bragliaPhytochemicalsQualityLevel2022,bragliaPhytochemicalsQualityLevel2022-T3,AP,biochemistry,Germacrene D,2.07,NR,% of total peak area (GC-MS),ns,"Table 4, p.848",
bragliaPhytochemicalsQualityLevel2022,bragliaPhytochemicalsQualityLevel2022-T3,Organic,biochemistry,beta-Bisabolene,0.54,NR,% of total peak area (GC-MS),ns,"Table 4, p.848",
bragliaPhytochemicalsQualityLevel2022,bragliaPhytochemicalsQualityLevel2022-T3,AP,biochemistry,beta-Bisabolene,ND,NR,% of total peak area (GC-MS),ns,"Table 4, p.848",
bragliaPhytochemicalsQualityLevel2022,bragliaPhytochemicalsQualityLevel2022-T3,Organic,biochemistry,gamma-Muurolene,3.99,NR,% of total peak area (GC-MS),ns,"Table 4, p.848",
bragliaPhytochemicalsQualityLevel2022,bragliaPhytochemicalsQualityLevel2022-T3,AP,biochemistry,gamma-Muurolene,4.40,NR,% of total peak area (GC-MS),ns,"Table 4, p.848",
bragliaPhytochemicalsQualityLevel2022,bragliaPhytochemicalsQualityLevel2022-T3,Organic,biochemistry,Caryophyllene,0.85,NR,% of total peak area (GC-MS),P<0.05,"Table 4, p.848",
bragliaPhytochemicalsQualityLevel2022,bragliaPhytochemicalsQualityLevel2022-T3,AP,biochemistry,Caryophyllene,0.09,NR,% of total peak area (GC-MS),P<0.05,"Table 4, p.848",
bragliaPhytochemicalsQualityLevel2022,bragliaPhytochemicalsQualityLevel2022-T3,Organic,biochemistry,Carotol,1.09,NR,% of total peak area (GC-MS),ns,"Table 4, p.848",
bragliaPhytochemicalsQualityLevel2022,bragliaPhytochemicalsQualityLevel2022-T3,AP,biochemistry,Carotol,1.49,NR,% of total peak area (GC-MS),ns,"Table 4, p.848",
bragliaPhytochemicalsQualityLevel2022,bragliaPhytochemicalsQualityLevel2022-T3,Organic,biochemistry,tau-Cadinol,14.04,NR,% of total peak area (GC-MS),P<0.05,"Table 4, p.848",
bragliaPhytochemicalsQualityLevel2022,bragliaPhytochemicalsQualityLevel2022-T3,AP,biochemistry,tau-Cadinol,25.73,NR,% of total peak area (GC-MS),P<0.05,"Table 4, p.848",
bragliaPhytochemicalsQualityLevel2022,bragliaPhytochemicalsQualityLevel2022-T3,Organic,biochemistry,Total sesquiterpenes,45.73,NR,% of total peak area (GC-MS),ns,"Table 4, p.848","Sum of the individual sesquiterpenes reported above, as printed in Table 4; not an independent analyte. Recomputed check: OB components sum to 45.73 (matches); AB components sum to 54.18, table prints 54.19 (0.01 rounding, WARN-MINOR, no cell impact)."
bragliaPhytochemicalsQualityLevel2022,bragliaPhytochemicalsQualityLevel2022-T3,AP,biochemistry,Total sesquiterpenes,54.19,NR,% of total peak area (GC-MS),ns,"Table 4, p.848","Sum of the individual sesquiterpenes reported above, as printed in Table 4; not an independent analyte. Recomputed check: OB components sum to 45.73 (matches); AB components sum to 54.18, table prints 54.19 (0.01 rounding, WARN-MINOR, no cell impact)."
bragliaPhytochemicalsQualityLevel2022,bragliaPhytochemicalsQualityLevel2022-T2,Organic,biochemistry,Thujene,0.67,NR,% of total peak area (GC-MS),ns (no significance testing shown in Table 5),"Table 5, p.849",
bragliaPhytochemicalsQualityLevel2022,bragliaPhytochemicalsQualityLevel2022-T2,AP,biochemistry,Thujene,0.42,NR,% of total peak area (GC-MS),ns (no significance testing shown in Table 5),"Table 5, p.849",
bragliaPhytochemicalsQualityLevel2022,bragliaPhytochemicalsQualityLevel2022-T2,Organic,biochemistry,Camphene,0.07,NR,% of total peak area (GC-MS),ns (no significance testing shown in Table 5),"Table 5, p.849",Absent (ND) in AP; text (p.848) explicitly notes camphene absence in AP as a qualitative difference.
bragliaPhytochemicalsQualityLevel2022,bragliaPhytochemicalsQualityLevel2022-T2,AP,biochemistry,Camphene,ND,NR,% of total peak area (GC-MS),ns (no significance testing shown in Table 5),"Table 5, p.849",Absent (ND) in AP; text (p.848) explicitly notes camphene absence in AP as a qualitative difference.
bragliaPhytochemicalsQualityLevel2022,bragliaPhytochemicalsQualityLevel2022-T2,Organic,biochemistry,alpha-Pinene,10.27,NR,% of total peak area (GC-MS),ns (no significance testing shown in Table 5),"Table 5, p.849",
bragliaPhytochemicalsQualityLevel2022,bragliaPhytochemicalsQualityLevel2022-T2,AP,biochemistry,alpha-Pinene,6.54,NR,% of total peak area (GC-MS),ns (no significance testing shown in Table 5),"Table 5, p.849",
bragliaPhytochemicalsQualityLevel2022,bragliaPhytochemicalsQualityLevel2022-T2,Organic,biochemistry,beta-Pinene,0.32,NR,% of total peak area (GC-MS),ns (no significance testing shown in Table 5),"Table 5, p.849",
bragliaPhytochemicalsQualityLevel2022,bragliaPhytochemicalsQualityLevel2022-T2,AP,biochemistry,beta-Pinene,0.16,NR,% of total peak area (GC-MS),ns (no significance testing shown in Table 5),"Table 5, p.849",
bragliaPhytochemicalsQualityLevel2022,bragliaPhytochemicalsQualityLevel2022-T2,Organic,biochemistry,beta-Myrcene,3.64,NR,% of total peak area (GC-MS),ns (no significance testing shown in Table 5),"Table 5, p.849",
bragliaPhytochemicalsQualityLevel2022,bragliaPhytochemicalsQualityLevel2022-T2,AP,biochemistry,beta-Myrcene,3.61,NR,% of total peak area (GC-MS),ns (no significance testing shown in Table 5),"Table 5, p.849",
bragliaPhytochemicalsQualityLevel2022,bragliaPhytochemicalsQualityLevel2022-T2,Organic,biochemistry,(-)-Camphor,0.40,NR,% of total peak area (GC-MS),ns (no significance testing shown in Table 5),"Table 5, p.849",
bragliaPhytochemicalsQualityLevel2022,bragliaPhytochemicalsQualityLevel2022-T2,AP,biochemistry,(-)-Camphor,0.31,NR,% of total peak area (GC-MS),ns (no significance testing shown in Table 5),"Table 5, p.849",
bragliaPhytochemicalsQualityLevel2022,bragliaPhytochemicalsQualityLevel2022-T2,Organic,biochemistry,Total monoterpenes,15.37,NR,% of total peak area (GC-MS),ns (no significance testing shown in Table 5),"Table 5, p.849","Sum of individual monoterpenes above, as printed in Table 5; not an independent analyte."
bragliaPhytochemicalsQualityLevel2022,bragliaPhytochemicalsQualityLevel2022-T2,AP,biochemistry,Total monoterpenes,11.04,NR,% of total peak area (GC-MS),ns (no significance testing shown in Table 5),"Table 5, p.849","Sum of individual monoterpenes above, as printed in Table 5; not an independent analyte."
bragliaPhytochemicalsQualityLevel2022,bragliaPhytochemicalsQualityLevel2022-T2,Organic,biochemistry,alpha-Farnesene,0.73,NR,% of total peak area (GC-MS),ns (no significance testing shown in Table 5),"Table 5, p.849",Absent (ND) in AP; text (p.848) explicitly notes alpha-farnesene absence in AP as a qualitative difference.
bragliaPhytochemicalsQualityLevel2022,bragliaPhytochemicalsQualityLevel2022-T2,AP,biochemistry,alpha-Farnesene,ND,NR,% of total peak area (GC-MS),ns (no significance testing shown in Table 5),"Table 5, p.849",Absent (ND) in AP; text (p.848) explicitly notes alpha-farnesene absence in AP as a qualitative difference.
bragliaPhytochemicalsQualityLevel2022,bragliaPhytochemicalsQualityLevel2022-T2,Organic,biochemistry,Ledol,0.81,NR,% of total peak area (GC-MS),ns (no significance testing shown in Table 5),"Table 5, p.849",
bragliaPhytochemicalsQualityLevel2022,bragliaPhytochemicalsQualityLevel2022-T2,AP,biochemistry,Ledol,1.10,NR,% of total peak area (GC-MS),ns (no significance testing shown in Table 5),"Table 5, p.849",
bragliaPhytochemicalsQualityLevel2022,bragliaPhytochemicalsQualityLevel2022-T2,Organic,biochemistry,Copaene,0.79,NR,% of total peak area (GC-MS),ns (no significance testing shown in Table 5),"Table 5, p.849",
bragliaPhytochemicalsQualityLevel2022,bragliaPhytochemicalsQualityLevel2022-T2,AP,biochemistry,Copaene,0.67,NR,% of total peak area (GC-MS),ns (no significance testing shown in Table 5),"Table 5, p.849",
bragliaPhytochemicalsQualityLevel2022,bragliaPhytochemicalsQualityLevel2022-T2,Organic,biochemistry,Caryophyllene,2.79,NR,% of total peak area (GC-MS),ns (no significance testing shown in Table 5),"Table 5, p.849",
bragliaPhytochemicalsQualityLevel2022,bragliaPhytochemicalsQualityLevel2022-T2,AP,biochemistry,Caryophyllene,2.94,NR,% of total peak area (GC-MS),ns (no significance testing shown in Table 5),"Table 5, p.849",
bragliaPhytochemicalsQualityLevel2022,bragliaPhytochemicalsQualityLevel2022-T2,Organic,biochemistry,Germacrene D,2.53,NR,% of total peak area (GC-MS),ns (no significance testing shown in Table 5),"Table 5, p.849",
bragliaPhytochemicalsQualityLevel2022,bragliaPhytochemicalsQualityLevel2022-T2,AP,biochemistry,Germacrene D,1.39,NR,% of total peak area (GC-MS),ns (no significance testing shown in Table 5),"Table 5, p.849",
bragliaPhytochemicalsQualityLevel2022,bragliaPhytochemicalsQualityLevel2022-T2,Organic,biochemistry,Total sesquiterpenes,7.65,NR,% of total peak area (GC-MS),ns (no significance testing shown in Table 5),"Table 5, p.849","Sum of individual sesquiterpenes above, as printed in Table 5; not an independent analyte."
bragliaPhytochemicalsQualityLevel2022,bragliaPhytochemicalsQualityLevel2022-T2,AP,biochemistry,Total sesquiterpenes,6.1,NR,% of total peak area (GC-MS),ns (no significance testing shown in Table 5),"Table 5, p.849","Sum of individual sesquiterpenes above, as printed in Table 5; not an independent analyte."
bragliaPhytochemicalsQualityLevel2022,bragliaPhytochemicalsQualityLevel2022-T2,Organic,biochemistry,beta-Carotene,0.22,NR,% of total peak area (GC-MS),ns (no significance testing shown in Table 5),"Table 5, p.849",
bragliaPhytochemicalsQualityLevel2022,bragliaPhytochemicalsQualityLevel2022-T2,AP,biochemistry,beta-Carotene,0.32,NR,% of total peak area (GC-MS),ns (no significance testing shown in Table 5),"Table 5, p.849",
bragliaPhytochemicalsQualityLevel2022,bragliaPhytochemicalsQualityLevel2022-T2,Organic,biochemistry,Apiol,76.75,NR,% of total peak area (GC-MS),ns (no significance testing shown in Table 5),"Table 5, p.849",
bragliaPhytochemicalsQualityLevel2022,bragliaPhytochemicalsQualityLevel2022-T2,AP,biochemistry,Apiol,82.54,NR,% of total peak area (GC-MS),ns (no significance testing shown in Table 5),"Table 5, p.849",
camargocastellanosSystemManagementLemna2022,camargocastellanosSystemManagementLemna2022-T3,AP,proximate,Crude protein,30.0,NR,%,NR,"Section 3.2, p.6","Single value reported once for 'the plant material' analysed in Experiment 3 (Section 3.2, p.6); not broken down by planting-area treatment (5/6/7 m2). Applied identically to T3, T4 and T5."
camargocastellanosSystemManagementLemna2022,camargocastellanosSystemManagementLemna2022-T3,AP,proximate,Neutral detergent fibre (NDF),34.16,NR,%,NR,"Section 3.2, p.6","Single value reported once for 'the plant material' analysed in Experiment 3 (Section 3.2, p.6); not broken down by planting-area treatment (5/6/7 m2). Applied identically to T3, T4 and T5."
camargocastellanosSystemManagementLemna2022,camargocastellanosSystemManagementLemna2022-T3,AP,proximate,Acid detergent fibre (ADF),15.88,NR,%,NR,"Section 3.2, p.6","Single value reported once for 'the plant material' analysed in Experiment 3 (Section 3.2, p.6); not broken down by planting-area treatment (5/6/7 m2). Applied identically to T3, T4 and T5."
camargocastellanosSystemManagementLemna2022,camargocastellanosSystemManagementLemna2022-T3,AP,proximate,Lignin,6.07,NR,%,NR,"Section 3.2, p.6","Single value reported once for 'the plant material' analysed in Experiment 3 (Section 3.2, p.6); not broken down by planting-area treatment (5/6/7 m2). Applied identically to T3, T4 and T5. Cross-check: Kaur et al. (2019, cited p.10) reported 3.5% lignin in the same species, Li et al. (2019) 1.5%, Xu & Deshusses (2015) 7.5% in Spirodela polyrrhiza - cited in Discussion as literature comparators, not a contradiction within this paper."
camargocastellanosSystemManagementLemna2022,camargocastellanosSystemManagementLemna2022-T3,AP,proximate,Ash,19.77,NR,%,NR,"Section 3.2, p.6","Single value reported once for 'the plant material' analysed in Experiment 3 (Section 3.2, p.6); not broken down by planting-area treatment (5/6/7 m2). Applied identically to T3, T4 and T5."
camargocastellanosSystemManagementLemna2022,camargocastellanosSystemManagementLemna2022-T3,AP,proximate,Gross energy,3490,NR,cal/g,NR,"Section 3.2, p.6","Single value reported once for 'the plant material' analysed in Experiment 3 (Section 3.2, p.6); not broken down by planting-area treatment (5/6/7 m2). Applied identically to T3, T4 and T5. Measured by bomb calorimetry (IKA Calorimeter System C 2000 Basic)."
camargocastellanosSystemManagementLemna2022,camargocastellanosSystemManagementLemna2022-T3,AP,mineral,Calcium (Ca),2.02,NR,%,NR,"Section 3.2, p.6","Single value reported once for 'the plant material' analysed in Experiment 3 (Section 3.2, p.6); not broken down by planting-area treatment (5/6/7 m2). Applied identically to T3, T4 and T5."
camargocastellanosSystemManagementLemna2022,camargocastellanosSystemManagementLemna2022-T3,AP,mineral,Phosphorus (P),1.1,NR,%,NR,"Section 3.2, p.6","Single value reported once for 'the plant material' analysed in Experiment 3 (Section 3.2, p.6); not broken down by planting-area treatment (5/6/7 m2). Applied identically to T3, T4 and T5. Consistent with the independently-stated 1.10% P in dry matter for L. minor given in Table 4 footnote c (p.10) - cross-check, not a conflict."
camargocastellanosSystemManagementLemna2022,camargocastellanosSystemManagementLemna2022-T3,AP,mineral,Nitrogen (N),4.8,NR,%,NR,"Table 4 footnote c, p.10","Single value reported once for 'the plant material' analysed in Experiment 3 (Section 3.2, p.6); not broken down by planting-area treatment (5/6/7 m2). Applied identically to T3, T4 and T5. Given as '4.8% N... in dry matter for L. minor' in the Table 4 footnote; not restated in Section 3.2's narrative bromatological list."
camargocastellanosSystemManagementLemna2022,camargocastellanosSystemManagementLemna2022-T4,AP,proximate,Crude protein,30.0,NR,%,NR,"Section 3.2, p.6","Single value reported once for 'the plant material' analysed in Experiment 3 (Section 3.2, p.6); not broken down by planting-area treatment (5/6/7 m2). Applied identically to T3, T4 and T5."
camargocastellanosSystemManagementLemna2022,camargocastellanosSystemManagementLemna2022-T4,AP,proximate,Neutral detergent fibre (NDF),34.16,NR,%,NR,"Section 3.2, p.6","Single value reported once for 'the plant material' analysed in Experiment 3 (Section 3.2, p.6); not broken down by planting-area treatment (5/6/7 m2). Applied identically to T3, T4 and T5."
camargocastellanosSystemManagementLemna2022,camargocastellanosSystemManagementLemna2022-T4,AP,proximate,Acid detergent fibre (ADF),15.88,NR,%,NR,"Section 3.2, p.6","Single value reported once for 'the plant material' analysed in Experiment 3 (Section 3.2, p.6); not broken down by planting-area treatment (5/6/7 m2). Applied identically to T3, T4 and T5."
camargocastellanosSystemManagementLemna2022,camargocastellanosSystemManagementLemna2022-T4,AP,proximate,Lignin,6.07,NR,%,NR,"Section 3.2, p.6","Single value reported once for 'the plant material' analysed in Experiment 3 (Section 3.2, p.6); not broken down by planting-area treatment (5/6/7 m2). Applied identically to T3, T4 and T5. Cross-check: Kaur et al. (2019, cited p.10) reported 3.5% lignin in the same species, Li et al. (2019) 1.5%, Xu & Deshusses (2015) 7.5% in Spirodela polyrrhiza - cited in Discussion as literature comparators, not a contradiction within this paper."
camargocastellanosSystemManagementLemna2022,camargocastellanosSystemManagementLemna2022-T4,AP,proximate,Ash,19.77,NR,%,NR,"Section 3.2, p.6","Single value reported once for 'the plant material' analysed in Experiment 3 (Section 3.2, p.6); not broken down by planting-area treatment (5/6/7 m2). Applied identically to T3, T4 and T5."
camargocastellanosSystemManagementLemna2022,camargocastellanosSystemManagementLemna2022-T4,AP,proximate,Gross energy,3490,NR,cal/g,NR,"Section 3.2, p.6","Single value reported once for 'the plant material' analysed in Experiment 3 (Section 3.2, p.6); not broken down by planting-area treatment (5/6/7 m2). Applied identically to T3, T4 and T5. Measured by bomb calorimetry (IKA Calorimeter System C 2000 Basic)."
camargocastellanosSystemManagementLemna2022,camargocastellanosSystemManagementLemna2022-T4,AP,mineral,Calcium (Ca),2.02,NR,%,NR,"Section 3.2, p.6","Single value reported once for 'the plant material' analysed in Experiment 3 (Section 3.2, p.6); not broken down by planting-area treatment (5/6/7 m2). Applied identically to T3, T4 and T5."
camargocastellanosSystemManagementLemna2022,camargocastellanosSystemManagementLemna2022-T4,AP,mineral,Phosphorus (P),1.1,NR,%,NR,"Section 3.2, p.6","Single value reported once for 'the plant material' analysed in Experiment 3 (Section 3.2, p.6); not broken down by planting-area treatment (5/6/7 m2). Applied identically to T3, T4 and T5. Consistent with the independently-stated 1.10% P in dry matter for L. minor given in Table 4 footnote c (p.10) - cross-check, not a conflict."
camargocastellanosSystemManagementLemna2022,camargocastellanosSystemManagementLemna2022-T4,AP,mineral,Nitrogen (N),4.8,NR,%,NR,"Table 4 footnote c, p.10","Single value reported once for 'the plant material' analysed in Experiment 3 (Section 3.2, p.6); not broken down by planting-area treatment (5/6/7 m2). Applied identically to T3, T4 and T5. Given as '4.8% N... in dry matter for L. minor' in the Table 4 footnote; not restated in Section 3.2's narrative bromatological list."
camargocastellanosSystemManagementLemna2022,camargocastellanosSystemManagementLemna2022-T5,AP,proximate,Crude protein,30.0,NR,%,NR,"Section 3.2, p.6","Single value reported once for 'the plant material' analysed in Experiment 3 (Section 3.2, p.6); not broken down by planting-area treatment (5/6/7 m2). Applied identically to T3, T4 and T5."
camargocastellanosSystemManagementLemna2022,camargocastellanosSystemManagementLemna2022-T5,AP,proximate,Neutral detergent fibre (NDF),34.16,NR,%,NR,"Section 3.2, p.6","Single value reported once for 'the plant material' analysed in Experiment 3 (Section 3.2, p.6); not broken down by planting-area treatment (5/6/7 m2). Applied identically to T3, T4 and T5."
camargocastellanosSystemManagementLemna2022,camargocastellanosSystemManagementLemna2022-T5,AP,proximate,Acid detergent fibre (ADF),15.88,NR,%,NR,"Section 3.2, p.6","Single value reported once for 'the plant material' analysed in Experiment 3 (Section 3.2, p.6); not broken down by planting-area treatment (5/6/7 m2). Applied identically to T3, T4 and T5."
camargocastellanosSystemManagementLemna2022,camargocastellanosSystemManagementLemna2022-T5,AP,proximate,Lignin,6.07,NR,%,NR,"Section 3.2, p.6","Single value reported once for 'the plant material' analysed in Experiment 3 (Section 3.2, p.6); not broken down by planting-area treatment (5/6/7 m2). Applied identically to T3, T4 and T5. Cross-check: Kaur et al. (2019, cited p.10) reported 3.5% lignin in the same species, Li et al. (2019) 1.5%, Xu & Deshusses (2015) 7.5% in Spirodela polyrrhiza - cited in Discussion as literature comparators, not a contradiction within this paper."
camargocastellanosSystemManagementLemna2022,camargocastellanosSystemManagementLemna2022-T5,AP,proximate,Ash,19.77,NR,%,NR,"Section 3.2, p.6","Single value reported once for 'the plant material' analysed in Experiment 3 (Section 3.2, p.6); not broken down by planting-area treatment (5/6/7 m2). Applied identically to T3, T4 and T5."
camargocastellanosSystemManagementLemna2022,camargocastellanosSystemManagementLemna2022-T5,AP,proximate,Gross energy,3490,NR,cal/g,NR,"Section 3.2, p.6","Single value reported once for 'the plant material' analysed in Experiment 3 (Section 3.2, p.6); not broken down by planting-area treatment (5/6/7 m2). Applied identically to T3, T4 and T5. Measured by bomb calorimetry (IKA Calorimeter System C 2000 Basic)."
camargocastellanosSystemManagementLemna2022,camargocastellanosSystemManagementLemna2022-T5,AP,mineral,Calcium (Ca),2.02,NR,%,NR,"Section 3.2, p.6","Single value reported once for 'the plant material' analysed in Experiment 3 (Section 3.2, p.6); not broken down by planting-area treatment (5/6/7 m2). Applied identically to T3, T4 and T5."
camargocastellanosSystemManagementLemna2022,camargocastellanosSystemManagementLemna2022-T5,AP,mineral,Phosphorus (P),1.1,NR,%,NR,"Section 3.2, p.6","Single value reported once for 'the plant material' analysed in Experiment 3 (Section 3.2, p.6); not broken down by planting-area treatment (5/6/7 m2). Applied identically to T3, T4 and T5. Consistent with the independently-stated 1.10% P in dry matter for L. minor given in Table 4 footnote c (p.10) - cross-check, not a conflict."
camargocastellanosSystemManagementLemna2022,camargocastellanosSystemManagementLemna2022-T5,AP,mineral,Nitrogen (N),4.8,NR,%,NR,"Table 4 footnote c, p.10","Single value reported once for 'the plant material' analysed in Experiment 3 (Section 3.2, p.6); not broken down by planting-area treatment (5/6/7 m2). Applied identically to T3, T4 and T5. Given as '4.8% N... in dry matter for L. minor' in the Table 4 footnote; not restated in Section 3.2's narrative bromatological list."
chandrouExploringPotentialBiostimulants2024,chandrouExploringPotentialBiostimulants2024-T1,AP,mineral,Total nitrogen (Kjeldahl),41.98,1.7,mg/g DW,a,"Table 2, p.9 (D38)",Treatment label in paper: CAP
chandrouExploringPotentialBiostimulants2024,chandrouExploringPotentialBiostimulants2024-T1,HYD,mineral,Total nitrogen (Kjeldahl),45.42,1.19,mg/g DW,a,"Table 2, p.9 (D38)",Treatment label in paper: HP
chandrouExploringPotentialBiostimulants2024,chandrouExploringPotentialBiostimulants2024-T1,AP,mineral,Potassium (K+),33.65,2.34,mg/g DW,b,"Table 2, p.9 (D38)",Treatment label in paper: CAP
chandrouExploringPotentialBiostimulants2024,chandrouExploringPotentialBiostimulants2024-T1,HYD,mineral,Potassium (K+),48.63,2.7,mg/g DW,a,"Table 2, p.9 (D38)",Treatment label in paper: HP
chandrouExploringPotentialBiostimulants2024,chandrouExploringPotentialBiostimulants2024-T1,AP,mineral,Sodium (Na+),8.09,2.06,mg/g DW,b,"Table 2, p.9 (D38)",Treatment label in paper: CAP
chandrouExploringPotentialBiostimulants2024,chandrouExploringPotentialBiostimulants2024-T1,HYD,mineral,Sodium (Na+),2.8,0.33,mg/g DW,a,"Table 2, p.9 (D38)",Treatment label in paper: HP
chandrouExploringPotentialBiostimulants2024,chandrouExploringPotentialBiostimulants2024-T1,AP,mineral,Calcium (Ca2+),10.35,1.18,mg/g DW,c,"Table 2, p.9 (D38)",Treatment label in paper: CAP
chandrouExploringPotentialBiostimulants2024,chandrouExploringPotentialBiostimulants2024-T1,HYD,mineral,Calcium (Ca2+),5.0,2.06,mg/g DW,a,"Table 2, p.9 (D38)",Treatment label in paper: HP
chandrouExploringPotentialBiostimulants2024,chandrouExploringPotentialBiostimulants2024-T1,AP,mineral,Total nitrogen (Kjeldahl),29.28,1.82,mg/g DW,b,"Table 2, p.9 (D56)",Treatment label in paper: CAP
chandrouExploringPotentialBiostimulants2024,chandrouExploringPotentialBiostimulants2024-T1,HYD,mineral,Total nitrogen (Kjeldahl),42.34,0.73,mg/g DW,a,"Table 2, p.9 (D56)",Treatment label in paper: HP
chandrouExploringPotentialBiostimulants2024,chandrouExploringPotentialBiostimulants2024-T1,AP,mineral,Potassium (K+),24.83,3.44,mg/g DW,c,"Table 2, p.9 (D56)",Treatment label in paper: CAP
chandrouExploringPotentialBiostimulants2024,chandrouExploringPotentialBiostimulants2024-T1,HYD,mineral,Potassium (K+),61.87,4.67,mg/g DW,a,"Table 2, p.9 (D56)",Treatment label in paper: HP
chandrouExploringPotentialBiostimulants2024,chandrouExploringPotentialBiostimulants2024-T1,AP,mineral,Sodium (Na+),11.49,1.64,mg/g DW,b,"Table 2, p.9 (D56)",Treatment label in paper: CAP
chandrouExploringPotentialBiostimulants2024,chandrouExploringPotentialBiostimulants2024-T1,HYD,mineral,Sodium (Na+),3.2,1.45,mg/g DW,a,"Table 2, p.9 (D56)",Treatment label in paper: HP
chandrouExploringPotentialBiostimulants2024,chandrouExploringPotentialBiostimulants2024-T1,AP,mineral,Calcium (Ca2+),6.14,0.83,mg/g DW,b,"Table 2, p.9 (D56)",Treatment label in paper: CAP
chandrouExploringPotentialBiostimulants2024,chandrouExploringPotentialBiostimulants2024-T1,HYD,mineral,Calcium (Ca2+),9.34,0.76,mg/g DW,a,"Table 2, p.9 (D56)",Treatment label in paper: HP
chandrouExploringPotentialBiostimulants2024,chandrouExploringPotentialBiostimulants2024-T2,AP,mineral,Total nitrogen (Kjeldahl),42.48,2.8,mg/g DW,a,"Table 2, p.9 (D38)",Treatment label in paper: CAP-BS1
chandrouExploringPotentialBiostimulants2024,chandrouExploringPotentialBiostimulants2024-T2,HYD,mineral,Total nitrogen (Kjeldahl),46.11,1.69,mg/g DW,a,"Table 2, p.9 (D38)",Treatment label in paper: HP-BS1
chandrouExploringPotentialBiostimulants2024,chandrouExploringPotentialBiostimulants2024-T2,AP,mineral,Potassium (K+),33.55,1.66,mg/g DW,b,"Table 2, p.9 (D38)",Treatment label in paper: CAP-BS1
chandrouExploringPotentialBiostimulants2024,chandrouExploringPotentialBiostimulants2024-T2,HYD,mineral,Potassium (K+),49.7,3.8,mg/g DW,a,"Table 2, p.9 (D38)",Treatment label in paper: HP-BS1
chandrouExploringPotentialBiostimulants2024,chandrouExploringPotentialBiostimulants2024-T2,AP,mineral,Sodium (Na+),8.21,0.93,mg/g DW,b,"Table 2, p.9 (D38)",Treatment label in paper: CAP-BS1
chandrouExploringPotentialBiostimulants2024,chandrouExploringPotentialBiostimulants2024-T2,HYD,mineral,Sodium (Na+),2.97,0.59,mg/g DW,a,"Table 2, p.9 (D38)",Treatment label in paper: HP-BS1
chandrouExploringPotentialBiostimulants2024,chandrouExploringPotentialBiostimulants2024-T2,AP,mineral,Calcium (Ca2+),9.68,0.83,mg/g DW,c,"Table 2, p.9 (D38)",Treatment label in paper: CAP-BS1
chandrouExploringPotentialBiostimulants2024,chandrouExploringPotentialBiostimulants2024-T2,HYD,mineral,Calcium (Ca2+),4.67,1.62,mg/g DW,a,"Table 2, p.9 (D38)",Treatment label in paper: HP-BS1
chandrouExploringPotentialBiostimulants2024,chandrouExploringPotentialBiostimulants2024-T2,AP,mineral,Total nitrogen (Kjeldahl),29.1,1.8,mg/g DW,b,"Table 2, p.9 (D56)",Treatment label in paper: CAP-BS1
chandrouExploringPotentialBiostimulants2024,chandrouExploringPotentialBiostimulants2024-T2,HYD,mineral,Total nitrogen (Kjeldahl),44.18,0.73,mg/g DW,a,"Table 2, p.9 (D56)",Treatment label in paper: HP-BS1
chandrouExploringPotentialBiostimulants2024,chandrouExploringPotentialBiostimulants2024-T2,AP,mineral,Potassium (K+),23.71,2.74,mg/g DW,c,"Table 2, p.9 (D56)",Treatment label in paper: CAP-BS1
chandrouExploringPotentialBiostimulants2024,chandrouExploringPotentialBiostimulants2024-T2,HYD,mineral,Potassium (K+),61.24,3.11,mg/g DW,a,"Table 2, p.9 (D56)",Treatment label in paper: HP-BS1
chandrouExploringPotentialBiostimulants2024,chandrouExploringPotentialBiostimulants2024-T2,AP,mineral,Sodium (Na+),11.97,0.89,mg/g DW,b,"Table 2, p.9 (D56)",Treatment label in paper: CAP-BS1
chandrouExploringPotentialBiostimulants2024,chandrouExploringPotentialBiostimulants2024-T2,HYD,mineral,Sodium (Na+),2.45,0.68,mg/g DW,a,"Table 2, p.9 (D56)",Treatment label in paper: HP-BS1
chandrouExploringPotentialBiostimulants2024,chandrouExploringPotentialBiostimulants2024-T2,AP,mineral,Calcium (Ca2+),7.65,1.18,mg/g DW,ab,"Table 2, p.9 (D56)",Treatment label in paper: CAP-BS1
chandrouExploringPotentialBiostimulants2024,chandrouExploringPotentialBiostimulants2024-T2,HYD,mineral,Calcium (Ca2+),9.34,1.54,mg/g DW,a,"Table 2, p.9 (D56)",Treatment label in paper: HP-BS1
chandrouExploringPotentialBiostimulants2024,chandrouExploringPotentialBiostimulants2024-T3,AP,mineral,Total nitrogen (Kjeldahl),35.82,1.58,mg/g DW,b,"Table 2, p.9 (D38)",Treatment label in paper: CAP-BS2
chandrouExploringPotentialBiostimulants2024,chandrouExploringPotentialBiostimulants2024-T3,HYD,mineral,Total nitrogen (Kjeldahl),43.42,1.57,mg/g DW,a,"Table 2, p.9 (D38)",Treatment label in paper: HP-BS2
chandrouExploringPotentialBiostimulants2024,chandrouExploringPotentialBiostimulants2024-T3,AP,mineral,Potassium (K+),32.37,2.14,mg/g DW,b,"Table 2, p.9 (D38)",Treatment label in paper: CAP-BS2
chandrouExploringPotentialBiostimulants2024,chandrouExploringPotentialBiostimulants2024-T3,HYD,mineral,Potassium (K+),47.18,3.75,mg/g DW,a,"Table 2, p.9 (D38)",Treatment label in paper: HP-BS2
chandrouExploringPotentialBiostimulants2024,chandrouExploringPotentialBiostimulants2024-T3,AP,mineral,Sodium (Na+),7.62,1.99,mg/g DW,b,"Table 2, p.9 (D38)",Treatment label in paper: CAP-BS2
chandrouExploringPotentialBiostimulants2024,chandrouExploringPotentialBiostimulants2024-T3,HYD,mineral,Sodium (Na+),2.57,0.76,mg/g DW,a,"Table 2, p.9 (D38)",Treatment label in paper: HP-BS2
chandrouExploringPotentialBiostimulants2024,chandrouExploringPotentialBiostimulants2024-T3,AP,mineral,Calcium (Ca2+),9.51,1.97,mg/g DW,bc,"Table 2, p.9 (D38)",Treatment label in paper: CAP-BS2
chandrouExploringPotentialBiostimulants2024,chandrouExploringPotentialBiostimulants2024-T3,HYD,mineral,Calcium (Ca2+),5.51,1.77,mg/g DW,ab,"Table 2, p.9 (D38)",Treatment label in paper: HP-BS2
chandrouExploringPotentialBiostimulants2024,chandrouExploringPotentialBiostimulants2024-T3,AP,mineral,Total nitrogen (Kjeldahl),31.07,2.04,mg/g DW,b,"Table 2, p.9 (D56)",Treatment label in paper: CAP-BS2
chandrouExploringPotentialBiostimulants2024,chandrouExploringPotentialBiostimulants2024-T3,HYD,mineral,Total nitrogen (Kjeldahl),45.24,0.49,mg/g DW,a,"Table 2, p.9 (D56)",Treatment label in paper: HP-BS2
chandrouExploringPotentialBiostimulants2024,chandrouExploringPotentialBiostimulants2024-T3,AP,mineral,Potassium (K+),25.13,3.35,mg/g DW,c,"Table 2, p.9 (D56)",Treatment label in paper: CAP-BS2
chandrouExploringPotentialBiostimulants2024,chandrouExploringPotentialBiostimulants2024-T3,HYD,mineral,Potassium (K+),58.65,4.57,mg/g DW,a,"Table 2, p.9 (D56)",Treatment label in paper: HP-BS2
chandrouExploringPotentialBiostimulants2024,chandrouExploringPotentialBiostimulants2024-T3,AP,mineral,Sodium (Na+),12.01,1.49,mg/g DW,b,"Table 2, p.9 (D56)",Treatment label in paper: CAP-BS2
chandrouExploringPotentialBiostimulants2024,chandrouExploringPotentialBiostimulants2024-T3,HYD,mineral,Sodium (Na+),2.22,0.56,mg/g DW,a,"Table 2, p.9 (D56)",Treatment label in paper: HP-BS2
chandrouExploringPotentialBiostimulants2024,chandrouExploringPotentialBiostimulants2024-T3,AP,mineral,Calcium (Ca2+),8.84,0.83,mg/g DW,ab,"Table 2, p.9 (D56)",Treatment label in paper: CAP-BS2
chandrouExploringPotentialBiostimulants2024,chandrouExploringPotentialBiostimulants2024-T3,HYD,mineral,Calcium (Ca2+),9.17,1.66,mg/g DW,a,"Table 2, p.9 (D56)",Treatment label in paper: HP-BS2
chandrouExploringPotentialBiostimulants2024,chandrouExploringPotentialBiostimulants2024-T4,AP,mineral,Total nitrogen (Kjeldahl),44.17,0.53,mg/g DW,a,"Table 2, p.9 (D38)",Treatment label in paper: DCAP
chandrouExploringPotentialBiostimulants2024,chandrouExploringPotentialBiostimulants2024-T4,HYD,mineral,Total nitrogen (Kjeldahl),45.42,1.19,mg/g DW,a,"Table 2, p.9 (D38)",Treatment label in paper: HP
chandrouExploringPotentialBiostimulants2024,chandrouExploringPotentialBiostimulants2024-T4,AP,mineral,Potassium (K+),46.21,9.82,mg/g DW,a,"Table 2, p.9 (D38)",Treatment label in paper: DCAP
chandrouExploringPotentialBiostimulants2024,chandrouExploringPotentialBiostimulants2024-T4,HYD,mineral,Potassium (K+),48.63,2.7,mg/g DW,a,"Table 2, p.9 (D38)",Treatment label in paper: HP
chandrouExploringPotentialBiostimulants2024,chandrouExploringPotentialBiostimulants2024-T4,AP,mineral,Sodium (Na+),2.45,0.71,mg/g DW,a,"Table 2, p.9 (D38)",Treatment label in paper: DCAP
chandrouExploringPotentialBiostimulants2024,chandrouExploringPotentialBiostimulants2024-T4,HYD,mineral,Sodium (Na+),2.8,0.33,mg/g DW,a,"Table 2, p.9 (D38)",Treatment label in paper: HP
chandrouExploringPotentialBiostimulants2024,chandrouExploringPotentialBiostimulants2024-T4,AP,mineral,Calcium (Ca2+),4.32,1.51,mg/g DW,a,"Table 2, p.9 (D38)",Treatment label in paper: DCAP
chandrouExploringPotentialBiostimulants2024,chandrouExploringPotentialBiostimulants2024-T4,HYD,mineral,Calcium (Ca2+),5.0,2.06,mg/g DW,a,"Table 2, p.9 (D38)",Treatment label in paper: HP
chandrouExploringPotentialBiostimulants2024,chandrouExploringPotentialBiostimulants2024-T4,AP,mineral,Total nitrogen (Kjeldahl),43.17,0.76,mg/g DW,a,"Table 2, p.9 (D56)",Treatment label in paper: DCAP
chandrouExploringPotentialBiostimulants2024,chandrouExploringPotentialBiostimulants2024-T4,HYD,mineral,Total nitrogen (Kjeldahl),42.34,0.73,mg/g DW,a,"Table 2, p.9 (D56)",Treatment label in paper: HP
chandrouExploringPotentialBiostimulants2024,chandrouExploringPotentialBiostimulants2024-T4,AP,mineral,Potassium (K+),59.2,4.25,mg/g DW,a,"Table 2, p.9 (D56)",Treatment label in paper: DCAP
chandrouExploringPotentialBiostimulants2024,chandrouExploringPotentialBiostimulants2024-T4,HYD,mineral,Potassium (K+),61.87,4.67,mg/g DW,a,"Table 2, p.9 (D56)",Treatment label in paper: HP
chandrouExploringPotentialBiostimulants2024,chandrouExploringPotentialBiostimulants2024-T4,AP,mineral,Sodium (Na+),2.14,0.51,mg/g DW,a,"Table 2, p.9 (D56)",Treatment label in paper: DCAP
chandrouExploringPotentialBiostimulants2024,chandrouExploringPotentialBiostimulants2024-T4,HYD,mineral,Sodium (Na+),3.2,1.45,mg/g DW,a,"Table 2, p.9 (D56)",Treatment label in paper: HP
chandrouExploringPotentialBiostimulants2024,chandrouExploringPotentialBiostimulants2024-T4,AP,mineral,Calcium (Ca2+),7.82,1.78,mg/g DW,ab,"Table 2, p.9 (D56)",Treatment label in paper: DCAP
chandrouExploringPotentialBiostimulants2024,chandrouExploringPotentialBiostimulants2024-T4,HYD,mineral,Calcium (Ca2+),9.34,0.76,mg/g DW,a,"Table 2, p.9 (D56)",Treatment label in paper: HP
chandrouExploringPotentialBiostimulants2024,chandrouExploringPotentialBiostimulants2024-T5,AP,mineral,Total nitrogen (Kjeldahl),42.99,0.63,mg/g DW,a,"Table 2, p.9 (D38)",Treatment label in paper: DCAP-BS1
chandrouExploringPotentialBiostimulants2024,chandrouExploringPotentialBiostimulants2024-T5,HYD,mineral,Total nitrogen (Kjeldahl),46.11,1.69,mg/g DW,a,"Table 2, p.9 (D38)",Treatment label in paper: HP-BS1
chandrouExploringPotentialBiostimulants2024,chandrouExploringPotentialBiostimulants2024-T5,AP,mineral,Potassium (K+),49.94,2.38,mg/g DW,a,"Table 2, p.9 (D38)",Treatment label in paper: DCAP-BS1
chandrouExploringPotentialBiostimulants2024,chandrouExploringPotentialBiostimulants2024-T5,HYD,mineral,Potassium (K+),49.7,3.8,mg/g DW,a,"Table 2, p.9 (D38)",Treatment label in paper: HP-BS1
chandrouExploringPotentialBiostimulants2024,chandrouExploringPotentialBiostimulants2024-T5,AP,mineral,Sodium (Na+),3.0,0.51,mg/g DW,a,"Table 2, p.9 (D38)",Treatment label in paper: DCAP-BS1
chandrouExploringPotentialBiostimulants2024,chandrouExploringPotentialBiostimulants2024-T5,HYD,mineral,Sodium (Na+),2.97,0.59,mg/g DW,a,"Table 2, p.9 (D38)",Treatment label in paper: HP-BS1
chandrouExploringPotentialBiostimulants2024,chandrouExploringPotentialBiostimulants2024-T5,AP,mineral,Calcium (Ca2+),4.5,1.05,mg/g DW,a,"Table 2, p.9 (D38)",Treatment label in paper: DCAP-BS1
chandrouExploringPotentialBiostimulants2024,chandrouExploringPotentialBiostimulants2024-T5,HYD,mineral,Calcium (Ca2+),4.67,1.62,mg/g DW,a,"Table 2, p.9 (D38)",Treatment label in paper: HP-BS1
chandrouExploringPotentialBiostimulants2024,chandrouExploringPotentialBiostimulants2024-T5,AP,mineral,Total nitrogen (Kjeldahl),42.76,0.91,mg/g DW,a,"Table 2, p.9 (D56)",Treatment label in paper: DCAP-BS1
chandrouExploringPotentialBiostimulants2024,chandrouExploringPotentialBiostimulants2024-T5,HYD,mineral,Total nitrogen (Kjeldahl),44.18,0.73,mg/g DW,a,"Table 2, p.9 (D56)",Treatment label in paper: HP-BS1
chandrouExploringPotentialBiostimulants2024,chandrouExploringPotentialBiostimulants2024-T5,AP,mineral,Potassium (K+),57.57,7.99,mg/g DW,a,"Table 2, p.9 (D56)",Treatment label in paper: DCAP-BS1
chandrouExploringPotentialBiostimulants2024,chandrouExploringPotentialBiostimulants2024-T5,HYD,mineral,Potassium (K+),61.24,3.11,mg/g DW,a,"Table 2, p.9 (D56)",Treatment label in paper: HP-BS1
chandrouExploringPotentialBiostimulants2024,chandrouExploringPotentialBiostimulants2024-T5,AP,mineral,Sodium (Na+),2.53,0.37,mg/g DW,a,"Table 2, p.9 (D56)",Treatment label in paper: DCAP-BS1
chandrouExploringPotentialBiostimulants2024,chandrouExploringPotentialBiostimulants2024-T5,HYD,mineral,Sodium (Na+),2.45,0.68,mg/g DW,a,"Table 2, p.9 (D56)",Treatment label in paper: HP-BS1
chandrouExploringPotentialBiostimulants2024,chandrouExploringPotentialBiostimulants2024-T5,AP,mineral,Calcium (Ca2+),7.65,1.19,mg/g DW,ab,"Table 2, p.9 (D56)",Treatment label in paper: DCAP-BS1
chandrouExploringPotentialBiostimulants2024,chandrouExploringPotentialBiostimulants2024-T5,HYD,mineral,Calcium (Ca2+),9.34,1.54,mg/g DW,a,"Table 2, p.9 (D56)",Treatment label in paper: HP-BS1
chandrouExploringPotentialBiostimulants2024,chandrouExploringPotentialBiostimulants2024-T6,AP,mineral,Total nitrogen (Kjeldahl),45.05,1.18,mg/g DW,a,"Table 2, p.9 (D38)",Treatment label in paper: DCAP-BS2
chandrouExploringPotentialBiostimulants2024,chandrouExploringPotentialBiostimulants2024-T6,HYD,mineral,Total nitrogen (Kjeldahl),43.42,1.57,mg/g DW,a,"Table 2, p.9 (D38)",Treatment label in paper: HP-BS2
chandrouExploringPotentialBiostimulants2024,chandrouExploringPotentialBiostimulants2024-T6,AP,mineral,Potassium (K+),49.96,1.85,mg/g DW,a,"Table 2, p.9 (D38)",Treatment label in paper: DCAP-BS2
chandrouExploringPotentialBiostimulants2024,chandrouExploringPotentialBiostimulants2024-T6,HYD,mineral,Potassium (K+),47.18,3.75,mg/g DW,a,"Table 2, p.9 (D38)",Treatment label in paper: HP-BS2
chandrouExploringPotentialBiostimulants2024,chandrouExploringPotentialBiostimulants2024-T6,AP,mineral,Sodium (Na+),3.43,0.94,mg/g DW,a,"Table 2, p.9 (D38)",Treatment label in paper: DCAP-BS2
chandrouExploringPotentialBiostimulants2024,chandrouExploringPotentialBiostimulants2024-T6,HYD,mineral,Sodium (Na+),2.57,0.76,mg/g DW,a,"Table 2, p.9 (D38)",Treatment label in paper: HP-BS2
chandrouExploringPotentialBiostimulants2024,chandrouExploringPotentialBiostimulants2024-T6,AP,mineral,Calcium (Ca2+),5.01,1.97,mg/g DW,ab,"Table 2, p.9 (D38)",Treatment label in paper: DCAP-BS2
chandrouExploringPotentialBiostimulants2024,chandrouExploringPotentialBiostimulants2024-T6,HYD,mineral,Calcium (Ca2+),5.51,1.77,mg/g DW,ab,"Table 2, p.9 (D38)",Treatment label in paper: HP-BS2
chandrouExploringPotentialBiostimulants2024,chandrouExploringPotentialBiostimulants2024-T6,AP,mineral,Total nitrogen (Kjeldahl),41.64,0.82,mg/g DW,a,"Table 2, p.9 (D56)",Treatment label in paper: DCAP-BS2
chandrouExploringPotentialBiostimulants2024,chandrouExploringPotentialBiostimulants2024-T6,HYD,mineral,Total nitrogen (Kjeldahl),45.24,0.49,mg/g DW,a,"Table 2, p.9 (D56)",Treatment label in paper: HP-BS2
chandrouExploringPotentialBiostimulants2024,chandrouExploringPotentialBiostimulants2024-T6,AP,mineral,Potassium (K+),50.79,5.04,mg/g DW,b,"Table 2, p.9 (D56)",Treatment label in paper: DCAP-BS2
chandrouExploringPotentialBiostimulants2024,chandrouExploringPotentialBiostimulants2024-T6,HYD,mineral,Potassium (K+),58.65,4.57,mg/g DW,a,"Table 2, p.9 (D56)",Treatment label in paper: HP-BS2
chandrouExploringPotentialBiostimulants2024,chandrouExploringPotentialBiostimulants2024-T6,AP,mineral,Sodium (Na+),2.71,0.34,mg/g DW,a,"Table 2, p.9 (D56)",Treatment label in paper: DCAP-BS2
chandrouExploringPotentialBiostimulants2024,chandrouExploringPotentialBiostimulants2024-T6,HYD,mineral,Sodium (Na+),2.22,0.56,mg/g DW,a,"Table 2, p.9 (D56)",Treatment label in paper: HP-BS2
chandrouExploringPotentialBiostimulants2024,chandrouExploringPotentialBiostimulants2024-T6,AP,mineral,Calcium (Ca2+),7.82,1.05,mg/g DW,ab,"Table 2, p.9 (D56)",Treatment label in paper: DCAP-BS2
chandrouExploringPotentialBiostimulants2024,chandrouExploringPotentialBiostimulants2024-T6,HYD,mineral,Calcium (Ca2+),9.17,1.66,mg/g DW,a,"Table 2, p.9 (D56)",Treatment label in paper: HP-BS2
chandrouExploringPotentialBiostimulants2024,chandrouExploringPotentialBiostimulants2024-T1,HYD,biochemistry,Total phenolics,13,NR,mg GAE/100 g DW,NR,Results text p.8 (D38),"Treatment label in paper: HP. SD not stated in text (Fig. 4 shows error bars only, no numeric SD given); lowest value on D38 per text"
chandrouExploringPotentialBiostimulants2024,chandrouExploringPotentialBiostimulants2024-T3,AP,biochemistry,Total phenolics,21,NR,mg GAE/100 g DW,NR,Results text p.8 (D38),"Treatment label in paper: CAP-BS2. SD not stated in text (Fig. 4 shows error bars only, no numeric SD given); highest value on D38 per text"
deerGraftedNongraftedCherokee2023,deerGraftedNongraftedCherokee2023-T1,AP,mineral,Phosphorus,0.9,NR,%,a,"Table 10, p.1337",Aquaponics x Grafted cell; System x Graft interaction p=0.03 (Table 9)
deerGraftedNongraftedCherokee2023,deerGraftedNongraftedCherokee2023-T1,HYD,mineral,Phosphorus,0.8,NR,%,ab,"Table 10, p.1337","Hydroponics x Grafted cell, paired with T1's AP value"
deerGraftedNongraftedCherokee2023,deerGraftedNongraftedCherokee2023-T2,AP,mineral,Phosphorus,0.7,NR,%,b,"Table 10, p.1337",Aquaponics x Nongrafted cell
deerGraftedNongraftedCherokee2023,deerGraftedNongraftedCherokee2023-T2,HYD,mineral,Phosphorus,0.8,NR,%,a,"Table 10, p.1337","Hydroponics x Nongrafted cell, paired with T2's AP value"
deerGraftedNongraftedCherokee2023,deerGraftedNongraftedCherokee2023-T1,AP,mineral,Sulfur,1.2,NR,%,a,"Table 10, p.1337",Aquaponics x Grafted cell; System x Graft interaction p=0.01 (Table 9)
deerGraftedNongraftedCherokee2023,deerGraftedNongraftedCherokee2023-T1,HYD,mineral,Sulfur,1.1,NR,%,ab,"Table 10, p.1337",Hydroponics x Grafted cell
deerGraftedNongraftedCherokee2023,deerGraftedNongraftedCherokee2023-T2,AP,mineral,Sulfur,1.0,NR,%,b,"Table 10, p.1337",Aquaponics x Nongrafted cell
deerGraftedNongraftedCherokee2023,deerGraftedNongraftedCherokee2023-T2,HYD,mineral,Sulfur,1.2,NR,%,ab,"Table 10, p.1337",Hydroponics x Nongrafted cell
deerGraftedNongraftedCherokee2023,deerGraftedNongraftedCherokee2023-T1,AP,mineral,Boron,117.4,NR,mg/L,c,"Table 10, p.1337",Aquaponics x Grafted cell; System x Graft interaction p=0.03 (Table 9)
deerGraftedNongraftedCherokee2023,deerGraftedNongraftedCherokee2023-T1,HYD,mineral,Boron,176.4,NR,mg/L,b,"Table 10, p.1337",Hydroponics x Grafted cell
deerGraftedNongraftedCherokee2023,deerGraftedNongraftedCherokee2023-T2,AP,mineral,Boron,110.7,NR,mg/L,c,"Table 10, p.1337",Aquaponics x Nongrafted cell
deerGraftedNongraftedCherokee2023,deerGraftedNongraftedCherokee2023-T2,HYD,mineral,Boron,208.6,NR,mg/L,a,"Table 10, p.1337",Hydroponics x Nongrafted cell; highest B of all four cells
deerGraftedNongraftedCherokee2023,deerGraftedNongraftedCherokee2023-T1,AP,mineral,Zinc,89.3,NR,mg/L,a,"Table 10, p.1337",Aquaponics x Grafted cell; System x Graft interaction p=0.02 (Table 9); highest Zn of all four cells
deerGraftedNongraftedCherokee2023,deerGraftedNongraftedCherokee2023-T1,HYD,mineral,Zinc,43.0,NR,mg/L,b,"Table 10, p.1337",Hydroponics x Grafted cell
deerGraftedNongraftedCherokee2023,deerGraftedNongraftedCherokee2023-T2,AP,mineral,Zinc,58.8,NR,mg/L,b,"Table 10, p.1337",Aquaponics x Nongrafted cell
deerGraftedNongraftedCherokee2023,deerGraftedNongraftedCherokee2023-T2,HYD,mineral,Zinc,40.5,NR,mg/L,b,"Table 10, p.1337",Hydroponics x Nongrafted cell
deerGraftedNongraftedCherokee2023,deerGraftedNongraftedCherokee2023-T1,AP,biochemistry,SPAD (chlorophyll),48.0,NR,SPAD units,a,"Table 5, p.1335","Aquaponics x Grafted; combined-years mean, no month split; all 4 System x Graft SPAD cells share letter 'a' despite significant interaction p=0.03 (Table 1)"
deerGraftedNongraftedCherokee2023,deerGraftedNongraftedCherokee2023-T1,HYD,biochemistry,SPAD (chlorophyll),50.8,NR,SPAD units,a,"Table 5, p.1335",Hydroponics x Grafted
deerGraftedNongraftedCherokee2023,deerGraftedNongraftedCherokee2023-T2,AP,biochemistry,SPAD (chlorophyll),42.3,NR,SPAD units,a,"Table 5, p.1335",Aquaponics x Nongrafted; lowest of the four cells despite shared LSD letter
deerGraftedNongraftedCherokee2023,deerGraftedNongraftedCherokee2023-T2,HYD,biochemistry,SPAD (chlorophyll),48.4,NR,SPAD units,a,"Table 5, p.1335",Hydroponics x Nongrafted
deerGraftedNongraftedCherokee2023,deerGraftedNongraftedCherokee2023-T1,AP,mineral,Total nutrients,2.7,NR,%,a,"Table 11, p.1337","System main effect, POOLED ACROSS GRAFT (System x Graft ns for total nutrients, Table 9 p=0.98); not specific to this trial's graft treatment"
deerGraftedNongraftedCherokee2023,deerGraftedNongraftedCherokee2023-T1,HYD,mineral,Total nutrients,2.9,NR,%,a,"Table 11, p.1337","System main effect, POOLED ACROSS GRAFT; not specific to this trial's graft treatment"
deerGraftedNongraftedCherokee2023,deerGraftedNongraftedCherokee2023-T1,AP,mineral,Potassium,3.3,NR,%,b,"Table 11, p.1337","System main effect, POOLED ACROSS GRAFT (System significant p=0.02, Table 9); not specific to this trial's graft treatment"
deerGraftedNongraftedCherokee2023,deerGraftedNongraftedCherokee2023-T1,HYD,mineral,Potassium,5.7,NR,%,a,"Table 11, p.1337","System main effect, POOLED ACROSS GRAFT; not specific to this trial's graft treatment"
deerGraftedNongraftedCherokee2023,deerGraftedNongraftedCherokee2023-T1,AP,mineral,Calcium,4.0,NR,%,a,"Table 11, p.1337","System main effect, POOLED ACROSS GRAFT (ns, Table 9 p=0.10); not specific to this trial's graft treatment"
deerGraftedNongraftedCherokee2023,deerGraftedNongraftedCherokee2023-T1,HYD,mineral,Calcium,3.6,NR,%,a,"Table 11, p.1337","System main effect, POOLED ACROSS GRAFT; not specific to this trial's graft treatment"
deerGraftedNongraftedCherokee2023,deerGraftedNongraftedCherokee2023-T1,AP,mineral,Magnesium,1.3,NR,%,a,"Table 11, p.1337","System main effect, POOLED ACROSS GRAFT (ns, Table 9 p=0.40); not specific to this trial's graft treatment"
deerGraftedNongraftedCherokee2023,deerGraftedNongraftedCherokee2023-T1,HYD,mineral,Magnesium,1.1,NR,%,a,"Table 11, p.1337","System main effect, POOLED ACROSS GRAFT; not specific to this trial's graft treatment"
deerGraftedNongraftedCherokee2023,deerGraftedNongraftedCherokee2023-T1,AP,mineral,Iron,129.5,NR,mg/L,b,"Table 11, p.1337","System main effect, POOLED ACROSS GRAFT (System significant p<0.0001, Table 9); not specific to this trial's graft treatment"
deerGraftedNongraftedCherokee2023,deerGraftedNongraftedCherokee2023-T1,HYD,mineral,Iron,211.2,NR,mg/L,a,"Table 11, p.1337","System main effect, POOLED ACROSS GRAFT; not specific to this trial's graft treatment"
deerGraftedNongraftedCherokee2023,deerGraftedNongraftedCherokee2023-T1,AP,mineral,Copper,28.2,NR,mg/L,a,"Table 11, p.1337","System main effect, POOLED ACROSS GRAFT (System significant p=0.001, Table 9); not specific to this trial's graft treatment"
deerGraftedNongraftedCherokee2023,deerGraftedNongraftedCherokee2023-T1,HYD,mineral,Copper,13.6,NR,mg/L,b,"Table 11, p.1337","System main effect, POOLED ACROSS GRAFT; not specific to this trial's graft treatment"
deerGraftedNongraftedCherokee2023,deerGraftedNongraftedCherokee2023-T1,AP,mineral,Manganese,89.1,NR,mg/L,b,"Table 11, p.1337","System main effect, POOLED ACROSS GRAFT (System significant p=0.02, Table 9); not specific to this trial's graft treatment"
deerGraftedNongraftedCherokee2023,deerGraftedNongraftedCherokee2023-T1,HYD,mineral,Manganese,462.6,NR,mg/L,a,"Table 11, p.1337","System main effect, POOLED ACROSS GRAFT; not specific to this trial's graft treatment"
deerGraftedNongraftedCherokee2023,deerGraftedNongraftedCherokee2023-T2,AP,mineral,Total nutrients,2.7,NR,%,a,"Table 11, p.1337","System main effect, POOLED ACROSS GRAFT (System x Graft ns for total nutrients, Table 9 p=0.98); not specific to this trial's graft treatment"
deerGraftedNongraftedCherokee2023,deerGraftedNongraftedCherokee2023-T2,HYD,mineral,Total nutrients,2.9,NR,%,a,"Table 11, p.1337","System main effect, POOLED ACROSS GRAFT; not specific to this trial's graft treatment"
deerGraftedNongraftedCherokee2023,deerGraftedNongraftedCherokee2023-T2,AP,mineral,Potassium,3.3,NR,%,b,"Table 11, p.1337","System main effect, POOLED ACROSS GRAFT (System significant p=0.02, Table 9); not specific to this trial's graft treatment"
deerGraftedNongraftedCherokee2023,deerGraftedNongraftedCherokee2023-T2,HYD,mineral,Potassium,5.7,NR,%,a,"Table 11, p.1337","System main effect, POOLED ACROSS GRAFT; not specific to this trial's graft treatment"
deerGraftedNongraftedCherokee2023,deerGraftedNongraftedCherokee2023-T2,AP,mineral,Calcium,4.0,NR,%,a,"Table 11, p.1337","System main effect, POOLED ACROSS GRAFT (ns, Table 9 p=0.10); not specific to this trial's graft treatment"
deerGraftedNongraftedCherokee2023,deerGraftedNongraftedCherokee2023-T2,HYD,mineral,Calcium,3.6,NR,%,a,"Table 11, p.1337","System main effect, POOLED ACROSS GRAFT; not specific to this trial's graft treatment"
deerGraftedNongraftedCherokee2023,deerGraftedNongraftedCherokee2023-T2,AP,mineral,Magnesium,1.3,NR,%,a,"Table 11, p.1337","System main effect, POOLED ACROSS GRAFT (ns, Table 9 p=0.40); not specific to this trial's graft treatment"
deerGraftedNongraftedCherokee2023,deerGraftedNongraftedCherokee2023-T2,HYD,mineral,Magnesium,1.1,NR,%,a,"Table 11, p.1337","System main effect, POOLED ACROSS GRAFT; not specific to this trial's graft treatment"
deerGraftedNongraftedCherokee2023,deerGraftedNongraftedCherokee2023-T2,AP,mineral,Iron,129.5,NR,mg/L,b,"Table 11, p.1337","System main effect, POOLED ACROSS GRAFT (System significant p<0.0001, Table 9); not specific to this trial's graft treatment"
deerGraftedNongraftedCherokee2023,deerGraftedNongraftedCherokee2023-T2,HYD,mineral,Iron,211.2,NR,mg/L,a,"Table 11, p.1337","System main effect, POOLED ACROSS GRAFT; not specific to this trial's graft treatment"
deerGraftedNongraftedCherokee2023,deerGraftedNongraftedCherokee2023-T2,AP,mineral,Copper,28.2,NR,mg/L,a,"Table 11, p.1337","System main effect, POOLED ACROSS GRAFT (System significant p=0.001, Table 9); not specific to this trial's graft treatment"
deerGraftedNongraftedCherokee2023,deerGraftedNongraftedCherokee2023-T2,HYD,mineral,Copper,13.6,NR,mg/L,b,"Table 11, p.1337","System main effect, POOLED ACROSS GRAFT; not specific to this trial's graft treatment"
deerGraftedNongraftedCherokee2023,deerGraftedNongraftedCherokee2023-T2,AP,mineral,Manganese,89.1,NR,mg/L,b,"Table 11, p.1337","System main effect, POOLED ACROSS GRAFT (System significant p=0.02, Table 9); not specific to this trial's graft treatment"
deerGraftedNongraftedCherokee2023,deerGraftedNongraftedCherokee2023-T2,HYD,mineral,Manganese,462.6,NR,mg/L,a,"Table 11, p.1337","System main effect, POOLED ACROSS GRAFT; not specific to this trial's graft treatment"
deerGraftedNongraftedCherokee2023,deerGraftedNongraftedCherokee2023-T1,Pooled,mineral,Total nutrients,2.7,NR,%,a,"Table 11, p.1337","Graft main effect, POOLED ACROSS SYSTEM (AP+HYD combined) -- ns, Table 9 p=0.54; System is 'Pooled' because this marginal mean is not decomposed by AP/HYD in the paper"
deerGraftedNongraftedCherokee2023,deerGraftedNongraftedCherokee2023-T2,Pooled,mineral,Total nutrients,2.8,NR,%,a,"Table 11, p.1337","Graft main effect, POOLED ACROSS SYSTEM (AP+HYD combined) -- ns, Table 9 p=0.54; System is 'Pooled' because this marginal mean is not decomposed by AP/HYD in the paper"
deerGraftedNongraftedCherokee2023,deerGraftedNongraftedCherokee2023-T1,Pooled,mineral,Potassium,4.6,NR,%,a,"Table 11, p.1337","Graft main effect, POOLED ACROSS SYSTEM (AP+HYD combined) -- ns, Table 9 p=0.71; System is 'Pooled' because this marginal mean is not decomposed by AP/HYD in the paper"
deerGraftedNongraftedCherokee2023,deerGraftedNongraftedCherokee2023-T2,Pooled,mineral,Potassium,4.4,NR,%,a,"Table 11, p.1337","Graft main effect, POOLED ACROSS SYSTEM (AP+HYD combined) -- ns, Table 9 p=0.71; System is 'Pooled' because this marginal mean is not decomposed by AP/HYD in the paper"
deerGraftedNongraftedCherokee2023,deerGraftedNongraftedCherokee2023-T1,Pooled,mineral,Calcium,3.8,NR,%,a,"Table 11, p.1337","Graft main effect, POOLED ACROSS SYSTEM (AP+HYD combined) -- ns, Table 9 p=0.35; System is 'Pooled' because this marginal mean is not decomposed by AP/HYD in the paper"
deerGraftedNongraftedCherokee2023,deerGraftedNongraftedCherokee2023-T2,Pooled,mineral,Calcium,3.6,NR,%,a,"Table 11, p.1337","Graft main effect, POOLED ACROSS SYSTEM (AP+HYD combined) -- ns, Table 9 p=0.35; System is 'Pooled' because this marginal mean is not decomposed by AP/HYD in the paper"
deerGraftedNongraftedCherokee2023,deerGraftedNongraftedCherokee2023-T1,Pooled,mineral,Magnesium,1.2,NR,%,a,"Table 11, p.1337","Graft main effect, POOLED ACROSS SYSTEM (AP+HYD combined) -- ns, Table 9 p=0.40; System is 'Pooled' because this marginal mean is not decomposed by AP/HYD in the paper"
deerGraftedNongraftedCherokee2023,deerGraftedNongraftedCherokee2023-T2,Pooled,mineral,Magnesium,1.2,NR,%,a,"Table 11, p.1337","Graft main effect, POOLED ACROSS SYSTEM (AP+HYD combined) -- ns, Table 9 p=0.40; System is 'Pooled' because this marginal mean is not decomposed by AP/HYD in the paper"
deerGraftedNongraftedCherokee2023,deerGraftedNongraftedCherokee2023-T1,Pooled,mineral,Iron,170.2,NR,mg/L,a,"Table 11, p.1337","Graft main effect, POOLED ACROSS SYSTEM (AP+HYD combined) -- ns, Table 9 p=0.98; System is 'Pooled' because this marginal mean is not decomposed by AP/HYD in the paper"
deerGraftedNongraftedCherokee2023,deerGraftedNongraftedCherokee2023-T2,Pooled,mineral,Iron,170.5,NR,mg/L,a,"Table 11, p.1337","Graft main effect, POOLED ACROSS SYSTEM (AP+HYD combined) -- ns, Table 9 p=0.98; System is 'Pooled' because this marginal mean is not decomposed by AP/HYD in the paper"
deerGraftedNongraftedCherokee2023,deerGraftedNongraftedCherokee2023-T1,Pooled,mineral,Copper,24.3,NR,mg/L,a,"Table 11, p.1337","Graft main effect, POOLED ACROSS SYSTEM (AP+HYD combined) -- Graft significant, Table 9 p=0.004; System is 'Pooled' because this marginal mean is not decomposed by AP/HYD in the paper"
deerGraftedNongraftedCherokee2023,deerGraftedNongraftedCherokee2023-T2,Pooled,mineral,Copper,17.5,NR,mg/L,b,"Table 11, p.1337","Graft main effect, POOLED ACROSS SYSTEM (AP+HYD combined) -- Graft significant, Table 9 p=0.004; System is 'Pooled' because this marginal mean is not decomposed by AP/HYD in the paper"
deerGraftedNongraftedCherokee2023,deerGraftedNongraftedCherokee2023-T1,Pooled,mineral,Manganese,284.9,NR,mg/L,a,"Table 11, p.1337","Graft main effect, POOLED ACROSS SYSTEM (AP+HYD combined) -- ns, Table 9 p=0.76; System is 'Pooled' because this marginal mean is not decomposed by AP/HYD in the paper"
deerGraftedNongraftedCherokee2023,deerGraftedNongraftedCherokee2023-T2,Pooled,mineral,Manganese,266.9,NR,mg/L,a,"Table 11, p.1337","Graft main effect, POOLED ACROSS SYSTEM (AP+HYD combined) -- ns, Table 9 p=0.76; System is 'Pooled' because this marginal mean is not decomposed by AP/HYD in the paper"
delaideLettuceLactucaSativa2016,delaideLettuceLactucaSativa2016-T4,AP,mineral,P,5.47,0.02,mg/gDM,a,"Table 5, p.7","LS mean, trial 2 only (6 pooled plants/treatment, ICP-OES)"
delaideLettuceLactucaSativa2016,delaideLettuceLactucaSativa2016-T3,CAP,mineral,P,9.25,0.01,mg/gDM,b,"Table 5, p.7","LS mean, trial 2 only (6 pooled plants/treatment, ICP-OES)"
delaideLettuceLactucaSativa2016,delaideLettuceLactucaSativa2016-T3,HYD,mineral,P,8.56,0.02,mg/gDM,c,"Table 5, p.7","LS mean, trial 2 only; shared HP control, duplicated under T3 (CAP) and T4 (AP)"
delaideLettuceLactucaSativa2016,delaideLettuceLactucaSativa2016-T4,HYD,mineral,P,8.56,0.02,mg/gDM,c,"Table 5, p.7","LS mean, trial 2 only; shared HP control, duplicated under T3 (CAP) and T4 (AP)"
delaideLettuceLactucaSativa2016,delaideLettuceLactucaSativa2016-T4,AP,mineral,K,24.6,0.0,mg/gDM,a,"Table 5, p.7","LS mean, trial 2 only (6 pooled plants/treatment, ICP-OES)"
delaideLettuceLactucaSativa2016,delaideLettuceLactucaSativa2016-T3,CAP,mineral,K,29.8,0.1,mg/gDM,b,"Table 5, p.7","LS mean, trial 2 only (6 pooled plants/treatment, ICP-OES)"
delaideLettuceLactucaSativa2016,delaideLettuceLactucaSativa2016-T3,HYD,mineral,K,24.7,0.1,mg/gDM,a,"Table 5, p.7","LS mean, trial 2 only; shared HP control, duplicated under T3 (CAP) and T4 (AP)"
delaideLettuceLactucaSativa2016,delaideLettuceLactucaSativa2016-T4,HYD,mineral,K,24.7,0.1,mg/gDM,a,"Table 5, p.7","LS mean, trial 2 only; shared HP control, duplicated under T3 (CAP) and T4 (AP)"
delaideLettuceLactucaSativa2016,delaideLettuceLactucaSativa2016-T4,AP,mineral,Ca,6.36,0.01,mg/gDM,a,"Table 5, p.7","LS mean, trial 2 only (6 pooled plants/treatment, ICP-OES)"
delaideLettuceLactucaSativa2016,delaideLettuceLactucaSativa2016-T3,CAP,mineral,Ca,11.3,0.0,mg/gDM,b,"Table 5, p.7","LS mean, trial 2 only (6 pooled plants/treatment, ICP-OES)"
delaideLettuceLactucaSativa2016,delaideLettuceLactucaSativa2016-T3,HYD,mineral,Ca,10.8,0.0,mg/gDM,c,"Table 5, p.7","LS mean, trial 2 only; shared HP control, duplicated under T3 (CAP) and T4 (AP)"
delaideLettuceLactucaSativa2016,delaideLettuceLactucaSativa2016-T4,HYD,mineral,Ca,10.8,0.0,mg/gDM,c,"Table 5, p.7","LS mean, trial 2 only; shared HP control, duplicated under T3 (CAP) and T4 (AP)"
delaideLettuceLactucaSativa2016,delaideLettuceLactucaSativa2016-T4,AP,mineral,Mg,2.28,0.0,mg/gDM,a,"Table 5, p.7","LS mean, trial 2 only (6 pooled plants/treatment, ICP-OES)"
delaideLettuceLactucaSativa2016,delaideLettuceLactucaSativa2016-T3,CAP,mineral,Mg,3.36,0.01,mg/gDM,b,"Table 5, p.7","LS mean, trial 2 only (6 pooled plants/treatment, ICP-OES)"
delaideLettuceLactucaSativa2016,delaideLettuceLactucaSativa2016-T3,HYD,mineral,Mg,3.0,0.01,mg/gDM,c,"Table 5, p.7","LS mean, trial 2 only; shared HP control, duplicated under T3 (CAP) and T4 (AP)"
delaideLettuceLactucaSativa2016,delaideLettuceLactucaSativa2016-T4,HYD,mineral,Mg,3.0,0.01,mg/gDM,c,"Table 5, p.7","LS mean, trial 2 only; shared HP control, duplicated under T3 (CAP) and T4 (AP)"
delaideLettuceLactucaSativa2016,delaideLettuceLactucaSativa2016-T4,AP,mineral,S,1.97,0.01,mg/gDM,a,"Table 5, p.7","LS mean, trial 2 only (6 pooled plants/treatment, ICP-OES)"
delaideLettuceLactucaSativa2016,delaideLettuceLactucaSativa2016-T3,CAP,mineral,S,2.75,0.01,mg/gDM,b,"Table 5, p.7","LS mean, trial 2 only (6 pooled plants/treatment, ICP-OES)"
delaideLettuceLactucaSativa2016,delaideLettuceLactucaSativa2016-T3,HYD,mineral,S,2.56,0.01,mg/gDM,c,"Table 5, p.7","LS mean, trial 2 only; shared HP control, duplicated under T3 (CAP) and T4 (AP)"
delaideLettuceLactucaSativa2016,delaideLettuceLactucaSativa2016-T4,HYD,mineral,S,2.56,0.01,mg/gDM,c,"Table 5, p.7","LS mean, trial 2 only; shared HP control, duplicated under T3 (CAP) and T4 (AP)"
delaideLettuceLactucaSativa2016,delaideLettuceLactucaSativa2016-T4,AP,mineral,Na,3.7,0.0,mg/gDM,a,"Table 5, p.7","LS mean, trial 2 only (6 pooled plants/treatment, ICP-OES)"
delaideLettuceLactucaSativa2016,delaideLettuceLactucaSativa2016-T3,CAP,mineral,Na,2.8,0.01,mg/gDM,b,"Table 5, p.7","LS mean, trial 2 only (6 pooled plants/treatment, ICP-OES)"
delaideLettuceLactucaSativa2016,delaideLettuceLactucaSativa2016-T3,HYD,mineral,Na,0.4,0.0,mg/gDM,c,"Table 5, p.7","LS mean, trial 2 only; shared HP control, duplicated under T3 (CAP) and T4 (AP)"
delaideLettuceLactucaSativa2016,delaideLettuceLactucaSativa2016-T4,HYD,mineral,Na,0.4,0.0,mg/gDM,c,"Table 5, p.7","LS mean, trial 2 only; shared HP control, duplicated under T3 (CAP) and T4 (AP)"
delaideLettuceLactucaSativa2016,delaideLettuceLactucaSativa2016-T4,AP,mineral,Fe,739,5,ug/gDM,a,"Table 5, p.7","LS mean, trial 2 only (6 pooled plants/treatment, ICP-OES)"
delaideLettuceLactucaSativa2016,delaideLettuceLactucaSativa2016-T3,CAP,mineral,Fe,935,4,ug/gDM,b,"Table 5, p.7","LS mean, trial 2 only (6 pooled plants/treatment, ICP-OES)"
delaideLettuceLactucaSativa2016,delaideLettuceLactucaSativa2016-T3,HYD,mineral,Fe,1511,4,ug/gDM,c,"Table 5, p.7","LS mean, trial 2 only; shared HP control, duplicated under T3 (CAP) and T4 (AP)"
delaideLettuceLactucaSativa2016,delaideLettuceLactucaSativa2016-T4,HYD,mineral,Fe,1511,4,ug/gDM,c,"Table 5, p.7","LS mean, trial 2 only; shared HP control, duplicated under T3 (CAP) and T4 (AP)"
delaideLettuceLactucaSativa2016,delaideLettuceLactucaSativa2016-T4,AP,mineral,B,8.1,0.1,ug/gDM,a,"Table 5, p.7","LS mean, trial 2 only (6 pooled plants/treatment, ICP-OES)"
delaideLettuceLactucaSativa2016,delaideLettuceLactucaSativa2016-T3,CAP,mineral,B,19.4,0.1,ug/gDM,b,"Table 5, p.7","LS mean, trial 2 only (6 pooled plants/treatment, ICP-OES)"
delaideLettuceLactucaSativa2016,delaideLettuceLactucaSativa2016-T3,HYD,mineral,B,19.3,0.1,ug/gDM,b,"Table 5, p.7","LS mean, trial 2 only; shared HP control, duplicated under T3 (CAP) and T4 (AP)"
delaideLettuceLactucaSativa2016,delaideLettuceLactucaSativa2016-T4,HYD,mineral,B,19.3,0.1,ug/gDM,b,"Table 5, p.7","LS mean, trial 2 only; shared HP control, duplicated under T3 (CAP) and T4 (AP)"
delaideLettuceLactucaSativa2016,delaideLettuceLactucaSativa2016-T4,AP,mineral,Cu,12.6,0.1,ug/gDM,a,"Table 5, p.7","LS mean, trial 2 only (6 pooled plants/treatment, ICP-OES)"
delaideLettuceLactucaSativa2016,delaideLettuceLactucaSativa2016-T3,CAP,mineral,Cu,20.2,0.2,ug/gDM,b,"Table 5, p.7","LS mean, trial 2 only (6 pooled plants/treatment, ICP-OES)"
delaideLettuceLactucaSativa2016,delaideLettuceLactucaSativa2016-T3,HYD,mineral,Cu,15.3,0.1,ug/gDM,c,"Table 5, p.7","LS mean, trial 2 only; shared HP control, duplicated under T3 (CAP) and T4 (AP)"
delaideLettuceLactucaSativa2016,delaideLettuceLactucaSativa2016-T4,HYD,mineral,Cu,15.3,0.1,ug/gDM,c,"Table 5, p.7","LS mean, trial 2 only; shared HP control, duplicated under T3 (CAP) and T4 (AP)"
delaideLettuceLactucaSativa2016,delaideLettuceLactucaSativa2016-T4,AP,mineral,Zn,37.0,0.3,ug/gDM,a,"Table 5, p.7","LS mean, trial 2 only (6 pooled plants/treatment, ICP-OES)"
delaideLettuceLactucaSativa2016,delaideLettuceLactucaSativa2016-T3,CAP,mineral,Zn,69.1,0.8,ug/gDM,b,"Table 5, p.7","LS mean, trial 2 only (6 pooled plants/treatment, ICP-OES)"
delaideLettuceLactucaSativa2016,delaideLettuceLactucaSativa2016-T3,HYD,mineral,Zn,102,0,ug/gDM,c,"Table 5, p.7","LS mean, trial 2 only; shared HP control, duplicated under T3 (CAP) and T4 (AP)"
delaideLettuceLactucaSativa2016,delaideLettuceLactucaSativa2016-T4,HYD,mineral,Zn,102,0,ug/gDM,c,"Table 5, p.7","LS mean, trial 2 only; shared HP control, duplicated under T3 (CAP) and T4 (AP)"
delaideLettuceLactucaSativa2016,delaideLettuceLactucaSativa2016-T4,AP,mineral,Mn,1343,3,ug/gDM,a,"Table 5, p.7","LS mean, trial 2 only (6 pooled plants/treatment, ICP-OES)"
delaideLettuceLactucaSativa2016,delaideLettuceLactucaSativa2016-T3,CAP,mineral,Mn,208,2,ug/gDM,b,"Table 5, p.7","LS mean, trial 2 only (6 pooled plants/treatment, ICP-OES)"
delaideLettuceLactucaSativa2016,delaideLettuceLactucaSativa2016-T3,HYD,mineral,Mn,202,1,ug/gDM,c,"Table 5, p.7","LS mean, trial 2 only; shared HP control, duplicated under T3 (CAP) and T4 (AP)"
delaideLettuceLactucaSativa2016,delaideLettuceLactucaSativa2016-T4,HYD,mineral,Mn,202,1,ug/gDM,c,"Table 5, p.7","LS mean, trial 2 only; shared HP control, duplicated under T3 (CAP) and T4 (AP)"
delaideLettuceLactucaSativa2016,delaideLettuceLactucaSativa2016-T4,AP,mineral,Mo,26.5,0.1,ug/gDM,a,"Table 5, p.7","LS mean, trial 2 only (6 pooled plants/treatment, ICP-OES)"
delaideLettuceLactucaSativa2016,delaideLettuceLactucaSativa2016-T3,CAP,mineral,Mo,19.8,0.3,ug/gDM,b,"Table 5, p.7","LS mean, trial 2 only (6 pooled plants/treatment, ICP-OES)"
delaideLettuceLactucaSativa2016,delaideLettuceLactucaSativa2016-T3,HYD,mineral,Mo,19.0,0.1,ug/gDM,c,"Table 5, p.7","LS mean, trial 2 only; shared HP control, duplicated under T3 (CAP) and T4 (AP)"
delaideLettuceLactucaSativa2016,delaideLettuceLactucaSativa2016-T4,HYD,mineral,Mo,19.0,0.1,ug/gDM,c,"Table 5, p.7","LS mean, trial 2 only; shared HP control, duplicated under T3 (CAP) and T4 (AP)"
deleonramirezPhysiologicalStressYield2025,deleonramirezPhysiologicalStressYield2025-T1,AP,biochemistry,Catalase activity,NR,NR,umol/mg protein/min,a,Figure 5A,"Value not stated in text or table, only shown as a bar in Figure 5A (day 60); significance letter 'a' taken from figure annotation. Never read a value off a figure per extraction rules."
deleonramirezPhysiologicalStressYield2025,deleonramirezPhysiologicalStressYield2025-T1,HYD,biochemistry,Catalase activity,NR,NR,umol/mg protein/min,b,Figure 5A,"Value not stated in text or table, only shown as a bar in Figure 5A (day 60); significance letter 'b' taken from figure annotation. Never read a value off a figure per extraction rules."
deleonramirezPhysiologicalStressYield2025,deleonramirezPhysiologicalStressYield2025-T1,AP,biochemistry,Catalase activity,NR,NR,umol/mg protein/min,a,Figure 5B,"Value not stated in text or table, only shown as a bar in Figure 5B (day 90); significance letter 'a' taken from figure annotation. Never read a value off a figure per extraction rules."
deleonramirezPhysiologicalStressYield2025,deleonramirezPhysiologicalStressYield2025-T1,HYD,biochemistry,Catalase activity,NR,NR,umol/mg protein/min,b,Figure 5B,"Value not stated in text or table, only shown as a bar in Figure 5B (day 90); significance letter 'b' taken from figure annotation. Never read a value off a figure per extraction rules."
deleonramirezPhysiologicalStressYield2025,deleonramirezPhysiologicalStressYield2025-T1,AP,biochemistry,Catalase activity,NR,NR,umol/mg protein/min,a,Figure 5C,"Value not stated in text or table, only shown as a bar in Figure 5C (day 120); significance letter 'a' taken from figure annotation. Never read a value off a figure per extraction rules."
deleonramirezPhysiologicalStressYield2025,deleonramirezPhysiologicalStressYield2025-T1,HYD,biochemistry,Catalase activity,NR,NR,umol/mg protein/min,b,Figure 5C,"Value not stated in text or table, only shown as a bar in Figure 5C (day 120); significance letter 'b' taken from figure annotation. Never read a value off a figure per extraction rules."
deleonramirezPhysiologicalStressYield2025,deleonramirezPhysiologicalStressYield2025-T1,AP,biochemistry,Total phenols,NR,NR,ug GAE/g sample,a,Figure 6A,"Value not stated in text or table, only shown as a bar in Figure 6A (day 60); significance letter 'a' taken from figure annotation. Never read a value off a figure per extraction rules."
deleonramirezPhysiologicalStressYield2025,deleonramirezPhysiologicalStressYield2025-T1,HYD,biochemistry,Total phenols,NR,NR,ug GAE/g sample,b,Figure 6A,"Value not stated in text or table, only shown as a bar in Figure 6A (day 60); significance letter 'b' taken from figure annotation. Never read a value off a figure per extraction rules."
deleonramirezPhysiologicalStressYield2025,deleonramirezPhysiologicalStressYield2025-T1,AP,biochemistry,Total phenols,NR,NR,ug GAE/g sample,a,Figure 6B,"Value not stated in text or table, only shown as a bar in Figure 6B (day 90); significance letter 'a' taken from figure annotation. Never read a value off a figure per extraction rules."
deleonramirezPhysiologicalStressYield2025,deleonramirezPhysiologicalStressYield2025-T1,HYD,biochemistry,Total phenols,NR,NR,ug GAE/g sample,b,Figure 6B,"Value not stated in text or table, only shown as a bar in Figure 6B (day 90); significance letter 'b' taken from figure annotation. Never read a value off a figure per extraction rules."
deleonramirezPhysiologicalStressYield2025,deleonramirezPhysiologicalStressYield2025-T1,AP,biochemistry,Total phenols,NR,NR,ug GAE/g sample,a,Figure 6C,"Value not stated in text or table, only shown as a bar in Figure 6C (day 120); significance letter 'a' taken from figure annotation. Never read a value off a figure per extraction rules."
deleonramirezPhysiologicalStressYield2025,deleonramirezPhysiologicalStressYield2025-T1,HYD,biochemistry,Total phenols,NR,NR,ug GAE/g sample,b,Figure 6C,"Value not stated in text or table, only shown as a bar in Figure 6C (day 120); significance letter 'b' taken from figure annotation. Never read a value off a figure per extraction rules."
deleonramirezPhysiologicalStressYield2025,deleonramirezPhysiologicalStressYield2025-T1,AP,biochemistry,Lycopene,45.18,0.09,mg/g,b (p<0.05 vs HYD),"Table 10, p.12",Fruit sampled at maturity grade 4.
deleonramirezPhysiologicalStressYield2025,deleonramirezPhysiologicalStressYield2025-T1,HYD,biochemistry,Lycopene,63.27,0.12,mg/g,a (p<0.05 vs AP),"Table 10, p.12",Fruit sampled at maturity grade 4.
deleonramirezPhysiologicalStressYield2025,deleonramirezPhysiologicalStressYield2025-T1,AP,biochemistry,Total soluble solids (degrees Brix),6.42,0.21,degBrix,a (p<0.05 vs HYD),"Table 10, p.12","Recorded as a sugars-proxy biochemistry analyte per plant.csv category guidance; pH, titratable acidity and TSS/TA ratio from the same table were judged not to be compositional analytes and were left in trials.csv Experimental Remarks instead (judgment call)."
deleonramirezPhysiologicalStressYield2025,deleonramirezPhysiologicalStressYield2025-T1,HYD,biochemistry,Total soluble solids (degrees Brix),5.66,0.12,degBrix,b (p<0.05 vs AP),"Table 10, p.12","Recorded as a sugars-proxy biochemistry analyte per plant.csv category guidance; pH, titratable acidity and TSS/TA ratio from the same table were judged not to be compositional analytes and were left in trials.csv Experimental Remarks instead (judgment call)."
doncatoMicronutrientSupplementationNeeds2021,doncatoMicronutrientSupplementationNeeds2021-T1,AP,proximate,Shoot water content (moisture),90.4,0.1,%,NR,"Results 3.3, p.4","Species: Salicornia neei. Reported as mean +/- standard error (not SD) in the source (Results 3.3, p.4); value is a single species-level average not broken down by treatment (T1/T2/T3) in the paper - 'no plant mortality was recorded [...]. Averages for water tissue content of S. neei, A. graveolens and P. vaginatum were 90.4+/-0.1%, 80.5+/-1.2% and 74.6+/-1.0%, respectively.' Duplicated across this species' T1/T2/T3 TrialIDs since the paper gives one value covering all three treatments, not because it was independently measured per treatment."
doncatoMicronutrientSupplementationNeeds2021,doncatoMicronutrientSupplementationNeeds2021-T2,AP,proximate,Shoot water content (moisture),90.4,0.1,%,NR,"Results 3.3, p.4","Species: Salicornia neei. Reported as mean +/- standard error (not SD) in the source (Results 3.3, p.4); value is a single species-level average not broken down by treatment (T1/T2/T3) in the paper - 'no plant mortality was recorded [...]. Averages for water tissue content of S. neei, A. graveolens and P. vaginatum were 90.4+/-0.1%, 80.5+/-1.2% and 74.6+/-1.0%, respectively.' Duplicated across this species' T1/T2/T3 TrialIDs since the paper gives one value covering all three treatments, not because it was independently measured per treatment."
doncatoMicronutrientSupplementationNeeds2021,doncatoMicronutrientSupplementationNeeds2021-T3,AP,proximate,Shoot water content (moisture),90.4,0.1,%,NR,"Results 3.3, p.4","Species: Salicornia neei. Reported as mean +/- standard error (not SD) in the source (Results 3.3, p.4); value is a single species-level average not broken down by treatment (T1/T2/T3) in the paper - 'no plant mortality was recorded [...]. Averages for water tissue content of S. neei, A. graveolens and P. vaginatum were 90.4+/-0.1%, 80.5+/-1.2% and 74.6+/-1.0%, respectively.' Duplicated across this species' T1/T2/T3 TrialIDs since the paper gives one value covering all three treatments, not because it was independently measured per treatment."
doncatoMicronutrientSupplementationNeeds2021,doncatoMicronutrientSupplementationNeeds2021-T4,AP,proximate,Shoot water content (moisture),80.5,1.2,%,NR,"Results 3.3, p.4","Species: Apium graveolens. Reported as mean +/- standard error (not SD) in the source (Results 3.3, p.4); value is a single species-level average not broken down by treatment (T1/T2/T3) in the paper - 'no plant mortality was recorded [...]. Averages for water tissue content of S. neei, A. graveolens and P. vaginatum were 90.4+/-0.1%, 80.5+/-1.2% and 74.6+/-1.0%, respectively.' Duplicated across this species' T1/T2/T3 TrialIDs since the paper gives one value covering all three treatments, not because it was independently measured per treatment."
doncatoMicronutrientSupplementationNeeds2021,doncatoMicronutrientSupplementationNeeds2021-T5,AP,proximate,Shoot water content (moisture),80.5,1.2,%,NR,"Results 3.3, p.4","Species: Apium graveolens. Reported as mean +/- standard error (not SD) in the source (Results 3.3, p.4); value is a single species-level average not broken down by treatment (T1/T2/T3) in the paper - 'no plant mortality was recorded [...]. Averages for water tissue content of S. neei, A. graveolens and P. vaginatum were 90.4+/-0.1%, 80.5+/-1.2% and 74.6+/-1.0%, respectively.' Duplicated across this species' T1/T2/T3 TrialIDs since the paper gives one value covering all three treatments, not because it was independently measured per treatment."
doncatoMicronutrientSupplementationNeeds2021,doncatoMicronutrientSupplementationNeeds2021-T6,AP,proximate,Shoot water content (moisture),80.5,1.2,%,NR,"Results 3.3, p.4","Species: Apium graveolens. Reported as mean +/- standard error (not SD) in the source (Results 3.3, p.4); value is a single species-level average not broken down by treatment (T1/T2/T3) in the paper - 'no plant mortality was recorded [...]. Averages for water tissue content of S. neei, A. graveolens and P. vaginatum were 90.4+/-0.1%, 80.5+/-1.2% and 74.6+/-1.0%, respectively.' Duplicated across this species' T1/T2/T3 TrialIDs since the paper gives one value covering all three treatments, not because it was independently measured per treatment."
doncatoMicronutrientSupplementationNeeds2021,doncatoMicronutrientSupplementationNeeds2021-T7,AP,proximate,Shoot water content (moisture),74.6,1.0,%,NR,"Results 3.3, p.4","Species: Paspalum vaginatum. Reported as mean +/- standard error (not SD) in the source (Results 3.3, p.4); value is a single species-level average not broken down by treatment (T1/T2/T3) in the paper - 'no plant mortality was recorded [...]. Averages for water tissue content of S. neei, A. graveolens and P. vaginatum were 90.4+/-0.1%, 80.5+/-1.2% and 74.6+/-1.0%, respectively.' Duplicated across this species' T1/T2/T3 TrialIDs since the paper gives one value covering all three treatments, not because it was independently measured per treatment."
doncatoMicronutrientSupplementationNeeds2021,doncatoMicronutrientSupplementationNeeds2021-T8,AP,proximate,Shoot water content (moisture),74.6,1.0,%,NR,"Results 3.3, p.4","Species: Paspalum vaginatum. Reported as mean +/- standard error (not SD) in the source (Results 3.3, p.4); value is a single species-level average not broken down by treatment (T1/T2/T3) in the paper - 'no plant mortality was recorded [...]. Averages for water tissue content of S. neei, A. graveolens and P. vaginatum were 90.4+/-0.1%, 80.5+/-1.2% and 74.6+/-1.0%, respectively.' Duplicated across this species' T1/T2/T3 TrialIDs since the paper gives one value covering all three treatments, not because it was independently measured per treatment."
doncatoMicronutrientSupplementationNeeds2021,doncatoMicronutrientSupplementationNeeds2021-T9,AP,proximate,Shoot water content (moisture),74.6,1.0,%,NR,"Results 3.3, p.4","Species: Paspalum vaginatum. Reported as mean +/- standard error (not SD) in the source (Results 3.3, p.4); value is a single species-level average not broken down by treatment (T1/T2/T3) in the paper - 'no plant mortality was recorded [...]. Averages for water tissue content of S. neei, A. graveolens and P. vaginatum were 90.4+/-0.1%, 80.5+/-1.2% and 74.6+/-1.0%, respectively.' Duplicated across this species' T1/T2/T3 TrialIDs since the paper gives one value covering all three treatments, not because it was independently measured per treatment."
emerencianoMineralSupplementationJade2025,emerencianoMineralSupplementationJade2025-T1,AP,biochemistry,"Leaf greenness (SPAD, old leaves)",NR,NR,SPAD units,"p<0.05 (production technique effect, HYD > both AP treatments); ns AP vs AP+Mineral","Fig. 3, p.9 (Crop 1)",Value shown only in Figure 3 bar chart; no numeric value given in text or table anywhere in the paper - never read off a figure per extraction rule.
emerencianoMineralSupplementationJade2025,emerencianoMineralSupplementationJade2025-T1,AP,biochemistry,"Leaf greenness (SPAD, young leaves)",NR,NR,SPAD units,"p<0.05 (production technique effect, HYD > both AP treatments); ns AP vs AP+Mineral","Fig. 3, p.9 (Crop 1)",Value shown only in Figure 3 bar chart; no numeric value given in text or table anywhere in the paper - never read off a figure per extraction rule.
emerencianoMineralSupplementationJade2025,emerencianoMineralSupplementationJade2025-T3,AP+Mineral,biochemistry,"Leaf greenness (SPAD, old leaves)",NR,NR,SPAD units,"p<0.05 (production technique effect, HYD > both AP treatments); ns AP vs AP+Mineral","Fig. 3, p.9 (Crop 1)",Value shown only in Figure 3 bar chart; no numeric value given in text or table anywhere in the paper - never read off a figure per extraction rule.
emerencianoMineralSupplementationJade2025,emerencianoMineralSupplementationJade2025-T3,AP+Mineral,biochemistry,"Leaf greenness (SPAD, young leaves)",NR,NR,SPAD units,"p<0.05 (production technique effect, HYD > both AP treatments); ns AP vs AP+Mineral","Fig. 3, p.9 (Crop 1)",Value shown only in Figure 3 bar chart; no numeric value given in text or table anywhere in the paper - never read off a figure per extraction rule.
emerencianoMineralSupplementationJade2025,emerencianoMineralSupplementationJade2025-T1,HYD,biochemistry,"Leaf greenness (SPAD, old leaves)",NR,NR,SPAD units,"p<0.05 (production technique effect, HYD > both AP treatments)","Fig. 3, p.9 (Crop 1)",Value shown only in Figure 3 bar chart; no numeric value given in text or table anywhere in the paper - never read off a figure per extraction rule.
emerencianoMineralSupplementationJade2025,emerencianoMineralSupplementationJade2025-T1,HYD,biochemistry,"Leaf greenness (SPAD, young leaves)",NR,NR,SPAD units,"p<0.05 (production technique effect, HYD > both AP treatments)","Fig. 3, p.9 (Crop 1)",Value shown only in Figure 3 bar chart; no numeric value given in text or table anywhere in the paper - never read off a figure per extraction rule.
emerencianoMineralSupplementationJade2025,emerencianoMineralSupplementationJade2025-T3,HYD,biochemistry,"Leaf greenness (SPAD, old leaves)",NR,NR,SPAD units,"p<0.05 (production technique effect, HYD > both AP treatments)","Fig. 3, p.9 (Crop 1)",Value shown only in Figure 3 bar chart; no numeric value given in text or table anywhere in the paper - never read off a figure per extraction rule.
emerencianoMineralSupplementationJade2025,emerencianoMineralSupplementationJade2025-T3,HYD,biochemistry,"Leaf greenness (SPAD, young leaves)",NR,NR,SPAD units,"p<0.05 (production technique effect, HYD > both AP treatments)","Fig. 3, p.9 (Crop 1)",Value shown only in Figure 3 bar chart; no numeric value given in text or table anywhere in the paper - never read off a figure per extraction rule.
emerencianoMineralSupplementationJade2025,emerencianoMineralSupplementationJade2025-T2,AP,biochemistry,"Leaf greenness (SPAD, old leaves)",NR,NR,SPAD units,"ns (p>0.05, no interaction or treatment effect detected)","Fig. 3, p.9 (Crop 2)",Value shown only in Figure 3 bar chart; no numeric value given in text or table anywhere in the paper - never read off a figure per extraction rule.
emerencianoMineralSupplementationJade2025,emerencianoMineralSupplementationJade2025-T2,AP,biochemistry,"Leaf greenness (SPAD, young leaves)",NR,NR,SPAD units,"ns (p>0.05, no interaction or treatment effect detected)","Fig. 3, p.9 (Crop 2)",Value shown only in Figure 3 bar chart; no numeric value given in text or table anywhere in the paper - never read off a figure per extraction rule.
emerencianoMineralSupplementationJade2025,emerencianoMineralSupplementationJade2025-T4,AP+Mineral,biochemistry,"Leaf greenness (SPAD, old leaves)",NR,NR,SPAD units,"ns (p>0.05, no interaction or treatment effect detected)","Fig. 3, p.9 (Crop 2)",Value shown only in Figure 3 bar chart; no numeric value given in text or table anywhere in the paper - never read off a figure per extraction rule.
emerencianoMineralSupplementationJade2025,emerencianoMineralSupplementationJade2025-T4,AP+Mineral,biochemistry,"Leaf greenness (SPAD, young leaves)",NR,NR,SPAD units,"ns (p>0.05, no interaction or treatment effect detected)","Fig. 3, p.9 (Crop 2)",Value shown only in Figure 3 bar chart; no numeric value given in text or table anywhere in the paper - never read off a figure per extraction rule.
emerencianoMineralSupplementationJade2025,emerencianoMineralSupplementationJade2025-T2,HYD,biochemistry,"Leaf greenness (SPAD, old leaves)",NR,NR,SPAD units,"ns (p>0.05, no interaction or treatment effect detected)","Fig. 3, p.9 (Crop 2)",Value shown only in Figure 3 bar chart; no numeric value given in text or table anywhere in the paper - never read off a figure per extraction rule.
emerencianoMineralSupplementationJade2025,emerencianoMineralSupplementationJade2025-T2,HYD,biochemistry,"Leaf greenness (SPAD, young leaves)",NR,NR,SPAD units,"ns (p>0.05, no interaction or treatment effect detected)","Fig. 3, p.9 (Crop 2)",Value shown only in Figure 3 bar chart; no numeric value given in text or table anywhere in the paper - never read off a figure per extraction rule.
emerencianoMineralSupplementationJade2025,emerencianoMineralSupplementationJade2025-T4,HYD,biochemistry,"Leaf greenness (SPAD, old leaves)",NR,NR,SPAD units,"ns (p>0.05, no interaction or treatment effect detected)","Fig. 3, p.9 (Crop 2)",Value shown only in Figure 3 bar chart; no numeric value given in text or table anywhere in the paper - never read off a figure per extraction rule.
emerencianoMineralSupplementationJade2025,emerencianoMineralSupplementationJade2025-T4,HYD,biochemistry,"Leaf greenness (SPAD, young leaves)",NR,NR,SPAD units,"ns (p>0.05, no interaction or treatment effect detected)","Fig. 3, p.9 (Crop 2)",Value shown only in Figure 3 bar chart; no numeric value given in text or table anywhere in the paper - never read off a figure per extraction rule.
ferratiAssessmentNAlkylamideContent2025,ferratiAssessmentNAlkylamideContent2025-T1,"AP+HYD (pooled, ns between systems)",biochemistry,"Spilanthol (HPLC, capitula)",14.85-48.0,NR,mg/g DW,"* (0.05<p<0.01, cv purple higher)","p.6-7 (Section 2.2.2, Figure 4(B_1))","Range across harvest periods and replicates, not mean+/-SD. Overall combined range both cultivars 11-48 mg/g (p.7); AQ vs HYD ns, no numeric split given (Figure 4(B_2)); harvest-period effect significant (Figure 4(B_3)) but no numeric per-period values stated in text -- qualitative pattern only: minimum at EF, increased at FF, slightly decreased at LF."
ferratiAssessmentNAlkylamideContent2025,ferratiAssessmentNAlkylamideContent2025-T2,"AP+HYD (pooled, ns between systems)",biochemistry,"Spilanthol (HPLC, capitula)",10.93-40.77,NR,mg/g DW,"* (0.05<p<0.01, cv purple higher)","p.6-7 (Section 2.2.2, Figure 4(B_1))","Range across harvest periods and replicates, not mean+/-SD. Overall combined range both cultivars 11-48 mg/g (p.7); AQ vs HYD ns, no numeric split given (Figure 4(B_2)); harvest-period effect significant (Figure 4(B_3)) but no numeric per-period values stated in text."
ferratiAssessmentNAlkylamideContent2025,ferratiAssessmentNAlkylamideContent2025-T1,"AP+HYD (pooled, ns between systems)",biochemistry,"(2E)-N-isobutyl-2-undecene-8,10-diynamide (NA2), HPLC, capitula",0.18-0.61,NR,mg/g DW,"*** (p<0.001, cv yellow higher)","p.7-8 (Section 2.2.3, Figure 4(C_1))","Range across harvest periods and replicates, not mean+/-SD. AQ vs HYD ns, no numeric split given (Figure 4(C_2)); harvest-period effect not statistically significant (Figure 4(C_3))."
ferratiAssessmentNAlkylamideContent2025,ferratiAssessmentNAlkylamideContent2025-T2,"AP+HYD (pooled, ns between systems)",biochemistry,"(2E)-N-isobutyl-2-undecene-8,10-diynamide (NA2), HPLC, capitula",0.34-0.76,NR,mg/g DW,"*** (p<0.001, cv yellow higher)","p.7-8 (Section 2.2.3, Figure 4(C_1))","Range across harvest periods and replicates, not mean+/-SD. AQ vs HYD ns, no numeric split given (Figure 4(C_2)); harvest-period effect not statistically significant (Figure 4(C_3))."
ferratiAssessmentNAlkylamideContent2025,ferratiAssessmentNAlkylamideContent2025-T1,"AP+HYD (pooled, ns between systems)",biochemistry,"Total chlorophyll (spectrophotometric, leaves)",20.2-46.8,NR,mg/g DW,"ns (cultivar, system, and harvest period all ns)","p.8 (Section 2.2.4, Figure 4(D_1-D_3))","Combined overall range across both cultivars, both systems, and all harvest periods -- paper gives no cultivar-specific split for chlorophyll. t-test/Tukey found no significant difference by cultivar, system, or harvest period; authors conclude plants were not in a stressed state."
ferratiAssessmentNAlkylamideContent2025,ferratiAssessmentNAlkylamideContent2025-T2,"AP+HYD (pooled, ns between systems)",biochemistry,"Total chlorophyll (spectrophotometric, leaves)",20.2-46.8,NR,mg/g DW,"ns (cultivar, system, and harvest period all ns)","p.8 (Section 2.2.4, Figure 4(D_1-D_3))","Combined overall range across both cultivars, both systems, and all harvest periods -- paper gives no cultivar-specific split for chlorophyll. t-test/Tukey found no significant difference by cultivar, system, or harvest period; authors conclude plants were not in a stressed state."
ferratiAssessmentNAlkylamideContent2025,ferratiAssessmentNAlkylamideContent2025-T1,"AP+HYD (pooled, ns between systems)",biochemistry,"(2Z)-N-isobutyl-2-nonene-6,8-diynamide (NA1), capitula",NR,NR,mg/g DW,NR,"p.5 (Section 2.2, Table S1)","Value only in Supplementary Table S1, not included in the provided PDF -- NR + reason, not read off a figure. Text (p.5) states NA1 was 'strongly correlated with spilanthol' via Pearson analysis and was therefore excluded from separate PCA treatment; no standalone numeric range given anywhere in the main text."
ferratiAssessmentNAlkylamideContent2025,ferratiAssessmentNAlkylamideContent2025-T1,"AP+HYD (pooled, ns between systems)",biochemistry,"(2E,7Z)-N-isobutyl-2,7-decadienamide and (2E)-N-(2-methylbutyl)-2-undecene-8,10-diynamide (NA4/5), capitula",NR,NR,mg/g DW,NR,"p.5 (Section 2.2, Table S1)","Value only in Supplementary Table S1, not included in the provided PDF. Text (p.5) states NA4/5 was 'strongly correlated with spilanthol', excluded from separate PCA treatment; no standalone numeric range given in the main text."
ferratiAssessmentNAlkylamideContent2025,ferratiAssessmentNAlkylamideContent2025-T1,"AP+HYD (pooled, ns between systems)",biochemistry,"(2E,6Z,8E)-N-(2-methylbutyl)-2,6,8-decatrienamide (NA6), capitula",NR,NR,mg/g DW,NR,"p.5 (Section 2.2, Table S1)","Value only in Supplementary Table S1, not included in the provided PDF. Text (p.5) states NA6 was 'strongly correlated with spilanthol', excluded from separate PCA treatment; no standalone numeric range given in the main text."
ferratiAssessmentNAlkylamideContent2025,ferratiAssessmentNAlkylamideContent2025-T2,"AP+HYD (pooled, ns between systems)",biochemistry,"(2Z)-N-isobutyl-2-nonene-6,8-diynamide (NA1), capitula",NR,NR,mg/g DW,NR,"p.5 (Section 2.2, Table S1)","Value only in Supplementary Table S1, not included in the provided PDF -- NR + reason, not read off a figure. Text (p.5) states NA1 was 'strongly correlated with spilanthol' via Pearson analysis and was therefore excluded from separate PCA treatment; no standalone numeric range given anywhere in the main text."
ferratiAssessmentNAlkylamideContent2025,ferratiAssessmentNAlkylamideContent2025-T2,"AP+HYD (pooled, ns between systems)",biochemistry,"(2E,7Z)-N-isobutyl-2,7-decadienamide and (2E)-N-(2-methylbutyl)-2-undecene-8,10-diynamide (NA4/5), capitula",NR,NR,mg/g DW,NR,"p.5 (Section 2.2, Table S1)","Value only in Supplementary Table S1, not included in the provided PDF. Text (p.5) states NA4/5 was 'strongly correlated with spilanthol', excluded from separate PCA treatment; no standalone numeric range given in the main text."
ferratiAssessmentNAlkylamideContent2025,ferratiAssessmentNAlkylamideContent2025-T2,"AP+HYD (pooled, ns between systems)",biochemistry,"(2E,6Z,8E)-N-(2-methylbutyl)-2,6,8-decatrienamide (NA6), capitula",NR,NR,mg/g DW,NR,"p.5 (Section 2.2, Table S1)","Value only in Supplementary Table S1, not included in the provided PDF. Text (p.5) states NA6 was 'strongly correlated with spilanthol', excluded from separate PCA treatment; no standalone numeric range given in the main text."
ferratiAssessmentNAlkylamideContent2025,ferratiAssessmentNAlkylamideContent2025-T1,"AP+HYD (pooled, ns between systems)",biochemistry,"(E)-caryophyllene, volatile profile (SPME-GC/MS, capitula)",19.3-34,NR,% of total GC peak area,"significant (t-test, cv purple higher)",p.8 (Section 2.3); significance p.10 (Influence of Cultivars...),"Range across harvest periods and replicates, not mean+/-SD. AQ vs HYD comparison explicitly ns for all volatile compounds (p.10: 'no statistically significant differences were found between capitula collected from the aquaponic systems and those from the hydroponic systems'), no numeric split given anywhere in text."
ferratiAssessmentNAlkylamideContent2025,ferratiAssessmentNAlkylamideContent2025-T2,"AP+HYD (pooled, ns between systems)",biochemistry,"(E)-caryophyllene, volatile profile (SPME-GC/MS, capitula)",15.6-26.5,NR,% of total GC peak area,"significant (t-test, cv purple higher)",p.8 (Section 2.3); significance p.10 (Influence of Cultivars...),"Range across harvest periods and replicates, not mean+/-SD. AQ vs HYD comparison explicitly ns for all volatile compounds (p.10), no numeric split given anywhere in text."
ferratiAssessmentNAlkylamideContent2025,ferratiAssessmentNAlkylamideContent2025-T1,"AP+HYD (pooled, ns between systems)",biochemistry,"Germacrene D, volatile profile (SPME-GC/MS, capitula)",5.6-9.9,NR,% of total GC peak area,ns (not among the four cultivar-significant compounds),p.8 (Section 2.3),"Range across harvest periods and replicates, not mean+/-SD. AQ vs HYD comparison explicitly ns for all volatile compounds (p.10: 'no statistically significant differences were found between capitula collected from the aquaponic systems and those from the hydroponic systems'), no numeric split given anywhere in text."
ferratiAssessmentNAlkylamideContent2025,ferratiAssessmentNAlkylamideContent2025-T2,"AP+HYD (pooled, ns between systems)",biochemistry,"Germacrene D, volatile profile (SPME-GC/MS, capitula)",1.1-8.6,NR,% of total GC peak area,ns (not among the four cultivar-significant compounds),p.8 (Section 2.3),"Range across harvest periods and replicates, not mean+/-SD. AQ vs HYD comparison explicitly ns for all volatile compounds (p.10), no numeric split given anywhere in text."
ferratiAssessmentNAlkylamideContent2025,ferratiAssessmentNAlkylamideContent2025-T1,"AP+HYD (pooled, ns between systems)",biochemistry,"beta-pinene, volatile profile (SPME-GC/MS, capitula)",0.2-6.1,NR,% of total GC peak area,ns,p.8 (Section 2.3),"Range across harvest periods and replicates, not mean+/-SD. AQ vs HYD comparison explicitly ns for all volatile compounds (p.10: 'no statistically significant differences were found between capitula collected from the aquaponic systems and those from the hydroponic systems'), no numeric split given anywhere in text."
ferratiAssessmentNAlkylamideContent2025,ferratiAssessmentNAlkylamideContent2025-T2,"AP+HYD (pooled, ns between systems)",biochemistry,"beta-pinene, volatile profile (SPME-GC/MS, capitula)",3.9-8.3,NR,% of total GC peak area,ns,p.8 (Section 2.3),"Range across harvest periods and replicates, not mean+/-SD. AQ vs HYD comparison explicitly ns for all volatile compounds (p.10), no numeric split given anywhere in text."
ferratiAssessmentNAlkylamideContent2025,ferratiAssessmentNAlkylamideContent2025-T1,"AP+HYD (pooled, ns between systems)",biochemistry,"Myrcene, volatile profile (SPME-GC/MS, capitula)",0.5-8.1,NR,% of total GC peak area,"ns (cultivar); loading plot suggests higher in FF/LF (Figure 5D), but no numeric period value stated",p.8 (Section 2.3),"Range across harvest periods and replicates, not mean+/-SD. AQ vs HYD comparison explicitly ns for all volatile compounds (p.10: 'no statistically significant differences were found between capitula collected from the aquaponic systems and those from the hydroponic systems'), no numeric split given anywhere in text."
ferratiAssessmentNAlkylamideContent2025,ferratiAssessmentNAlkylamideContent2025-T2,"AP+HYD (pooled, ns between systems)",biochemistry,"Myrcene, volatile profile (SPME-GC/MS, capitula)",4.1-7.5,NR,% of total GC peak area,"ns (cultivar); loading plot suggests higher in FF/LF (Figure 5D), but no numeric period value stated",p.8 (Section 2.3),"Range across harvest periods and replicates, not mean+/-SD. AQ vs HYD comparison explicitly ns for all volatile compounds (p.10), no numeric split given anywhere in text."
ferratiAssessmentNAlkylamideContent2025,ferratiAssessmentNAlkylamideContent2025-T1,"AP+HYD (pooled, ns between systems)",biochemistry,"1-pentadecene, volatile profile (SPME-GC/MS, capitula)",6.8-15.4,NR,% of total GC peak area,"significant (t-test, cv yellow higher)",p.8 (Section 2.3); significance p.10,"Range across harvest periods and replicates, not mean+/-SD. AQ vs HYD comparison explicitly ns for all volatile compounds (p.10: 'no statistically significant differences were found between capitula collected from the aquaponic systems and those from the hydroponic systems'), no numeric split given anywhere in text."
ferratiAssessmentNAlkylamideContent2025,ferratiAssessmentNAlkylamideContent2025-T2,"AP+HYD (pooled, ns between systems)",biochemistry,"1-pentadecene, volatile profile (SPME-GC/MS, capitula)",10-20.7,NR,% of total GC peak area,"significant (t-test, cv yellow higher)",p.8 (Section 2.3); significance p.10,"Range across harvest periods and replicates, not mean+/-SD. AQ vs HYD comparison explicitly ns for all volatile compounds (p.10), no numeric split given anywhere in text."
ferratiAssessmentNAlkylamideContent2025,ferratiAssessmentNAlkylamideContent2025-T1,"AP+HYD (pooled, ns between systems)",biochemistry,"(Z)-6-pentadecene-1-ol, volatile profile (SPME-GC/MS, capitula)",1.2-7.8,NR,% of total GC peak area,ns,p.8 (Section 2.3),"Range across harvest periods and replicates, not mean+/-SD. AQ vs HYD comparison explicitly ns for all volatile compounds (p.10: 'no statistically significant differences were found between capitula collected from the aquaponic systems and those from the hydroponic systems'), no numeric split given anywhere in text."
ferratiAssessmentNAlkylamideContent2025,ferratiAssessmentNAlkylamideContent2025-T2,"AP+HYD (pooled, ns between systems)",biochemistry,"(Z)-6-pentadecene-1-ol, volatile profile (SPME-GC/MS, capitula)",3.9-9,NR,% of total GC peak area,ns,p.8 (Section 2.3),"Range across harvest periods and replicates, not mean+/-SD. AQ vs HYD comparison explicitly ns for all volatile compounds (p.10), no numeric split given anywhere in text."
ferratiAssessmentNAlkylamideContent2025,ferratiAssessmentNAlkylamideContent2025-T1,"AP+HYD (pooled, ns between systems)",biochemistry,"(Z,Z)-1,8,11-heptadecatriene, volatile profile (SPME-GC/MS, capitula)",1.9-3.5,NR,% of total GC peak area,ns,p.8 (Section 2.3),"Range across harvest periods and replicates, not mean+/-SD. AQ vs HYD comparison explicitly ns for all volatile compounds (p.10: 'no statistically significant differences were found between capitula collected from the aquaponic systems and those from the hydroponic systems'), no numeric split given anywhere in text."
ferratiAssessmentNAlkylamideContent2025,ferratiAssessmentNAlkylamideContent2025-T2,"AP+HYD (pooled, ns between systems)",biochemistry,"(Z,Z)-1,8,11-heptadecatriene, volatile profile (SPME-GC/MS, capitula)",2.3-4.8,NR,% of total GC peak area,ns,p.8 (Section 2.3),"Range across harvest periods and replicates, not mean+/-SD. AQ vs HYD comparison explicitly ns for all volatile compounds (p.10), no numeric split given anywhere in text."
ferratiAssessmentNAlkylamideContent2025,ferratiAssessmentNAlkylamideContent2025-T1,"AP+HYD (pooled, ns between systems)",biochemistry,"1-heptadecene, volatile profile (SPME-GC/MS, capitula)",1.3-2.2,NR,% of total GC peak area,"ns (cultivar); significant for harvest period -- highest during EF (Figure S3, p.10) -- no numeric per-period value stated in text",p.8 (Section 2.3); significance p.10,"Range across harvest periods and replicates, not mean+/-SD. AQ vs HYD comparison explicitly ns for all volatile compounds (p.10: 'no statistically significant differences were found between capitula collected from the aquaponic systems and those from the hydroponic systems'), no numeric split given anywhere in text."
ferratiAssessmentNAlkylamideContent2025,ferratiAssessmentNAlkylamideContent2025-T2,"AP+HYD (pooled, ns between systems)",biochemistry,"1-heptadecene, volatile profile (SPME-GC/MS, capitula)",1.4-2.5,NR,% of total GC peak area,"ns (cultivar); significant for harvest period -- highest during EF (Figure S3, p.10) -- no numeric per-period value stated in text",p.8 (Section 2.3); significance p.10,"Range across harvest periods and replicates, not mean+/-SD. AQ vs HYD comparison explicitly ns for all volatile compounds (p.10), no numeric split given anywhere in text."
ferratiAssessmentNAlkylamideContent2025,ferratiAssessmentNAlkylamideContent2025-T1,"AP+HYD (pooled, ns between systems)",biochemistry,"Spilanthol, volatile profile % (SPME-GC/MS, capitula; distinct from HPLC mg/g measure above)",2.1-14.3,NR,% of total GC peak area,"significant (t-test, cv purple higher)","p.8 (Section 2.3); significance p.10, p.15 (Conclusion)","Range across harvest periods and replicates, not mean+/-SD. AQ vs HYD comparison explicitly ns for all volatile compounds (p.10: 'no statistically significant differences were found between capitula collected from the aquaponic systems and those from the hydroponic systems'), no numeric split given anywhere in text."
ferratiAssessmentNAlkylamideContent2025,ferratiAssessmentNAlkylamideContent2025-T2,"AP+HYD (pooled, ns between systems)",biochemistry,"Spilanthol, volatile profile % (SPME-GC/MS, capitula; distinct from HPLC mg/g measure above)",1.9-6.3,NR,% of total GC peak area,"significant (t-test, cv purple higher)","p.8 (Section 2.3); significance p.10, p.15 (Conclusion)","Range across harvest periods and replicates, not mean+/-SD. AQ vs HYD comparison explicitly ns for all volatile compounds (p.10), no numeric split given anywhere in text."
ferratiAssessmentNAlkylamideContent2025,ferratiAssessmentNAlkylamideContent2025-T1,"AP+HYD (pooled, ns between systems)",biochemistry,"alpha-humulene, volatile profile (SPME-GC/MS, capitula)",NR,NR,% of total GC peak area,"significant (t-test, cv purple higher, per p.10 blanket list); exact range not stated","p.8 (Section 2.3, listed as detected); p.10 (Influence of Cultivars...) for significance","Detected and named in running text (p.8) as a minor sesquiterpene/monoterpene, but no numeric relative-% range is stated in the main text for this specific compound (only in Table S3, not included in the provided PDF) -- NR + reason, not read off a figure."
ferratiAssessmentNAlkylamideContent2025,ferratiAssessmentNAlkylamideContent2025-T2,"AP+HYD (pooled, ns between systems)",biochemistry,"alpha-humulene, volatile profile (SPME-GC/MS, capitula)",NR,NR,% of total GC peak area,"significant (t-test, cv purple higher, per p.10 blanket list); exact range not stated","p.8 (Section 2.3, listed as detected); p.10 (Influence of Cultivars...) for significance","Detected and named in running text (p.8) as a minor sesquiterpene/monoterpene, but no numeric relative-% range is stated in the main text for this specific compound (only in Table S3, not included in the provided PDF) -- NR + reason, not read off a figure."
ferratiAssessmentNAlkylamideContent2025,ferratiAssessmentNAlkylamideContent2025-T1,"AP+HYD (pooled, ns between systems)",biochemistry,"Caryophyllene oxide, volatile profile (SPME-GC/MS, capitula)",NR,NR,% of total GC peak area,ns,"p.8 (Section 2.3, listed as detected); p.10 (Influence of Cultivars...) for significance","Detected and named in running text (p.8) as a minor sesquiterpene/monoterpene, but no numeric relative-% range is stated in the main text for this specific compound (only in Table S3, not included in the provided PDF) -- NR + reason, not read off a figure."
ferratiAssessmentNAlkylamideContent2025,ferratiAssessmentNAlkylamideContent2025-T2,"AP+HYD (pooled, ns between systems)",biochemistry,"Caryophyllene oxide, volatile profile (SPME-GC/MS, capitula)",NR,NR,% of total GC peak area,ns,"p.8 (Section 2.3, listed as detected); p.10 (Influence of Cultivars...) for significance","Detected and named in running text (p.8) as a minor sesquiterpene/monoterpene, but no numeric relative-% range is stated in the main text for this specific compound (only in Table S3, not included in the provided PDF) -- NR + reason, not read off a figure."
ferratiAssessmentNAlkylamideContent2025,ferratiAssessmentNAlkylamideContent2025-T1,"AP+HYD (pooled, ns between systems)",biochemistry,"(Z,E)-alpha-farnesene, volatile profile (SPME-GC/MS, capitula)",NR,NR,% of total GC peak area,ns,"p.8 (Section 2.3, listed as detected); p.10 (Influence of Cultivars...) for significance","Detected and named in running text (p.8) as a minor sesquiterpene/monoterpene, but no numeric relative-% range is stated in the main text for this specific compound (only in Table S3, not included in the provided PDF) -- NR + reason, not read off a figure."
ferratiAssessmentNAlkylamideContent2025,ferratiAssessmentNAlkylamideContent2025-T2,"AP+HYD (pooled, ns between systems)",biochemistry,"(Z,E)-alpha-farnesene, volatile profile (SPME-GC/MS, capitula)",NR,NR,% of total GC peak area,ns,"p.8 (Section 2.3, listed as detected); p.10 (Influence of Cultivars...) for significance","Detected and named in running text (p.8) as a minor sesquiterpene/monoterpene, but no numeric relative-% range is stated in the main text for this specific compound (only in Table S3, not included in the provided PDF) -- NR + reason, not read off a figure."
ferratiAssessmentNAlkylamideContent2025,ferratiAssessmentNAlkylamideContent2025-T1,"AP+HYD (pooled, ns between systems)",biochemistry,"beta-Phellandrene, volatile profile (SPME-GC/MS, capitula)",NR,NR,% of total GC peak area,ns,"p.8 (Section 2.3, listed as detected); p.10 (Influence of Cultivars...) for significance","Detected and named in running text (p.8) as a minor sesquiterpene/monoterpene, but no numeric relative-% range is stated in the main text for this specific compound (only in Table S3, not included in the provided PDF) -- NR + reason, not read off a figure."
ferratiAssessmentNAlkylamideContent2025,ferratiAssessmentNAlkylamideContent2025-T2,"AP+HYD (pooled, ns between systems)",biochemistry,"beta-Phellandrene, volatile profile (SPME-GC/MS, capitula)",NR,NR,% of total GC peak area,ns,"p.8 (Section 2.3, listed as detected); p.10 (Influence of Cultivars...) for significance","Detected and named in running text (p.8) as a minor sesquiterpene/monoterpene, but no numeric relative-% range is stated in the main text for this specific compound (only in Table S3, not included in the provided PDF) -- NR + reason, not read off a figure."
ferratiAssessmentNAlkylamideContent2025,ferratiAssessmentNAlkylamideContent2025-T1,"AP+HYD (pooled, ns between systems)",biochemistry,"(Z)-beta-ocimene, volatile profile (SPME-GC/MS, capitula)",NR,NR,% of total GC peak area,ns,"p.8 (Section 2.3, listed as detected); p.10 (Influence of Cultivars...) for significance","Detected and named in running text (p.8) as a minor sesquiterpene/monoterpene, but no numeric relative-% range is stated in the main text for this specific compound (only in Table S3, not included in the provided PDF) -- NR + reason, not read off a figure."
ferratiAssessmentNAlkylamideContent2025,ferratiAssessmentNAlkylamideContent2025-T2,"AP+HYD (pooled, ns between systems)",biochemistry,"(Z)-beta-ocimene, volatile profile (SPME-GC/MS, capitula)",NR,NR,% of total GC peak area,ns,"p.8 (Section 2.3, listed as detected); p.10 (Influence of Cultivars...) for significance","Detected and named in running text (p.8) as a minor sesquiterpene/monoterpene, but no numeric relative-% range is stated in the main text for this specific compound (only in Table S3, not included in the provided PDF) -- NR + reason, not read off a figure."
fosterEffectAquaponicHydroponic2018,fosterEffectAquaponicHydroponic2018-T4,AP,mineral,Leaf tissue Total Nitrogen,5.52,NR,%,NR,Appendix E.5 (p.101-103); Fig 4.8-4.9 (p.65),"Sample ID B5.9 (Butterhead, harvest Day 45). Single plant tissue sample per treatment x species combination, no replication (n=1); FGL Leaf Tissue Analysis, 8th leaf (butterhead/romaine) or total leaves (kale); no statistical test possible (p.75)."
fosterEffectAquaponicHydroponic2018,fosterEffectAquaponicHydroponic2018-T4,AP,mineral,Leaf tissue Phosphorus,0.54,NR,%,NR,Appendix E.5 (p.101-103); Fig 4.8-4.9 (p.65),"Sample ID B5.9 (Butterhead, harvest Day 45). Single plant tissue sample per treatment x species combination, no replication (n=1); FGL Leaf Tissue Analysis, 8th leaf (butterhead/romaine) or total leaves (kale); no statistical test possible (p.75)."
fosterEffectAquaponicHydroponic2018,fosterEffectAquaponicHydroponic2018-T4,AP,mineral,Leaf tissue Potassium,7.86,NR,%,NR,Appendix E.5 (p.101-103); Fig 4.8-4.9 (p.65),"Sample ID B5.9 (Butterhead, harvest Day 45). Single plant tissue sample per treatment x species combination, no replication (n=1); FGL Leaf Tissue Analysis, 8th leaf (butterhead/romaine) or total leaves (kale); no statistical test possible (p.75)."
fosterEffectAquaponicHydroponic2018,fosterEffectAquaponicHydroponic2018-T4,AP,mineral,Leaf tissue Calcium,1.53,NR,%,NR,Appendix E.5 (p.101-103); Fig 4.8-4.9 (p.65),"Sample ID B5.9 (Butterhead, harvest Day 45). Single plant tissue sample per treatment x species combination, no replication (n=1); FGL Leaf Tissue Analysis, 8th leaf (butterhead/romaine) or total leaves (kale); no statistical test possible (p.75)."
fosterEffectAquaponicHydroponic2018,fosterEffectAquaponicHydroponic2018-T4,AP,mineral,Leaf tissue Magnesium,0.49,NR,%,NR,Appendix E.5 (p.101-103); Fig 4.8-4.9 (p.65),"Sample ID B5.9 (Butterhead, harvest Day 45). Single plant tissue sample per treatment x species combination, no replication (n=1); FGL Leaf Tissue Analysis, 8th leaf (butterhead/romaine) or total leaves (kale); no statistical test possible (p.75)."
fosterEffectAquaponicHydroponic2018,fosterEffectAquaponicHydroponic2018-T4,AP,mineral,Leaf tissue Zinc,94.6,NR,ppm,NR,Appendix E.5 (p.101-103); Fig 4.8-4.9 (p.65),"Sample ID B5.9 (Butterhead, harvest Day 45). Single plant tissue sample per treatment x species combination, no replication (n=1); FGL Leaf Tissue Analysis, 8th leaf (butterhead/romaine) or total leaves (kale); no statistical test possible (p.75)."
fosterEffectAquaponicHydroponic2018,fosterEffectAquaponicHydroponic2018-T4,AP,mineral,Leaf tissue Manganese,30,NR,ppm,NR,Appendix E.5 (p.101-103); Fig 4.8-4.9 (p.65),"Sample ID B5.9 (Butterhead, harvest Day 45). Single plant tissue sample per treatment x species combination, no replication (n=1); FGL Leaf Tissue Analysis, 8th leaf (butterhead/romaine) or total leaves (kale); no statistical test possible (p.75)."
fosterEffectAquaponicHydroponic2018,fosterEffectAquaponicHydroponic2018-T4,AP,mineral,Leaf tissue Iron,66,NR,ppm,NR,Appendix E.5 (p.101-103); Fig 4.8-4.9 (p.65),"Sample ID B5.9 (Butterhead, harvest Day 45). Single plant tissue sample per treatment x species combination, no replication (n=1); FGL Leaf Tissue Analysis, 8th leaf (butterhead/romaine) or total leaves (kale); no statistical test possible (p.75)."
fosterEffectAquaponicHydroponic2018,fosterEffectAquaponicHydroponic2018-T4,AP,mineral,Leaf tissue Copper,11,NR,ppm,NR,Appendix E.5 (p.101-103); Fig 4.8-4.9 (p.65),"Sample ID B5.9 (Butterhead, harvest Day 45). Single plant tissue sample per treatment x species combination, no replication (n=1); FGL Leaf Tissue Analysis, 8th leaf (butterhead/romaine) or total leaves (kale); no statistical test possible (p.75)."
fosterEffectAquaponicHydroponic2018,fosterEffectAquaponicHydroponic2018-T4,AP,mineral,Leaf tissue Boron,75.8,NR,ppm,NR,Appendix E.5 (p.101-103); Fig 4.8-4.9 (p.65),"Sample ID B5.9 (Butterhead, harvest Day 45). Single plant tissue sample per treatment x species combination, no replication (n=1); FGL Leaf Tissue Analysis, 8th leaf (butterhead/romaine) or total leaves (kale); no statistical test possible (p.75)."
fosterEffectAquaponicHydroponic2018,fosterEffectAquaponicHydroponic2018-T4,AP,mineral,Leaf tissue Sodium,0.502,NR,%,NR,Appendix E.5 (p.101-103); Fig 4.8-4.9 (p.65),"Sample ID B5.9 (Butterhead, harvest Day 45). Single plant tissue sample per treatment x species combination, no replication (n=1); FGL Leaf Tissue Analysis, 8th leaf (butterhead/romaine) or total leaves (kale); no statistical test possible (p.75)."
fosterEffectAquaponicHydroponic2018,fosterEffectAquaponicHydroponic2018-T7,AP,mineral,Leaf tissue Total Nitrogen,6.14,NR,%,NR,Appendix E.5 (p.101-103); Fig 4.8-4.9 (p.65),"Sample ID C5.1 (Butterhead, harvest Day 45). Single plant tissue sample per treatment x species combination, no replication (n=1); FGL Leaf Tissue Analysis, 8th leaf (butterhead/romaine) or total leaves (kale); no statistical test possible (p.75)."
fosterEffectAquaponicHydroponic2018,fosterEffectAquaponicHydroponic2018-T7,AP,mineral,Leaf tissue Phosphorus,0.62,NR,%,NR,Appendix E.5 (p.101-103); Fig 4.8-4.9 (p.65),"Sample ID C5.1 (Butterhead, harvest Day 45). Single plant tissue sample per treatment x species combination, no replication (n=1); FGL Leaf Tissue Analysis, 8th leaf (butterhead/romaine) or total leaves (kale); no statistical test possible (p.75)."
fosterEffectAquaponicHydroponic2018,fosterEffectAquaponicHydroponic2018-T7,AP,mineral,Leaf tissue Potassium,9.48,NR,%,NR,Appendix E.5 (p.101-103); Fig 4.8-4.9 (p.65),"Sample ID C5.1 (Butterhead, harvest Day 45). Single plant tissue sample per treatment x species combination, no replication (n=1); FGL Leaf Tissue Analysis, 8th leaf (butterhead/romaine) or total leaves (kale); no statistical test possible (p.75)."
fosterEffectAquaponicHydroponic2018,fosterEffectAquaponicHydroponic2018-T7,AP,mineral,Leaf tissue Calcium,1.75,NR,%,NR,Appendix E.5 (p.101-103); Fig 4.8-4.9 (p.65),"Sample ID C5.1 (Butterhead, harvest Day 45). Single plant tissue sample per treatment x species combination, no replication (n=1); FGL Leaf Tissue Analysis, 8th leaf (butterhead/romaine) or total leaves (kale); no statistical test possible (p.75)."
fosterEffectAquaponicHydroponic2018,fosterEffectAquaponicHydroponic2018-T7,AP,mineral,Leaf tissue Magnesium,0.56,NR,%,NR,Appendix E.5 (p.101-103); Fig 4.8-4.9 (p.65),"Sample ID C5.1 (Butterhead, harvest Day 45). Single plant tissue sample per treatment x species combination, no replication (n=1); FGL Leaf Tissue Analysis, 8th leaf (butterhead/romaine) or total leaves (kale); no statistical test possible (p.75)."
fosterEffectAquaponicHydroponic2018,fosterEffectAquaponicHydroponic2018-T7,AP,mineral,Leaf tissue Zinc,100,NR,ppm,NR,Appendix E.5 (p.101-103); Fig 4.8-4.9 (p.65),"Sample ID C5.1 (Butterhead, harvest Day 45). Single plant tissue sample per treatment x species combination, no replication (n=1); FGL Leaf Tissue Analysis, 8th leaf (butterhead/romaine) or total leaves (kale); no statistical test possible (p.75)."
fosterEffectAquaponicHydroponic2018,fosterEffectAquaponicHydroponic2018-T7,AP,mineral,Leaf tissue Manganese,39,NR,ppm,NR,Appendix E.5 (p.101-103); Fig 4.8-4.9 (p.65),"Sample ID C5.1 (Butterhead, harvest Day 45). Single plant tissue sample per treatment x species combination, no replication (n=1); FGL Leaf Tissue Analysis, 8th leaf (butterhead/romaine) or total leaves (kale); no statistical test possible (p.75)."
fosterEffectAquaponicHydroponic2018,fosterEffectAquaponicHydroponic2018-T7,AP,mineral,Leaf tissue Iron,65,NR,ppm,NR,Appendix E.5 (p.101-103); Fig 4.8-4.9 (p.65),"Sample ID C5.1 (Butterhead, harvest Day 45). Single plant tissue sample per treatment x species combination, no replication (n=1); FGL Leaf Tissue Analysis, 8th leaf (butterhead/romaine) or total leaves (kale); no statistical test possible (p.75)."
fosterEffectAquaponicHydroponic2018,fosterEffectAquaponicHydroponic2018-T7,AP,mineral,Leaf tissue Copper,8,NR,ppm,NR,Appendix E.5 (p.101-103); Fig 4.8-4.9 (p.65),"Sample ID C5.1 (Butterhead, harvest Day 45). Single plant tissue sample per treatment x species combination, no replication (n=1); FGL Leaf Tissue Analysis, 8th leaf (butterhead/romaine) or total leaves (kale); no statistical test possible (p.75)."
fosterEffectAquaponicHydroponic2018,fosterEffectAquaponicHydroponic2018-T7,AP,mineral,Leaf tissue Boron,59.6,NR,ppm,NR,Appendix E.5 (p.101-103); Fig 4.8-4.9 (p.65),"Sample ID C5.1 (Butterhead, harvest Day 45). Single plant tissue sample per treatment x species combination, no replication (n=1); FGL Leaf Tissue Analysis, 8th leaf (butterhead/romaine) or total leaves (kale); no statistical test possible (p.75)."
fosterEffectAquaponicHydroponic2018,fosterEffectAquaponicHydroponic2018-T7,AP,mineral,Leaf tissue Sodium,0.808,NR,%,NR,Appendix E.5 (p.101-103); Fig 4.8-4.9 (p.65),"Sample ID C5.1 (Butterhead, harvest Day 45). Single plant tissue sample per treatment x species combination, no replication (n=1); FGL Leaf Tissue Analysis, 8th leaf (butterhead/romaine) or total leaves (kale); no statistical test possible (p.75)."
fosterEffectAquaponicHydroponic2018,fosterEffectAquaponicHydroponic2018-T2,AP,mineral,Leaf tissue Total Nitrogen,5.53,NR,%,NR,Appendix E.5 (p.101-103); Fig 4.8-4.9 (p.65),"Sample ID A1.1 (Romaine, harvest Day 45). Single plant tissue sample per treatment x species combination, no replication (n=1); FGL Leaf Tissue Analysis, 8th leaf (butterhead/romaine) or total leaves (kale); no statistical test possible (p.75)."
fosterEffectAquaponicHydroponic2018,fosterEffectAquaponicHydroponic2018-T2,AP,mineral,Leaf tissue Phosphorus,0.87,NR,%,NR,Appendix E.5 (p.101-103); Fig 4.8-4.9 (p.65),"Sample ID A1.1 (Romaine, harvest Day 45). Single plant tissue sample per treatment x species combination, no replication (n=1); FGL Leaf Tissue Analysis, 8th leaf (butterhead/romaine) or total leaves (kale); no statistical test possible (p.75)."
fosterEffectAquaponicHydroponic2018,fosterEffectAquaponicHydroponic2018-T2,AP,mineral,Leaf tissue Potassium,9.01,NR,%,NR,Appendix E.5 (p.101-103); Fig 4.8-4.9 (p.65),"Sample ID A1.1 (Romaine, harvest Day 45). Single plant tissue sample per treatment x species combination, no replication (n=1); FGL Leaf Tissue Analysis, 8th leaf (butterhead/romaine) or total leaves (kale); no statistical test possible (p.75)."
fosterEffectAquaponicHydroponic2018,fosterEffectAquaponicHydroponic2018-T2,AP,mineral,Leaf tissue Calcium,1.03,NR,%,NR,Appendix E.5 (p.101-103); Fig 4.8-4.9 (p.65),"Sample ID A1.1 (Romaine, harvest Day 45). Single plant tissue sample per treatment x species combination, no replication (n=1); FGL Leaf Tissue Analysis, 8th leaf (butterhead/romaine) or total leaves (kale); no statistical test possible (p.75)."
fosterEffectAquaponicHydroponic2018,fosterEffectAquaponicHydroponic2018-T2,AP,mineral,Leaf tissue Magnesium,0.3,NR,%,NR,Appendix E.5 (p.101-103); Fig 4.8-4.9 (p.65),"Sample ID A1.1 (Romaine, harvest Day 45). Single plant tissue sample per treatment x species combination, no replication (n=1); FGL Leaf Tissue Analysis, 8th leaf (butterhead/romaine) or total leaves (kale); no statistical test possible (p.75)."
fosterEffectAquaponicHydroponic2018,fosterEffectAquaponicHydroponic2018-T2,AP,mineral,Leaf tissue Zinc,69.5,NR,ppm,NR,Appendix E.5 (p.101-103); Fig 4.8-4.9 (p.65),"Sample ID A1.1 (Romaine, harvest Day 45). Single plant tissue sample per treatment x species combination, no replication (n=1); FGL Leaf Tissue Analysis, 8th leaf (butterhead/romaine) or total leaves (kale); no statistical test possible (p.75)."
fosterEffectAquaponicHydroponic2018,fosterEffectAquaponicHydroponic2018-T2,AP,mineral,Leaf tissue Manganese,32,NR,ppm,NR,Appendix E.5 (p.101-103); Fig 4.8-4.9 (p.65),"Sample ID A1.1 (Romaine, harvest Day 45). Single plant tissue sample per treatment x species combination, no replication (n=1); FGL Leaf Tissue Analysis, 8th leaf (butterhead/romaine) or total leaves (kale); no statistical test possible (p.75)."
fosterEffectAquaponicHydroponic2018,fosterEffectAquaponicHydroponic2018-T2,AP,mineral,Leaf tissue Iron,71,NR,ppm,NR,Appendix E.5 (p.101-103); Fig 4.8-4.9 (p.65),"Sample ID A1.1 (Romaine, harvest Day 45). Single plant tissue sample per treatment x species combination, no replication (n=1); FGL Leaf Tissue Analysis, 8th leaf (butterhead/romaine) or total leaves (kale); no statistical test possible (p.75)."
fosterEffectAquaponicHydroponic2018,fosterEffectAquaponicHydroponic2018-T2,AP,mineral,Leaf tissue Copper,7,NR,ppm,NR,Appendix E.5 (p.101-103); Fig 4.8-4.9 (p.65),"Sample ID A1.1 (Romaine, harvest Day 45). Single plant tissue sample per treatment x species combination, no replication (n=1); FGL Leaf Tissue Analysis, 8th leaf (butterhead/romaine) or total leaves (kale); no statistical test possible (p.75)."
fosterEffectAquaponicHydroponic2018,fosterEffectAquaponicHydroponic2018-T2,AP,mineral,Leaf tissue Boron,29.7,NR,ppm,NR,Appendix E.5 (p.101-103); Fig 4.8-4.9 (p.65),"Sample ID A1.1 (Romaine, harvest Day 45). Single plant tissue sample per treatment x species combination, no replication (n=1); FGL Leaf Tissue Analysis, 8th leaf (butterhead/romaine) or total leaves (kale); no statistical test possible (p.75)."
fosterEffectAquaponicHydroponic2018,fosterEffectAquaponicHydroponic2018-T2,AP,mineral,Leaf tissue Sodium,0.435,NR,%,NR,Appendix E.5 (p.101-103); Fig 4.8-4.9 (p.65),"Sample ID A1.1 (Romaine, harvest Day 45). Single plant tissue sample per treatment x species combination, no replication (n=1); FGL Leaf Tissue Analysis, 8th leaf (butterhead/romaine) or total leaves (kale); no statistical test possible (p.75)."
fosterEffectAquaponicHydroponic2018,fosterEffectAquaponicHydroponic2018-T8,AP,mineral,Leaf tissue Total Nitrogen,5.57,NR,%,NR,Appendix E.5 (p.101-103); Fig 4.8-4.9 (p.65),"Sample ID C2.6 (Romaine, harvest Day 45). Single plant tissue sample per treatment x species combination, no replication (n=1); FGL Leaf Tissue Analysis, 8th leaf (butterhead/romaine) or total leaves (kale); no statistical test possible (p.75)."
fosterEffectAquaponicHydroponic2018,fosterEffectAquaponicHydroponic2018-T8,AP,mineral,Leaf tissue Phosphorus,0.8,NR,%,NR,Appendix E.5 (p.101-103); Fig 4.8-4.9 (p.65),"Sample ID C2.6 (Romaine, harvest Day 45). Single plant tissue sample per treatment x species combination, no replication (n=1); FGL Leaf Tissue Analysis, 8th leaf (butterhead/romaine) or total leaves (kale); no statistical test possible (p.75)."
fosterEffectAquaponicHydroponic2018,fosterEffectAquaponicHydroponic2018-T8,AP,mineral,Leaf tissue Potassium,8.73,NR,%,NR,Appendix E.5 (p.101-103); Fig 4.8-4.9 (p.65),"Sample ID C2.6 (Romaine, harvest Day 45). Single plant tissue sample per treatment x species combination, no replication (n=1); FGL Leaf Tissue Analysis, 8th leaf (butterhead/romaine) or total leaves (kale); no statistical test possible (p.75)."
fosterEffectAquaponicHydroponic2018,fosterEffectAquaponicHydroponic2018-T8,AP,mineral,Leaf tissue Calcium,1.2,NR,%,NR,Appendix E.5 (p.101-103); Fig 4.8-4.9 (p.65),"Sample ID C2.6 (Romaine, harvest Day 45). Single plant tissue sample per treatment x species combination, no replication (n=1); FGL Leaf Tissue Analysis, 8th leaf (butterhead/romaine) or total leaves (kale); no statistical test possible (p.75)."
fosterEffectAquaponicHydroponic2018,fosterEffectAquaponicHydroponic2018-T8,AP,mineral,Leaf tissue Magnesium,0.33,NR,%,NR,Appendix E.5 (p.101-103); Fig 4.8-4.9 (p.65),"Sample ID C2.6 (Romaine, harvest Day 45). Single plant tissue sample per treatment x species combination, no replication (n=1); FGL Leaf Tissue Analysis, 8th leaf (butterhead/romaine) or total leaves (kale); no statistical test possible (p.75)."
fosterEffectAquaponicHydroponic2018,fosterEffectAquaponicHydroponic2018-T8,AP,mineral,Leaf tissue Zinc,72.8,NR,ppm,NR,Appendix E.5 (p.101-103); Fig 4.8-4.9 (p.65),"Sample ID C2.6 (Romaine, harvest Day 45). Single plant tissue sample per treatment x species combination, no replication (n=1); FGL Leaf Tissue Analysis, 8th leaf (butterhead/romaine) or total leaves (kale); no statistical test possible (p.75)."
fosterEffectAquaponicHydroponic2018,fosterEffectAquaponicHydroponic2018-T8,AP,mineral,Leaf tissue Manganese,38,NR,ppm,NR,Appendix E.5 (p.101-103); Fig 4.8-4.9 (p.65),"Sample ID C2.6 (Romaine, harvest Day 45). Single plant tissue sample per treatment x species combination, no replication (n=1); FGL Leaf Tissue Analysis, 8th leaf (butterhead/romaine) or total leaves (kale); no statistical test possible (p.75)."
fosterEffectAquaponicHydroponic2018,fosterEffectAquaponicHydroponic2018-T8,AP,mineral,Leaf tissue Iron,133,NR,ppm,NR,Appendix E.5 (p.101-103); Fig 4.8-4.9 (p.65),"Sample ID C2.6 (Romaine, harvest Day 45). Single plant tissue sample per treatment x species combination, no replication (n=1); FGL Leaf Tissue Analysis, 8th leaf (butterhead/romaine) or total leaves (kale); no statistical test possible (p.75)."
fosterEffectAquaponicHydroponic2018,fosterEffectAquaponicHydroponic2018-T8,AP,mineral,Leaf tissue Copper,7,NR,ppm,NR,Appendix E.5 (p.101-103); Fig 4.8-4.9 (p.65),"Sample ID C2.6 (Romaine, harvest Day 45). Single plant tissue sample per treatment x species combination, no replication (n=1); FGL Leaf Tissue Analysis, 8th leaf (butterhead/romaine) or total leaves (kale); no statistical test possible (p.75)."
fosterEffectAquaponicHydroponic2018,fosterEffectAquaponicHydroponic2018-T8,AP,mineral,Leaf tissue Boron,33.7,NR,ppm,NR,Appendix E.5 (p.101-103); Fig 4.8-4.9 (p.65),"Sample ID C2.6 (Romaine, harvest Day 45). Single plant tissue sample per treatment x species combination, no replication (n=1); FGL Leaf Tissue Analysis, 8th leaf (butterhead/romaine) or total leaves (kale); no statistical test possible (p.75)."
fosterEffectAquaponicHydroponic2018,fosterEffectAquaponicHydroponic2018-T8,AP,mineral,Leaf tissue Sodium,0.583,NR,%,NR,Appendix E.5 (p.101-103); Fig 4.8-4.9 (p.65),"Sample ID C2.6 (Romaine, harvest Day 45). Single plant tissue sample per treatment x species combination, no replication (n=1); FGL Leaf Tissue Analysis, 8th leaf (butterhead/romaine) or total leaves (kale); no statistical test possible (p.75)."
fosterEffectAquaponicHydroponic2018,fosterEffectAquaponicHydroponic2018-T8,HYD,mineral,Leaf tissue Total Nitrogen,5.73,NR,%,NR,Appendix E.5 (p.101-103); Fig 4.8-4.9 (p.65),"Sample ID H2.11 (Romaine, harvest Day 45). Single plant tissue sample per treatment x species combination, no replication (n=1); FGL Leaf Tissue Analysis, 8th leaf (butterhead/romaine) or total leaves (kale); no statistical test possible (p.75)."
fosterEffectAquaponicHydroponic2018,fosterEffectAquaponicHydroponic2018-T8,HYD,mineral,Leaf tissue Phosphorus,0.74,NR,%,NR,Appendix E.5 (p.101-103); Fig 4.8-4.9 (p.65),"Sample ID H2.11 (Romaine, harvest Day 45). Single plant tissue sample per treatment x species combination, no replication (n=1); FGL Leaf Tissue Analysis, 8th leaf (butterhead/romaine) or total leaves (kale); no statistical test possible (p.75)."
fosterEffectAquaponicHydroponic2018,fosterEffectAquaponicHydroponic2018-T8,HYD,mineral,Leaf tissue Potassium,9.36,NR,%,NR,Appendix E.5 (p.101-103); Fig 4.8-4.9 (p.65),"Sample ID H2.11 (Romaine, harvest Day 45). Single plant tissue sample per treatment x species combination, no replication (n=1); FGL Leaf Tissue Analysis, 8th leaf (butterhead/romaine) or total leaves (kale); no statistical test possible (p.75)."
fosterEffectAquaponicHydroponic2018,fosterEffectAquaponicHydroponic2018-T8,HYD,mineral,Leaf tissue Calcium,1.16,NR,%,NR,Appendix E.5 (p.101-103); Fig 4.8-4.9 (p.65),"Sample ID H2.11 (Romaine, harvest Day 45). Single plant tissue sample per treatment x species combination, no replication (n=1); FGL Leaf Tissue Analysis, 8th leaf (butterhead/romaine) or total leaves (kale); no statistical test possible (p.75)."
fosterEffectAquaponicHydroponic2018,fosterEffectAquaponicHydroponic2018-T8,HYD,mineral,Leaf tissue Magnesium,0.46,NR,%,NR,Appendix E.5 (p.101-103); Fig 4.8-4.9 (p.65),"Sample ID H2.11 (Romaine, harvest Day 45). Single plant tissue sample per treatment x species combination, no replication (n=1); FGL Leaf Tissue Analysis, 8th leaf (butterhead/romaine) or total leaves (kale); no statistical test possible (p.75)."
fosterEffectAquaponicHydroponic2018,fosterEffectAquaponicHydroponic2018-T8,HYD,mineral,Leaf tissue Zinc,59.5,NR,ppm,NR,Appendix E.5 (p.101-103); Fig 4.8-4.9 (p.65),"Sample ID H2.11 (Romaine, harvest Day 45). Single plant tissue sample per treatment x species combination, no replication (n=1); FGL Leaf Tissue Analysis, 8th leaf (butterhead/romaine) or total leaves (kale); no statistical test possible (p.75)."
fosterEffectAquaponicHydroponic2018,fosterEffectAquaponicHydroponic2018-T8,HYD,mineral,Leaf tissue Manganese,200,NR,ppm,NR,Appendix E.5 (p.101-103); Fig 4.8-4.9 (p.65),"Sample ID H2.11 (Romaine, harvest Day 45). Single plant tissue sample per treatment x species combination, no replication (n=1); FGL Leaf Tissue Analysis, 8th leaf (butterhead/romaine) or total leaves (kale); no statistical test possible (p.75)."
fosterEffectAquaponicHydroponic2018,fosterEffectAquaponicHydroponic2018-T8,HYD,mineral,Leaf tissue Iron,116,NR,ppm,NR,Appendix E.5 (p.101-103); Fig 4.8-4.9 (p.65),"Sample ID H2.11 (Romaine, harvest Day 45). Single plant tissue sample per treatment x species combination, no replication (n=1); FGL Leaf Tissue Analysis, 8th leaf (butterhead/romaine) or total leaves (kale); no statistical test possible (p.75)."
fosterEffectAquaponicHydroponic2018,fosterEffectAquaponicHydroponic2018-T8,HYD,mineral,Leaf tissue Copper,8,NR,ppm,NR,Appendix E.5 (p.101-103); Fig 4.8-4.9 (p.65),"Sample ID H2.11 (Romaine, harvest Day 45). Single plant tissue sample per treatment x species combination, no replication (n=1); FGL Leaf Tissue Analysis, 8th leaf (butterhead/romaine) or total leaves (kale); no statistical test possible (p.75)."
fosterEffectAquaponicHydroponic2018,fosterEffectAquaponicHydroponic2018-T8,HYD,mineral,Leaf tissue Boron,40.1,NR,ppm,NR,Appendix E.5 (p.101-103); Fig 4.8-4.9 (p.65),"Sample ID H2.11 (Romaine, harvest Day 45). Single plant tissue sample per treatment x species combination, no replication (n=1); FGL Leaf Tissue Analysis, 8th leaf (butterhead/romaine) or total leaves (kale); no statistical test possible (p.75)."
fosterEffectAquaponicHydroponic2018,fosterEffectAquaponicHydroponic2018-T8,HYD,mineral,Leaf tissue Sodium,0.158,NR,%,NR,Appendix E.5 (p.101-103); Fig 4.8-4.9 (p.65),"Sample ID H2.11 (Romaine, harvest Day 45). Single plant tissue sample per treatment x species combination, no replication (n=1); FGL Leaf Tissue Analysis, 8th leaf (butterhead/romaine) or total leaves (kale); no statistical test possible (p.75)."
fosterEffectAquaponicHydroponic2018,fosterEffectAquaponicHydroponic2018-T3,AP,mineral,Leaf tissue Total Nitrogen,6.56,NR,%,NR,Appendix E.5 (p.101-103); Fig 4.8-4.9 (p.65),"Sample ID A1.7 (Kale, harvest Day 45). Single plant tissue sample per treatment x species combination, no replication (n=1); FGL Leaf Tissue Analysis, 8th leaf (butterhead/romaine) or total leaves (kale); no statistical test possible (p.75)."
fosterEffectAquaponicHydroponic2018,fosterEffectAquaponicHydroponic2018-T3,AP,mineral,Leaf tissue Phosphorus,0.63,NR,%,NR,Appendix E.5 (p.101-103); Fig 4.8-4.9 (p.65),"Sample ID A1.7 (Kale, harvest Day 45). Single plant tissue sample per treatment x species combination, no replication (n=1); FGL Leaf Tissue Analysis, 8th leaf (butterhead/romaine) or total leaves (kale); no statistical test possible (p.75)."
fosterEffectAquaponicHydroponic2018,fosterEffectAquaponicHydroponic2018-T3,AP,mineral,Leaf tissue Potassium,7.36,NR,%,NR,Appendix E.5 (p.101-103); Fig 4.8-4.9 (p.65),"Sample ID A1.7 (Kale, harvest Day 45). Single plant tissue sample per treatment x species combination, no replication (n=1); FGL Leaf Tissue Analysis, 8th leaf (butterhead/romaine) or total leaves (kale); no statistical test possible (p.75)."
fosterEffectAquaponicHydroponic2018,fosterEffectAquaponicHydroponic2018-T3,AP,mineral,Leaf tissue Calcium,2.69,NR,%,NR,Appendix E.5 (p.101-103); Fig 4.8-4.9 (p.65),"Sample ID A1.7 (Kale, harvest Day 45). Single plant tissue sample per treatment x species combination, no replication (n=1); FGL Leaf Tissue Analysis, 8th leaf (butterhead/romaine) or total leaves (kale); no statistical test possible (p.75)."
fosterEffectAquaponicHydroponic2018,fosterEffectAquaponicHydroponic2018-T3,AP,mineral,Leaf tissue Magnesium,0.37,NR,%,NR,Appendix E.5 (p.101-103); Fig 4.8-4.9 (p.65),"Sample ID A1.7 (Kale, harvest Day 45). Single plant tissue sample per treatment x species combination, no replication (n=1); FGL Leaf Tissue Analysis, 8th leaf (butterhead/romaine) or total leaves (kale); no statistical test possible (p.75)."
fosterEffectAquaponicHydroponic2018,fosterEffectAquaponicHydroponic2018-T3,AP,mineral,Leaf tissue Zinc,89.5,NR,ppm,NR,Appendix E.5 (p.101-103); Fig 4.8-4.9 (p.65),"Sample ID A1.7 (Kale, harvest Day 45). Single plant tissue sample per treatment x species combination, no replication (n=1); FGL Leaf Tissue Analysis, 8th leaf (butterhead/romaine) or total leaves (kale); no statistical test possible (p.75)."
fosterEffectAquaponicHydroponic2018,fosterEffectAquaponicHydroponic2018-T3,AP,mineral,Leaf tissue Manganese,22,NR,ppm,NR,Appendix E.5 (p.101-103); Fig 4.8-4.9 (p.65),"Sample ID A1.7 (Kale, harvest Day 45). Single plant tissue sample per treatment x species combination, no replication (n=1); FGL Leaf Tissue Analysis, 8th leaf (butterhead/romaine) or total leaves (kale); no statistical test possible (p.75)."
fosterEffectAquaponicHydroponic2018,fosterEffectAquaponicHydroponic2018-T3,AP,mineral,Leaf tissue Iron,48,NR,ppm,NR,Appendix E.5 (p.101-103); Fig 4.8-4.9 (p.65),"Sample ID A1.7 (Kale, harvest Day 45). Single plant tissue sample per treatment x species combination, no replication (n=1); FGL Leaf Tissue Analysis, 8th leaf (butterhead/romaine) or total leaves (kale); no statistical test possible (p.75)."
fosterEffectAquaponicHydroponic2018,fosterEffectAquaponicHydroponic2018-T3,AP,mineral,Leaf tissue Copper,5,NR,ppm,NR,Appendix E.5 (p.101-103); Fig 4.8-4.9 (p.65),"Sample ID A1.7 (Kale, harvest Day 45). Single plant tissue sample per treatment x species combination, no replication (n=1); FGL Leaf Tissue Analysis, 8th leaf (butterhead/romaine) or total leaves (kale); no statistical test possible (p.75)."
fosterEffectAquaponicHydroponic2018,fosterEffectAquaponicHydroponic2018-T3,AP,mineral,Leaf tissue Boron,52.8,NR,ppm,NR,Appendix E.5 (p.101-103); Fig 4.8-4.9 (p.65),"Sample ID A1.7 (Kale, harvest Day 45). Single plant tissue sample per treatment x species combination, no replication (n=1); FGL Leaf Tissue Analysis, 8th leaf (butterhead/romaine) or total leaves (kale); no statistical test possible (p.75)."
fosterEffectAquaponicHydroponic2018,fosterEffectAquaponicHydroponic2018-T3,AP,mineral,Leaf tissue Sodium,0.716,NR,%,NR,Appendix E.5 (p.101-103); Fig 4.8-4.9 (p.65),"Sample ID A1.7 (Kale, harvest Day 45). Single plant tissue sample per treatment x species combination, no replication (n=1); FGL Leaf Tissue Analysis, 8th leaf (butterhead/romaine) or total leaves (kale); no statistical test possible (p.75)."
fosterEffectAquaponicHydroponic2018,fosterEffectAquaponicHydroponic2018-T6,AP,mineral,Leaf tissue Total Nitrogen,5.95,NR,%,NR,Appendix E.5 (p.101-103); Fig 4.8-4.9 (p.65),"Sample ID B1.5 (Kale, harvest Day 45). Single plant tissue sample per treatment x species combination, no replication (n=1); FGL Leaf Tissue Analysis, 8th leaf (butterhead/romaine) or total leaves (kale); no statistical test possible (p.75)."
fosterEffectAquaponicHydroponic2018,fosterEffectAquaponicHydroponic2018-T6,AP,mineral,Leaf tissue Phosphorus,0.67,NR,%,NR,Appendix E.5 (p.101-103); Fig 4.8-4.9 (p.65),"Sample ID B1.5 (Kale, harvest Day 45). Single plant tissue sample per treatment x species combination, no replication (n=1); FGL Leaf Tissue Analysis, 8th leaf (butterhead/romaine) or total leaves (kale); no statistical test possible (p.75)."
fosterEffectAquaponicHydroponic2018,fosterEffectAquaponicHydroponic2018-T6,AP,mineral,Leaf tissue Potassium,6.03,NR,%,NR,Appendix E.5 (p.101-103); Fig 4.8-4.9 (p.65),"Sample ID B1.5 (Kale, harvest Day 45). Single plant tissue sample per treatment x species combination, no replication (n=1); FGL Leaf Tissue Analysis, 8th leaf (butterhead/romaine) or total leaves (kale); no statistical test possible (p.75)."
fosterEffectAquaponicHydroponic2018,fosterEffectAquaponicHydroponic2018-T6,AP,mineral,Leaf tissue Calcium,2.37,NR,%,NR,Appendix E.5 (p.101-103); Fig 4.8-4.9 (p.65),"Sample ID B1.5 (Kale, harvest Day 45). Single plant tissue sample per treatment x species combination, no replication (n=1); FGL Leaf Tissue Analysis, 8th leaf (butterhead/romaine) or total leaves (kale); no statistical test possible (p.75)."
fosterEffectAquaponicHydroponic2018,fosterEffectAquaponicHydroponic2018-T6,AP,mineral,Leaf tissue Magnesium,0.37,NR,%,NR,Appendix E.5 (p.101-103); Fig 4.8-4.9 (p.65),"Sample ID B1.5 (Kale, harvest Day 45). Single plant tissue sample per treatment x species combination, no replication (n=1); FGL Leaf Tissue Analysis, 8th leaf (butterhead/romaine) or total leaves (kale); no statistical test possible (p.75)."
fosterEffectAquaponicHydroponic2018,fosterEffectAquaponicHydroponic2018-T6,AP,mineral,Leaf tissue Zinc,106,NR,ppm,NR,Appendix E.5 (p.101-103); Fig 4.8-4.9 (p.65),"Sample ID B1.5 (Kale, harvest Day 45). Single plant tissue sample per treatment x species combination, no replication (n=1); FGL Leaf Tissue Analysis, 8th leaf (butterhead/romaine) or total leaves (kale); no statistical test possible (p.75)."
fosterEffectAquaponicHydroponic2018,fosterEffectAquaponicHydroponic2018-T6,AP,mineral,Leaf tissue Manganese,31,NR,ppm,NR,Appendix E.5 (p.101-103); Fig 4.8-4.9 (p.65),"Sample ID B1.5 (Kale, harvest Day 45). Single plant tissue sample per treatment x species combination, no replication (n=1); FGL Leaf Tissue Analysis, 8th leaf (butterhead/romaine) or total leaves (kale); no statistical test possible (p.75)."
fosterEffectAquaponicHydroponic2018,fosterEffectAquaponicHydroponic2018-T6,AP,mineral,Leaf tissue Iron,62,NR,ppm,NR,Appendix E.5 (p.101-103); Fig 4.8-4.9 (p.65),"Sample ID B1.5 (Kale, harvest Day 45). Single plant tissue sample per treatment x species combination, no replication (n=1); FGL Leaf Tissue Analysis, 8th leaf (butterhead/romaine) or total leaves (kale); no statistical test possible (p.75)."
fosterEffectAquaponicHydroponic2018,fosterEffectAquaponicHydroponic2018-T6,AP,mineral,Leaf tissue Copper,5,NR,ppm,NR,Appendix E.5 (p.101-103); Fig 4.8-4.9 (p.65),"Sample ID B1.5 (Kale, harvest Day 45). Single plant tissue sample per treatment x species combination, no replication (n=1); FGL Leaf Tissue Analysis, 8th leaf (butterhead/romaine) or total leaves (kale); no statistical test possible (p.75)."
fosterEffectAquaponicHydroponic2018,fosterEffectAquaponicHydroponic2018-T6,AP,mineral,Leaf tissue Boron,44.7,NR,ppm,NR,Appendix E.5 (p.101-103); Fig 4.8-4.9 (p.65),"Sample ID B1.5 (Kale, harvest Day 45). Single plant tissue sample per treatment x species combination, no replication (n=1); FGL Leaf Tissue Analysis, 8th leaf (butterhead/romaine) or total leaves (kale); no statistical test possible (p.75)."
fosterEffectAquaponicHydroponic2018,fosterEffectAquaponicHydroponic2018-T6,AP,mineral,Leaf tissue Sodium,0.618,NR,%,NR,Appendix E.5 (p.101-103); Fig 4.8-4.9 (p.65),"Sample ID B1.5 (Kale, harvest Day 45). Single plant tissue sample per treatment x species combination, no replication (n=1); FGL Leaf Tissue Analysis, 8th leaf (butterhead/romaine) or total leaves (kale); no statistical test possible (p.75)."
fosterEffectAquaponicHydroponic2018,fosterEffectAquaponicHydroponic2018-T9,AP,mineral,Leaf tissue Total Nitrogen,5.05,NR,%,NR,Appendix E.5 (p.101-103); Fig 4.8-4.9 (p.65),"Sample ID C2.8 (Kale, harvest Day 45). Single plant tissue sample per treatment x species combination, no replication (n=1); FGL Leaf Tissue Analysis, 8th leaf (butterhead/romaine) or total leaves (kale); no statistical test possible (p.75)."
fosterEffectAquaponicHydroponic2018,fosterEffectAquaponicHydroponic2018-T9,AP,mineral,Leaf tissue Phosphorus,0.66,NR,%,NR,Appendix E.5 (p.101-103); Fig 4.8-4.9 (p.65),"Sample ID C2.8 (Kale, harvest Day 45). Single plant tissue sample per treatment x species combination, no replication (n=1); FGL Leaf Tissue Analysis, 8th leaf (butterhead/romaine) or total leaves (kale); no statistical test possible (p.75)."
fosterEffectAquaponicHydroponic2018,fosterEffectAquaponicHydroponic2018-T9,AP,mineral,Leaf tissue Potassium,5.62,NR,%,NR,Appendix E.5 (p.101-103); Fig 4.8-4.9 (p.65),"Sample ID C2.8 (Kale, harvest Day 45). Single plant tissue sample per treatment x species combination, no replication (n=1); FGL Leaf Tissue Analysis, 8th leaf (butterhead/romaine) or total leaves (kale); no statistical test possible (p.75)."
fosterEffectAquaponicHydroponic2018,fosterEffectAquaponicHydroponic2018-T9,AP,mineral,Leaf tissue Calcium,1.71,NR,%,NR,Appendix E.5 (p.101-103); Fig 4.8-4.9 (p.65),"Sample ID C2.8 (Kale, harvest Day 45). Single plant tissue sample per treatment x species combination, no replication (n=1); FGL Leaf Tissue Analysis, 8th leaf (butterhead/romaine) or total leaves (kale); no statistical test possible (p.75)."
fosterEffectAquaponicHydroponic2018,fosterEffectAquaponicHydroponic2018-T9,AP,mineral,Leaf tissue Magnesium,0.32,NR,%,NR,Appendix E.5 (p.101-103); Fig 4.8-4.9 (p.65),"Sample ID C2.8 (Kale, harvest Day 45). Single plant tissue sample per treatment x species combination, no replication (n=1); FGL Leaf Tissue Analysis, 8th leaf (butterhead/romaine) or total leaves (kale); no statistical test possible (p.75)."
fosterEffectAquaponicHydroponic2018,fosterEffectAquaponicHydroponic2018-T9,AP,mineral,Leaf tissue Zinc,93.3,NR,ppm,NR,Appendix E.5 (p.101-103); Fig 4.8-4.9 (p.65),"Sample ID C2.8 (Kale, harvest Day 45). Single plant tissue sample per treatment x species combination, no replication (n=1); FGL Leaf Tissue Analysis, 8th leaf (butterhead/romaine) or total leaves (kale); no statistical test possible (p.75)."
fosterEffectAquaponicHydroponic2018,fosterEffectAquaponicHydroponic2018-T9,AP,mineral,Leaf tissue Manganese,26,NR,ppm,NR,Appendix E.5 (p.101-103); Fig 4.8-4.9 (p.65),"Sample ID C2.8 (Kale, harvest Day 45). Single plant tissue sample per treatment x species combination, no replication (n=1); FGL Leaf Tissue Analysis, 8th leaf (butterhead/romaine) or total leaves (kale); no statistical test possible (p.75)."
fosterEffectAquaponicHydroponic2018,fosterEffectAquaponicHydroponic2018-T9,AP,mineral,Leaf tissue Iron,43,NR,ppm,NR,Appendix E.5 (p.101-103); Fig 4.8-4.9 (p.65),"Sample ID C2.8 (Kale, harvest Day 45). Single plant tissue sample per treatment x species combination, no replication (n=1); FGL Leaf Tissue Analysis, 8th leaf (butterhead/romaine) or total leaves (kale); no statistical test possible (p.75)."
fosterEffectAquaponicHydroponic2018,fosterEffectAquaponicHydroponic2018-T9,AP,mineral,Leaf tissue Copper,4,NR,ppm,NR,Appendix E.5 (p.101-103); Fig 4.8-4.9 (p.65),"Sample ID C2.8 (Kale, harvest Day 45). Single plant tissue sample per treatment x species combination, no replication (n=1); FGL Leaf Tissue Analysis, 8th leaf (butterhead/romaine) or total leaves (kale); no statistical test possible (p.75)."
fosterEffectAquaponicHydroponic2018,fosterEffectAquaponicHydroponic2018-T9,AP,mineral,Leaf tissue Boron,36.7,NR,ppm,NR,Appendix E.5 (p.101-103); Fig 4.8-4.9 (p.65),"Sample ID C2.8 (Kale, harvest Day 45). Single plant tissue sample per treatment x species combination, no replication (n=1); FGL Leaf Tissue Analysis, 8th leaf (butterhead/romaine) or total leaves (kale); no statistical test possible (p.75)."
fosterEffectAquaponicHydroponic2018,fosterEffectAquaponicHydroponic2018-T9,AP,mineral,Leaf tissue Sodium,0.603,NR,%,NR,Appendix E.5 (p.101-103); Fig 4.8-4.9 (p.65),"Sample ID C2.8 (Kale, harvest Day 45). Single plant tissue sample per treatment x species combination, no replication (n=1); FGL Leaf Tissue Analysis, 8th leaf (butterhead/romaine) or total leaves (kale); no statistical test possible (p.75)."
fosterEffectAquaponicHydroponic2018,fosterEffectAquaponicHydroponic2018-T9,HYD,mineral,Leaf tissue Total Nitrogen,5.98,NR,%,NR,Appendix E.5 (p.101-103); Fig 4.8-4.9 (p.65),"Sample ID H4.9 (Kale, harvest Day 45). Single plant tissue sample per treatment x species combination, no replication (n=1); FGL Leaf Tissue Analysis, 8th leaf (butterhead/romaine) or total leaves (kale); no statistical test possible (p.75)."
fosterEffectAquaponicHydroponic2018,fosterEffectAquaponicHydroponic2018-T9,HYD,mineral,Leaf tissue Phosphorus,0.74,NR,%,NR,Appendix E.5 (p.101-103); Fig 4.8-4.9 (p.65),"Sample ID H4.9 (Kale, harvest Day 45). Single plant tissue sample per treatment x species combination, no replication (n=1); FGL Leaf Tissue Analysis, 8th leaf (butterhead/romaine) or total leaves (kale); no statistical test possible (p.75)."
fosterEffectAquaponicHydroponic2018,fosterEffectAquaponicHydroponic2018-T9,HYD,mineral,Leaf tissue Potassium,6.1,NR,%,NR,Appendix E.5 (p.101-103); Fig 4.8-4.9 (p.65),"Sample ID H4.9 (Kale, harvest Day 45). Single plant tissue sample per treatment x species combination, no replication (n=1); FGL Leaf Tissue Analysis, 8th leaf (butterhead/romaine) or total leaves (kale); no statistical test possible (p.75)."
fosterEffectAquaponicHydroponic2018,fosterEffectAquaponicHydroponic2018-T9,HYD,mineral,Leaf tissue Calcium,1.91,NR,%,NR,Appendix E.5 (p.101-103); Fig 4.8-4.9 (p.65),"Sample ID H4.9 (Kale, harvest Day 45). Single plant tissue sample per treatment x species combination, no replication (n=1); FGL Leaf Tissue Analysis, 8th leaf (butterhead/romaine) or total leaves (kale); no statistical test possible (p.75)."
fosterEffectAquaponicHydroponic2018,fosterEffectAquaponicHydroponic2018-T9,HYD,mineral,Leaf tissue Magnesium,0.35,NR,%,NR,Appendix E.5 (p.101-103); Fig 4.8-4.9 (p.65),"Sample ID H4.9 (Kale, harvest Day 45). Single plant tissue sample per treatment x species combination, no replication (n=1); FGL Leaf Tissue Analysis, 8th leaf (butterhead/romaine) or total leaves (kale); no statistical test possible (p.75)."
fosterEffectAquaponicHydroponic2018,fosterEffectAquaponicHydroponic2018-T9,HYD,mineral,Leaf tissue Zinc,67.2,NR,ppm,NR,Appendix E.5 (p.101-103); Fig 4.8-4.9 (p.65),"Sample ID H4.9 (Kale, harvest Day 45). Single plant tissue sample per treatment x species combination, no replication (n=1); FGL Leaf Tissue Analysis, 8th leaf (butterhead/romaine) or total leaves (kale); no statistical test possible (p.75)."
fosterEffectAquaponicHydroponic2018,fosterEffectAquaponicHydroponic2018-T9,HYD,mineral,Leaf tissue Manganese,94,NR,ppm,NR,Appendix E.5 (p.101-103); Fig 4.8-4.9 (p.65),"Sample ID H4.9 (Kale, harvest Day 45). Single plant tissue sample per treatment x species combination, no replication (n=1); FGL Leaf Tissue Analysis, 8th leaf (butterhead/romaine) or total leaves (kale); no statistical test possible (p.75)."
fosterEffectAquaponicHydroponic2018,fosterEffectAquaponicHydroponic2018-T9,HYD,mineral,Leaf tissue Iron,69,NR,ppm,NR,Appendix E.5 (p.101-103); Fig 4.8-4.9 (p.65),"Sample ID H4.9 (Kale, harvest Day 45). Single plant tissue sample per treatment x species combination, no replication (n=1); FGL Leaf Tissue Analysis, 8th leaf (butterhead/romaine) or total leaves (kale); no statistical test possible (p.75)."
fosterEffectAquaponicHydroponic2018,fosterEffectAquaponicHydroponic2018-T9,HYD,mineral,Leaf tissue Copper,12,NR,ppm,NR,Appendix E.5 (p.101-103); Fig 4.8-4.9 (p.65),"Sample ID H4.9 (Kale, harvest Day 45). Single plant tissue sample per treatment x species combination, no replication (n=1); FGL Leaf Tissue Analysis, 8th leaf (butterhead/romaine) or total leaves (kale); no statistical test possible (p.75)."
fosterEffectAquaponicHydroponic2018,fosterEffectAquaponicHydroponic2018-T9,HYD,mineral,Leaf tissue Boron,48.2,NR,ppm,NR,Appendix E.5 (p.101-103); Fig 4.8-4.9 (p.65),"Sample ID H4.9 (Kale, harvest Day 45). Single plant tissue sample per treatment x species combination, no replication (n=1); FGL Leaf Tissue Analysis, 8th leaf (butterhead/romaine) or total leaves (kale); no statistical test possible (p.75)."
fosterEffectAquaponicHydroponic2018,fosterEffectAquaponicHydroponic2018-T9,HYD,mineral,Leaf tissue Sodium,0.13,NR,%,NR,Appendix E.5 (p.101-103); Fig 4.8-4.9 (p.65),"Sample ID H4.9 (Kale, harvest Day 45). Single plant tissue sample per treatment x species combination, no replication (n=1); FGL Leaf Tissue Analysis, 8th leaf (butterhead/romaine) or total leaves (kale); no statistical test possible (p.75)."
gartmannBioponicsOrganicClosedLoop2023,gartmannBioponicsOrganicClosedLoop2023-T1,BP,biochemistry,Sugar (leaf sap),1.16,0.25,%,ns,"Table 7, young leaves",
gartmannBioponicsOrganicClosedLoop2023,gartmannBioponicsOrganicClosedLoop2023-T1,HP,biochemistry,Sugar (leaf sap),1.45,0.31,%,ns,"Table 7, young leaves",
gartmannBioponicsOrganicClosedLoop2023,gartmannBioponicsOrganicClosedLoop2023-T1,SO,biochemistry,Sugar (leaf sap),1.38,0.74,%,ns,"Table 7, young leaves","Soil cultivation control, not aquaponic/hydroponic; included for comparison"
gartmannBioponicsOrganicClosedLoop2023,gartmannBioponicsOrganicClosedLoop2023-T1,BP,mineral,Total nitrogen (leaf sap),1328.59,203.19,mg/kg,ns,"Table 7, young leaves",
gartmannBioponicsOrganicClosedLoop2023,gartmannBioponicsOrganicClosedLoop2023-T1,HP,mineral,Total nitrogen (leaf sap),1243.91,111.01,mg/kg,ns,"Table 7, young leaves",
gartmannBioponicsOrganicClosedLoop2023,gartmannBioponicsOrganicClosedLoop2023-T1,SO,mineral,Total nitrogen (leaf sap),1169.04,277.61,mg/kg,ns,"Table 7, young leaves",Soil cultivation control
gartmannBioponicsOrganicClosedLoop2023,gartmannBioponicsOrganicClosedLoop2023-T1,BP,mineral,Silicon (leaf sap),4.04,1.19,mg/kg,b,"Table 7, young leaves","Tukey letters a/b, alpha=0.05"
gartmannBioponicsOrganicClosedLoop2023,gartmannBioponicsOrganicClosedLoop2023-T1,HP,mineral,Silicon (leaf sap),0.79,0.33,mg/kg,a,"Table 7, young leaves","Tukey letters a/b, alpha=0.05"
gartmannBioponicsOrganicClosedLoop2023,gartmannBioponicsOrganicClosedLoop2023-T1,SO,mineral,Silicon (leaf sap),4.79,1.55,mg/kg,b,"Table 7, young leaves",Soil cultivation control; Tukey letters a/b
gartmannBioponicsOrganicClosedLoop2023,gartmannBioponicsOrganicClosedLoop2023-T1,BP,biochemistry,Sugar (leaf sap),0.39,0.12,%,ns,"Table 7, old leaves",
gartmannBioponicsOrganicClosedLoop2023,gartmannBioponicsOrganicClosedLoop2023-T1,HP,biochemistry,Sugar (leaf sap),0.41,0.20,%,ns,"Table 7, old leaves",
gartmannBioponicsOrganicClosedLoop2023,gartmannBioponicsOrganicClosedLoop2023-T1,SO,biochemistry,Sugar (leaf sap),0.55,0.22,%,ns,"Table 7, old leaves",Soil cultivation control
gartmannBioponicsOrganicClosedLoop2023,gartmannBioponicsOrganicClosedLoop2023-T1,BP,mineral,Total nitrogen (leaf sap),852.35,191.22,mg/kg,a,"Table 7, old leaves",Tukey letters a/b
gartmannBioponicsOrganicClosedLoop2023,gartmannBioponicsOrganicClosedLoop2023-T1,HP,mineral,Total nitrogen (leaf sap),1313.95,132.24,mg/kg,b,"Table 7, old leaves",Tukey letters a/b
gartmannBioponicsOrganicClosedLoop2023,gartmannBioponicsOrganicClosedLoop2023-T1,SO,mineral,Total nitrogen (leaf sap),1022.58,317.54,mg/kg,a,"Table 7, old leaves",Soil cultivation control; Tukey letters a/b
gartmannBioponicsOrganicClosedLoop2023,gartmannBioponicsOrganicClosedLoop2023-T1,BP,mineral,Silicon (leaf sap),7.85,2.00,mg/kg,b,"Table 7, old leaves",Tukey letters a/b
gartmannBioponicsOrganicClosedLoop2023,gartmannBioponicsOrganicClosedLoop2023-T1,HP,mineral,Silicon (leaf sap),2.28,1.25,mg/kg,a,"Table 7, old leaves",Tukey letters a/b
gartmannBioponicsOrganicClosedLoop2023,gartmannBioponicsOrganicClosedLoop2023-T1,SO,mineral,Silicon (leaf sap),8.88,2.74,mg/kg,b,"Table 7, old leaves",Soil cultivation control; Tukey letters a/b
gartmannBioponicsOrganicClosedLoop2023,gartmannBioponicsOrganicClosedLoop2023-T1,BP,mineral,"Nitrate (NO3-, leaf sap)",983.61,267.07,mg/kg,a,"Table 8, young leaves","Kruskal-Wallis + Tukey letters a/b; NovaCropControl sap method, distinct from ZHAW mixed-leaf value in trials.csv Tissue nitrate AP (WARN-CHECK, see note)"
gartmannBioponicsOrganicClosedLoop2023,gartmannBioponicsOrganicClosedLoop2023-T1,HP,mineral,"Nitrate (NO3-, leaf sap)",1997.79,629.54,mg/kg,b,"Table 8, young leaves","Kruskal-Wallis + Tukey letters a/b; NovaCropControl sap method, distinct from ZHAW mixed-leaf value"
gartmannBioponicsOrganicClosedLoop2023,gartmannBioponicsOrganicClosedLoop2023-T1,SO,mineral,"Nitrate (NO3-, leaf sap)",1848.42,1189.95,mg/kg,ab,"Table 8, young leaves",Soil cultivation control
gartmannBioponicsOrganicClosedLoop2023,gartmannBioponicsOrganicClosedLoop2023-T1,BP,mineral,"Ammonium (NH4+, leaf sap)",79.80,32.51,mg/kg,ns,"Table 8, young leaves",
gartmannBioponicsOrganicClosedLoop2023,gartmannBioponicsOrganicClosedLoop2023-T1,HP,mineral,"Ammonium (NH4+, leaf sap)",61.78,15.32,mg/kg,ns,"Table 8, young leaves",
gartmannBioponicsOrganicClosedLoop2023,gartmannBioponicsOrganicClosedLoop2023-T1,SO,mineral,"Ammonium (NH4+, leaf sap)",49.72,13.97,mg/kg,ns,"Table 8, young leaves",Soil cultivation control
gartmannBioponicsOrganicClosedLoop2023,gartmannBioponicsOrganicClosedLoop2023-T1,BP,mineral,"Chloride (Cl-, leaf sap)",1474.33,229.59,mg/kg,c,"Table 8, young leaves",Kruskal-Wallis + Tukey letters a/b/c
gartmannBioponicsOrganicClosedLoop2023,gartmannBioponicsOrganicClosedLoop2023-T1,HP,mineral,"Chloride (Cl-, leaf sap)",307.57,69.46,mg/kg,a,"Table 8, young leaves",Kruskal-Wallis + Tukey letters a/b/c
gartmannBioponicsOrganicClosedLoop2023,gartmannBioponicsOrganicClosedLoop2023-T1,SO,mineral,"Chloride (Cl-, leaf sap)",619.76,171.83,mg/kg,b,"Table 8, young leaves",Soil cultivation control
gartmannBioponicsOrganicClosedLoop2023,gartmannBioponicsOrganicClosedLoop2023-T1,BP,mineral,"Nitrate (NO3-, leaf sap)",1442.923,526.13,mg/kg,a,"Table 8, old leaves",Kruskal-Wallis + Tukey letters a/b
gartmannBioponicsOrganicClosedLoop2023,gartmannBioponicsOrganicClosedLoop2023-T1,HP,mineral,"Nitrate (NO3-, leaf sap)",4173.663,470.762,mg/kg,b,"Table 8, old leaves",Kruskal-Wallis + Tukey letters a/b
gartmannBioponicsOrganicClosedLoop2023,gartmannBioponicsOrganicClosedLoop2023-T1,SO,mineral,"Nitrate (NO3-, leaf sap)",3010.397,1197.552,mg/kg,ab,"Table 8, old leaves",Soil cultivation control
gartmannBioponicsOrganicClosedLoop2023,gartmannBioponicsOrganicClosedLoop2023-T1,BP,mineral,"Ammonium (NH4+, leaf sap)",33.51,5.28,mg/kg,b,"Table 8, old leaves",One-way ANOVA + Tukey letters a/b
gartmannBioponicsOrganicClosedLoop2023,gartmannBioponicsOrganicClosedLoop2023-T1,HP,mineral,"Ammonium (NH4+, leaf sap)",25.44,3.35,mg/kg,a,"Table 8, old leaves",One-way ANOVA + Tukey letters a/b
gartmannBioponicsOrganicClosedLoop2023,gartmannBioponicsOrganicClosedLoop2023-T1,SO,mineral,"Ammonium (NH4+, leaf sap)",20.70,5.45,mg/kg,a,"Table 8, old leaves",Soil cultivation control
gartmannBioponicsOrganicClosedLoop2023,gartmannBioponicsOrganicClosedLoop2023-T1,BP,mineral,"Chloride (Cl-, leaf sap)",2441.71,414.57,mg/kg,c,"Table 8, old leaves",Kruskal-Wallis + Tukey letters a/b/c
gartmannBioponicsOrganicClosedLoop2023,gartmannBioponicsOrganicClosedLoop2023-T1,HP,mineral,"Chloride (Cl-, leaf sap)",609.08,232.91,mg/kg,a,"Table 8, old leaves",Kruskal-Wallis + Tukey letters a/b/c
gartmannBioponicsOrganicClosedLoop2023,gartmannBioponicsOrganicClosedLoop2023-T1,SO,mineral,"Chloride (Cl-, leaf sap)",1087.75,323.12,mg/kg,b,"Table 8, old leaves",Soil cultivation control
gartmannBioponicsOrganicClosedLoop2023,gartmannBioponicsOrganicClosedLoop2023-T1,BP,mineral,Cadmium (Cd),NR,NR,mg/kg,-,"Table 9, young leaves","Below level of detection (<LOD), no numeric value given by paper"
gartmannBioponicsOrganicClosedLoop2023,gartmannBioponicsOrganicClosedLoop2023-T1,HP,mineral,Cadmium (Cd),NR,NR,mg/kg,-,"Table 9, young leaves","Below level of detection (<LOD), no numeric value given by paper"
gartmannBioponicsOrganicClosedLoop2023,gartmannBioponicsOrganicClosedLoop2023-T1,SO,mineral,Cadmium (Cd),NR,NR,mg/kg,-,"Table 9, young leaves",Below level of detection (<LOD); soil cultivation control
gartmannBioponicsOrganicClosedLoop2023,gartmannBioponicsOrganicClosedLoop2023-T1,BP,mineral,Manganese (Mn),NR,NR,mg/kg,-,"Table 9, young leaves","Below level of detection (<LOD), no numeric value given by paper"
gartmannBioponicsOrganicClosedLoop2023,gartmannBioponicsOrganicClosedLoop2023-T1,HP,mineral,Manganese (Mn),NR,NR,mg/kg,-,"Table 9, young leaves","Below level of detection (<LOD), no numeric value given by paper"
gartmannBioponicsOrganicClosedLoop2023,gartmannBioponicsOrganicClosedLoop2023-T1,SO,mineral,Manganese (Mn),NR,NR,mg/kg,-,"Table 9, young leaves",Below level of detection (<LOD); soil cultivation control
gartmannBioponicsOrganicClosedLoop2023,gartmannBioponicsOrganicClosedLoop2023-T1,BP,mineral,Lead (Pb),NR,NR,mg/kg,-,"Table 9, young leaves","Below level of detection (<LOD), no numeric value given by paper"
gartmannBioponicsOrganicClosedLoop2023,gartmannBioponicsOrganicClosedLoop2023-T1,HP,mineral,Lead (Pb),NR,NR,mg/kg,-,"Table 9, young leaves","Below level of detection (<LOD), no numeric value given by paper"
gartmannBioponicsOrganicClosedLoop2023,gartmannBioponicsOrganicClosedLoop2023-T1,SO,mineral,Lead (Pb),NR,NR,mg/kg,-,"Table 9, young leaves",Below level of detection (<LOD); soil cultivation control
gartmannBioponicsOrganicClosedLoop2023,gartmannBioponicsOrganicClosedLoop2023-T1,BP,mineral,Copper (Cu),0.65,0.15,mg/kg,b,"Table 9, young leaves",One-way ANOVA + Tukey letters a/b
gartmannBioponicsOrganicClosedLoop2023,gartmannBioponicsOrganicClosedLoop2023-T1,HP,mineral,Copper (Cu),0.45,0.28,mg/kg,b,"Table 9, young leaves",One-way ANOVA + Tukey letters a/b
gartmannBioponicsOrganicClosedLoop2023,gartmannBioponicsOrganicClosedLoop2023-T1,SO,mineral,Copper (Cu),0.19,0.07,mg/kg,a,"Table 9, young leaves",Soil cultivation control
gartmannBioponicsOrganicClosedLoop2023,gartmannBioponicsOrganicClosedLoop2023-T1,BP,mineral,Aluminium (Al),0.14,0.07,mg/kg,ns,"Table 9, young leaves",
gartmannBioponicsOrganicClosedLoop2023,gartmannBioponicsOrganicClosedLoop2023-T1,HP,mineral,Aluminium (Al),0.08,0.03,mg/kg,ns,"Table 9, young leaves",
gartmannBioponicsOrganicClosedLoop2023,gartmannBioponicsOrganicClosedLoop2023-T1,SO,mineral,Aluminium (Al),0.14,0.07,mg/kg,ns,"Table 9, young leaves",Soil cultivation control
gartmannBioponicsOrganicClosedLoop2023,gartmannBioponicsOrganicClosedLoop2023-T1,BP,mineral,Cadmium (Cd),NR,NR,mg/kg,-,"Table 9, old leaves","Below level of detection (<LOD), no numeric value given by paper"
gartmannBioponicsOrganicClosedLoop2023,gartmannBioponicsOrganicClosedLoop2023-T1,HP,mineral,Cadmium (Cd),NR,NR,mg/kg,-,"Table 9, old leaves","Below level of detection (<LOD), no numeric value given by paper"
gartmannBioponicsOrganicClosedLoop2023,gartmannBioponicsOrganicClosedLoop2023-T1,SO,mineral,Cadmium (Cd),NR,NR,mg/kg,-,"Table 9, old leaves",Below level of detection (<LOD); soil cultivation control
gartmannBioponicsOrganicClosedLoop2023,gartmannBioponicsOrganicClosedLoop2023-T1,BP,mineral,Manganese (Mn),NR,NR,mg/kg,-,"Table 9, old leaves","Below level of detection (<LOD), no numeric value given by paper"
gartmannBioponicsOrganicClosedLoop2023,gartmannBioponicsOrganicClosedLoop2023-T1,HP,mineral,Manganese (Mn),NR,NR,mg/kg,-,"Table 9, old leaves","Below level of detection (<LOD), no numeric value given by paper"
gartmannBioponicsOrganicClosedLoop2023,gartmannBioponicsOrganicClosedLoop2023-T1,SO,mineral,Manganese (Mn),NR,NR,mg/kg,-,"Table 9, old leaves",Below level of detection (<LOD); soil cultivation control
gartmannBioponicsOrganicClosedLoop2023,gartmannBioponicsOrganicClosedLoop2023-T1,BP,mineral,Lead (Pb),NR,NR,mg/kg,-,"Table 9, old leaves","Below level of detection (<LOD), no numeric value given by paper"
gartmannBioponicsOrganicClosedLoop2023,gartmannBioponicsOrganicClosedLoop2023-T1,HP,mineral,Lead (Pb),NR,NR,mg/kg,-,"Table 9, old leaves","Below level of detection (<LOD), no numeric value given by paper"
gartmannBioponicsOrganicClosedLoop2023,gartmannBioponicsOrganicClosedLoop2023-T1,SO,mineral,Lead (Pb),NR,NR,mg/kg,-,"Table 9, old leaves",Below level of detection (<LOD); soil cultivation control
gartmannBioponicsOrganicClosedLoop2023,gartmannBioponicsOrganicClosedLoop2023-T1,BP,mineral,Copper (Cu),0.42,0.21,mg/kg,c,"Table 9, old leaves",Kruskal-Wallis + Tukey letters a/b/c
gartmannBioponicsOrganicClosedLoop2023,gartmannBioponicsOrganicClosedLoop2023-T1,HP,mineral,Copper (Cu),0.24,0.11,mg/kg,b,"Table 9, old leaves",Kruskal-Wallis + Tukey letters a/b/c
gartmannBioponicsOrganicClosedLoop2023,gartmannBioponicsOrganicClosedLoop2023-T1,SO,mineral,Copper (Cu),0.12,0.03,mg/kg,a,"Table 9, old leaves",Soil cultivation control
gartmannBioponicsOrganicClosedLoop2023,gartmannBioponicsOrganicClosedLoop2023-T1,BP,mineral,Aluminium (Al),0.33,0.17,mg/kg,b,"Table 9, old leaves",Kruskal-Wallis + Tukey letters a/b
gartmannBioponicsOrganicClosedLoop2023,gartmannBioponicsOrganicClosedLoop2023-T1,HP,mineral,Aluminium (Al),0.13,0.04,mg/kg,a,"Table 9, old leaves",Kruskal-Wallis + Tukey letters a/b
gartmannBioponicsOrganicClosedLoop2023,gartmannBioponicsOrganicClosedLoop2023-T1,SO,mineral,Aluminium (Al),0.14,0.04,mg/kg,a,"Table 9, old leaves",Soil cultivation control
goddekComparisonLactucaSativa2018,goddekComparisonLactucaSativa2018-T1,HYD,mineral,K+,1808.00,NR,mmol/kg dm,p=0.000,Table 4,"range [1795, 1821], n=2 pooled samples"
goddekComparisonLactucaSativa2018,goddekComparisonLactucaSativa2018-T1,AP,mineral,K+,2327.50,NR,mmol/kg dm,p=0.000,Table 4,"range [2325, 2330], n=2 pooled samples"
goddekComparisonLactucaSativa2018,goddekComparisonLactucaSativa2018-T1,HYD,mineral,Na+,25.50,NR,mmol/kg dm,p=0.008,Table 4,"range [25, 26], n=2 pooled samples"
goddekComparisonLactucaSativa2018,goddekComparisonLactucaSativa2018-T1,AP,mineral,Na+,91.90,NR,mmol/kg dm,p=0.008,Table 4,"range [86.1, 97.7], n=2 pooled samples"
goddekComparisonLactucaSativa2018,goddekComparisonLactucaSativa2018-T1,HYD,mineral,Ca2+,325.00,NR,mmol/kg dm,p=0.038,Table 4,"range [314, 336], n=2 pooled samples"
goddekComparisonLactucaSativa2018,goddekComparisonLactucaSativa2018-T1,AP,mineral,Ca2+,408.50,NR,mmol/kg dm,p=0.038,Table 4,"range [396, 421], n=2 pooled samples"
goddekComparisonLactucaSativa2018,goddekComparisonLactucaSativa2018-T1,HYD,mineral,Mg2+,167.00,NR,mmol/kg dm,p=0.047,Table 4,"range [160, 174], n=2 pooled samples"
goddekComparisonLactucaSativa2018,goddekComparisonLactucaSativa2018-T1,AP,mineral,Mg2+,206.50,7.78,mmol/kg dm,p=0.047,Table 4,"range [201, 212], n=2 pooled samples; only row in Table 4 with a stated SD alongside the range"
goddekComparisonLactucaSativa2018,goddekComparisonLactucaSativa2018-T1,HYD,mineral,N (total),3708.00,NR,mmol/kg dm,ns (p=0.395),Table 4,"range [3526, 3890], n=2 pooled samples; total leaf N, not nitrate -- does not fit the trials.csv Tissue nitrate column (fresh-weight, NO3- specific)"
goddekComparisonLactucaSativa2018,goddekComparisonLactucaSativa2018-T1,AP,mineral,N (total),3909.50,NR,mmol/kg dm,ns (p=0.395),Table 4,"range [3864, 3955], n=2 pooled samples; total leaf N, not nitrate -- does not fit the trials.csv Tissue nitrate column (fresh-weight, NO3- specific)"
goddekComparisonLactucaSativa2018,goddekComparisonLactucaSativa2018-T1,HYD,mineral,P,311.00,NR,mmol/kg dm,ns (p=0.075),Table 4,"range [306, 316], n=2 pooled samples"
goddekComparisonLactucaSativa2018,goddekComparisonLactucaSativa2018-T1,AP,mineral,P,369.00,NR,mmol/kg dm,ns (p=0.075),Table 4,"range [353, 385], n=2 pooled samples"
goddekComparisonLactucaSativa2018,goddekComparisonLactucaSativa2018-T1,HYD,mineral,Fe2+,3.25,NR,mmol/kg dm,ns (p=0.403),Table 4,"range [3.1, 3.4], n=2 pooled samples"
goddekComparisonLactucaSativa2018,goddekComparisonLactucaSativa2018-T1,AP,mineral,Fe2+,3.70,NR,mmol/kg dm,ns (p=0.403),Table 4,"range [3.3, 4.1], n=2 pooled samples"
goddekComparisonLactucaSativa2018,goddekComparisonLactucaSativa2018-T1,HYD,mineral,Mn2+,3.55,NR,mmol/kg dm,p=0.038,Table 4,"range [3.4, 3.7], n=2 pooled samples"
goddekComparisonLactucaSativa2018,goddekComparisonLactucaSativa2018-T1,AP,mineral,Mn2+,4.80,NR,mmol/kg dm,p=0.038,Table 4,"range [4.6, 5.0], n=2 pooled samples"
goddekComparisonLactucaSativa2018,goddekComparisonLactucaSativa2018-T1,HYD,mineral,Zn2+,15.50,NR,mmol/kg dm,p=0.014,Table 4,"range [15, 16], n=2 pooled samples"
goddekComparisonLactucaSativa2018,goddekComparisonLactucaSativa2018-T1,AP,mineral,Zn2+,7.35,NR,mmol/kg dm,p=0.014,Table 4,"range [6.5, 8.2], n=2 pooled samples"
goddekComparisonLactucaSativa2018,goddekComparisonLactucaSativa2018-T1,HYD,mineral,B,3.20,NR,mmol/kg dm,ns (p=0.095),Table 4,"range [3.2, 3.2], n=2 pooled samples"
goddekComparisonLactucaSativa2018,goddekComparisonLactucaSativa2018-T1,AP,mineral,B,3.05,NR,mmol/kg dm,ns (p=0.095),Table 4,"range [3.0, 3.1], n=2 pooled samples"
goddekComparisonLactucaSativa2018,goddekComparisonLactucaSativa2018-T1,HYD,mineral,Mo6+,25.20,NR,umol/kg dm,p=0.022,Table 4,"range [24.6, 25.8], n=2 pooled samples"
goddekComparisonLactucaSativa2018,goddekComparisonLactucaSativa2018-T1,AP,mineral,Mo6+,18.10,NR,umol/kg dm,p=0.022,Table 4,"range [17.2, 19.0], n=2 pooled samples"
goddekComparisonLactucaSativa2018,goddekComparisonLactucaSativa2018-T1,HYD,mineral,Cu2+,170.50,NR,umol/kg dm,ns (p=0.078),Table 4,"range [170, 171], n=2 pooled samples"
goddekComparisonLactucaSativa2018,goddekComparisonLactucaSativa2018-T1,AP,mineral,Cu2+,148.50,NR,umol/kg dm,ns (p=0.078),Table 4,"range [142, 155], n=2 pooled samples"
graberAquaponicSystemsNutrient2009,graberAquaponicSystemsNutrient2009-T2,AP,mineral,Potassium (K) in fruit,22.0,NR,g/kg DM,NR,"p.154-155, Section 3.3","Tomato fruit tissue K content; authors explicitly attribute this to fish water containing ~45x lower K than hydroponic fertilizer solution, causing poorer aquaponic tomato quality (Section 4.1, p.155)."
graberAquaponicSystemsNutrient2009,graberAquaponicSystemsNutrient2009-T2,HYD,mineral,Potassium (K) in fruit,40.8,NR,g/kg DM,NR,"p.154-155, Section 3.3","Hydroponic control tomato fruit tissue K content, paired with the AP row above."
jordanYieldLettuceGrown2018,jordanYieldLettuceGrown2018-T1,AP,mineral,Ca,8.40,NR,g/kg,NR,Table 2,No SD or significance letters given in Table 2 (unlike Table 1's Tukey-lettered yield data)
jordanYieldLettuceGrown2018,jordanYieldLettuceGrown2018-T1,HYD,mineral,Ca,4.81,NR,g/kg,NR,Table 2,No SD or significance letters given in Table 2 (unlike Table 1's Tukey-lettered yield data)
jordanYieldLettuceGrown2018,jordanYieldLettuceGrown2018-T1,AP,mineral,Mg,3.64,NR,g/kg,NR,Table 2,No SD or significance letters given in Table 2 (unlike Table 1's Tukey-lettered yield data)
jordanYieldLettuceGrown2018,jordanYieldLettuceGrown2018-T1,HYD,mineral,Mg,3.67,NR,g/kg,NR,Table 2,No SD or significance letters given in Table 2 (unlike Table 1's Tukey-lettered yield data)
jordanYieldLettuceGrown2018,jordanYieldLettuceGrown2018-T1,AP,mineral,N,44.80,NR,g/kg,NR,Table 2,No SD or significance letters given in Table 2 (unlike Table 1's Tukey-lettered yield data)
jordanYieldLettuceGrown2018,jordanYieldLettuceGrown2018-T1,HYD,mineral,N,55.83,NR,g/kg,NR,Table 2,No SD or significance letters given in Table 2 (unlike Table 1's Tukey-lettered yield data)
jordanYieldLettuceGrown2018,jordanYieldLettuceGrown2018-T1,AP,mineral,P,5.99,NR,g/kg,NR,Table 2,No SD or significance letters given in Table 2 (unlike Table 1's Tukey-lettered yield data)
jordanYieldLettuceGrown2018,jordanYieldLettuceGrown2018-T1,HYD,mineral,P,3.35,NR,g/kg,NR,Table 2,No SD or significance letters given in Table 2 (unlike Table 1's Tukey-lettered yield data)
jordanYieldLettuceGrown2018,jordanYieldLettuceGrown2018-T1,AP,mineral,K,20.63,NR,g/kg,NR,Table 2,No SD or significance letters given in Table 2 (unlike Table 1's Tukey-lettered yield data)
jordanYieldLettuceGrown2018,jordanYieldLettuceGrown2018-T1,HYD,mineral,K,16.75,NR,g/kg,NR,Table 2,No SD or significance letters given in Table 2 (unlike Table 1's Tukey-lettered yield data)
jordanYieldLettuceGrown2018,jordanYieldLettuceGrown2018-T2,AP,mineral,Ca,9.90,NR,g/kg,NR,Table 2,No SD or significance letters given in Table 2 (unlike Table 1's Tukey-lettered yield data)
jordanYieldLettuceGrown2018,jordanYieldLettuceGrown2018-T2,HYD,mineral,Ca,8.27,NR,g/kg,NR,Table 2,No SD or significance letters given in Table 2 (unlike Table 1's Tukey-lettered yield data)
jordanYieldLettuceGrown2018,jordanYieldLettuceGrown2018-T2,AP,mineral,Mg,3.45,NR,g/kg,NR,Table 2,No SD or significance letters given in Table 2 (unlike Table 1's Tukey-lettered yield data)
jordanYieldLettuceGrown2018,jordanYieldLettuceGrown2018-T2,HYD,mineral,Mg,3.97,NR,g/kg,NR,Table 2,No SD or significance letters given in Table 2 (unlike Table 1's Tukey-lettered yield data)
jordanYieldLettuceGrown2018,jordanYieldLettuceGrown2018-T2,AP,mineral,N,46.20,NR,g/kg,NR,Table 2,No SD or significance letters given in Table 2 (unlike Table 1's Tukey-lettered yield data)
jordanYieldLettuceGrown2018,jordanYieldLettuceGrown2018-T2,HYD,mineral,N,50.58,NR,g/kg,NR,Table 2,No SD or significance letters given in Table 2 (unlike Table 1's Tukey-lettered yield data)
jordanYieldLettuceGrown2018,jordanYieldLettuceGrown2018-T2,AP,mineral,P,6.56,NR,g/kg,NR,Table 2,No SD or significance letters given in Table 2 (unlike Table 1's Tukey-lettered yield data)
jordanYieldLettuceGrown2018,jordanYieldLettuceGrown2018-T2,HYD,mineral,P,2.89,NR,g/kg,NR,Table 2,No SD or significance letters given in Table 2 (unlike Table 1's Tukey-lettered yield data)
jordanYieldLettuceGrown2018,jordanYieldLettuceGrown2018-T2,AP,mineral,K,20.63,NR,g/kg,NR,Table 2,No SD or significance letters given in Table 2 (unlike Table 1's Tukey-lettered yield data)
jordanYieldLettuceGrown2018,jordanYieldLettuceGrown2018-T2,HYD,mineral,K,26.57,NR,g/kg,NR,Table 2,No SD or significance letters given in Table 2 (unlike Table 1's Tukey-lettered yield data)
jordanYieldLettuceGrown2018,jordanYieldLettuceGrown2018-T3,AP,mineral,Ca,8.78,NR,g/kg,NR,Table 2,No SD or significance letters given in Table 2 (unlike Table 1's Tukey-lettered yield data)
jordanYieldLettuceGrown2018,jordanYieldLettuceGrown2018-T3,HYD,mineral,Ca,5.98,NR,g/kg,NR,Table 2,No SD or significance letters given in Table 2 (unlike Table 1's Tukey-lettered yield data)
jordanYieldLettuceGrown2018,jordanYieldLettuceGrown2018-T3,AP,mineral,Mg,3.11,NR,g/kg,NR,Table 2,No SD or significance letters given in Table 2 (unlike Table 1's Tukey-lettered yield data)
jordanYieldLettuceGrown2018,jordanYieldLettuceGrown2018-T3,HYD,mineral,Mg,3.42,NR,g/kg,NR,Table 2,No SD or significance letters given in Table 2 (unlike Table 1's Tukey-lettered yield data)
jordanYieldLettuceGrown2018,jordanYieldLettuceGrown2018-T3,AP,mineral,N,46.55,NR,g/kg,NR,Table 2,No SD or significance letters given in Table 2 (unlike Table 1's Tukey-lettered yield data)
jordanYieldLettuceGrown2018,jordanYieldLettuceGrown2018-T3,HYD,mineral,N,54.08,NR,g/kg,NR,Table 2,No SD or significance letters given in Table 2 (unlike Table 1's Tukey-lettered yield data)
jordanYieldLettuceGrown2018,jordanYieldLettuceGrown2018-T3,AP,mineral,P,7.35,NR,g/kg,NR,Table 2,No SD or significance letters given in Table 2 (unlike Table 1's Tukey-lettered yield data)
jordanYieldLettuceGrown2018,jordanYieldLettuceGrown2018-T3,HYD,mineral,P,2.82,NR,g/kg,NR,Table 2,No SD or significance letters given in Table 2 (unlike Table 1's Tukey-lettered yield data)
jordanYieldLettuceGrown2018,jordanYieldLettuceGrown2018-T3,AP,mineral,K,18.38,NR,g/kg,NR,Table 2,No SD or significance letters given in Table 2 (unlike Table 1's Tukey-lettered yield data)
jordanYieldLettuceGrown2018,jordanYieldLettuceGrown2018-T3,HYD,mineral,K,22.75,NR,g/kg,NR,Table 2,No SD or significance letters given in Table 2 (unlike Table 1's Tukey-lettered yield data)
kaburagiAquaponicsUsingSaline2020,kaburagiAquaponicsUsingSaline2020-T4,W0,mineral,Leaf Mn (DW basis),~40,NR,mg/kg DW,NR,p.5 (Discussion),"Approximate value ('only about 40 mg kg-1') stated in running Discussion text for W0 at the 1st harvest, the point at which leaf FW/SPAD in W0 did not yet differ from control. Precise per-harvest bar values are shown only in Fig. 3; not extracted from the figure."
kaburagiAquaponicsUsingSaline2020,kaburagiAquaponicsUsingSaline2020-T3,W25,mineral,Leaf Mn (DW basis),~40,NR,mg/kg DW,NR,p.5 (Discussion),"Approximate value ('only about 40 mg kg-1') stated in running Discussion text for W25 at the 2nd harvest, the point at which leaf FW/SPAD in W25 did not yet differ from control. Same sentence as the W0/1st-harvest row above. Precise per-harvest bar values shown only in Fig. 3; not extracted from the figure."
kaburagiAquaponicsUsingSaline2020,kaburagiAquaponicsUsingSaline2020-T4,W0,mineral,Leaf Mn (DW basis),1,NR,mg/kg DW,NR,p.5 (Discussion),"Explicit value in running text: 'In W0, the Mn concentration in leaves decreased markedly to 1 mg kg-1 DW and the chlorosis symptoms were exhibited by the second harvest.' Harvest attribution (2nd) inferred from sentence structure linking the value to when chlorosis appeared; not restated as a standalone number+harvest pair elsewhere."
kaburagiAquaponicsUsingSaline2020,kaburagiAquaponicsUsingSaline2020-T4,W0,mineral,Leaf Mn (DW basis),NR,NR,mg/kg DW,NR,p.5 (Discussion),"Text states leaf Mn was '10 mg kg-1 or less' in W0 and W25 at the 3rd harvest, coinciding with chlorosis and the greatest FW reduction. Inequality bound only, no exact value given -- recorded as NR per 'never read a value off a figure' (Fig. 3 has the exact bar but it is not extracted)."
kaburagiAquaponicsUsingSaline2020,kaburagiAquaponicsUsingSaline2020-T3,W25,mineral,Leaf Mn (DW basis),NR,NR,mg/kg DW,NR,p.5 (Discussion),"Same statement as the W0/3rd-harvest row above -- text states leaf Mn was '10 mg kg-1 or less' in W0 AND W25 at the 3rd harvest. Inequality bound only, no exact value given; not read from Fig. 3."
kaburagiAquaponicsUsingSaline2020,kaburagiAquaponicsUsingSaline2020-T4,W0,mineral,Leaf Zn (DW basis),NR,NR,mg/kg DW,NR,p.5 (Discussion),"Text states leaf Zn was 'less than 15 mg kg-1' in W25 and W0 at the 3rd harvest, coinciding with the remarkable FW decrease. Inequality bound only, no exact value given; not read from Fig. 3."
kaburagiAquaponicsUsingSaline2020,kaburagiAquaponicsUsingSaline2020-T3,W25,mineral,Leaf Zn (DW basis),NR,NR,mg/kg DW,NR,p.5 (Discussion),"Same statement as the W0 row above -- text states leaf Zn was 'less than 15 mg kg-1' in W25 AND W0 at the 3rd harvest. Inequality bound only, no exact value given; not read from Fig. 3."
kimComparisonWaterQuality2023,kimComparisonWaterQuality2023-T1,AP,biochemistry,Chlorophyll content (SPAD),24.5,4.3,SPAD units,"a (p=0.0014 vs HYD, LSD p=0.01, F=12.58)","Table 3, p.412","Green lettuce (Lactuca sativa L.), cv. Cheongchima; value is mean +/- SE (n=4 per table footnote, not SD); CM-1000 chlorophyll meter"
kimComparisonWaterQuality2023,kimComparisonWaterQuality2023-T1,HYD,biochemistry,Chlorophyll content (SPAD),20.7,3.7,SPAD units,"b (p=0.0014 vs AP, LSD p=0.01, F=12.58)","Table 3, p.412","Green lettuce (Lactuca sativa L.); labelled 'Hydroponics' in Table 3 (same treatment called 'Conventional' in Table 2); mean +/- SE, not SD"
kimComparisonWaterQuality2023,kimComparisonWaterQuality2023-T2,AP,biochemistry,Chlorophyll content (SPAD),36.5,9.1,SPAD units,"a (p=0.0001 vs HYD, LSD p=0.01, F=50.07)","Table 3, p.412","Red lettuce (Lactuca sativa L.), cv. Jeokchukmyeon-sangchu; mean +/- SE, not SD"
kimComparisonWaterQuality2023,kimComparisonWaterQuality2023-T2,HYD,biochemistry,Chlorophyll content (SPAD),21.2,5.0,SPAD units,"b (p=0.0001 vs AP, LSD p=0.01, F=50.07)","Table 3, p.412","Red lettuce (Lactuca sativa L.); mean +/- SE, not SD"
kimComparisonWaterQuality2023,kimComparisonWaterQuality2023-T3,AP,biochemistry,Chlorophyll content (SPAD),50.5,15.0,SPAD units,"a (p=0.0001 vs HYD, LSD p=0.01, F=68.54)","Table 3, p.412","Endive (Cichorium endivia); mean +/- SE, not SD"
kimComparisonWaterQuality2023,kimComparisonWaterQuality2023-T3,HYD,biochemistry,Chlorophyll content (SPAD),30.5,8.2,SPAD units,"b (p=0.0001 vs AP, LSD p=0.01, F=68.54)","Table 3, p.412","Endive (Cichorium endivia); mean +/- SE, not SD"
kimComparisonWaterQuality2023,kimComparisonWaterQuality2023-T4,AP,biochemistry,Chlorophyll content (SPAD),31.9,7.1,SPAD units,"ns (a) (p=0.1488 vs HYD, LSD p=0.01, F=2.20)","Table 3, p.412","Chicory (Cichorium intybus); only species with no significant AP vs HYD SPAD difference; mean +/- SE, not SD"
kimComparisonWaterQuality2023,kimComparisonWaterQuality2023-T4,HYD,biochemistry,Chlorophyll content (SPAD),28.6,6.9,SPAD units,"ns (a) (p=0.1488 vs AP, LSD p=0.01, F=2.20)","Table 3, p.412","Chicory (Cichorium intybus); labelled 'Hydroponics' in Table 3; mean +/- SE, not SD"
lenzCommonChicoryProduction2021,lenzCommonChicoryProduction2021-T1,Floating,mineral,N,38.03,NR,g/kg DM,p<0.05 (higher than Substrate T3; also higher than T2),p.8 text and Fig. 3,"Text-stated trial value; SD only visible as a Fig. 3 error bar,  no number given"
lenzCommonChicoryProduction2021,lenzCommonChicoryProduction2021-T2,Floating,mineral,N,37.18,NR,g/kg DM,p<0.05 (higher than Substrate T4),p.8 text and Fig. 3,"Text-stated trial value; SD only visible as a Fig. 3 error bar,  no number given"
lenzCommonChicoryProduction2021,lenzCommonChicoryProduction2021-T3,Substrate,mineral,N,32.20,NR,g/kg DM,p<0.05 lower than Floating T1; ns vs T4 (no cycle difference stated for substrate),p.8 text and Fig. 3,Text-stated trial value
lenzCommonChicoryProduction2021,lenzCommonChicoryProduction2021-T4,Substrate,mineral,N,32.21,NR,g/kg DM,p<0.05 lower than Floating T2; ns vs T3,p.8 text and Fig. 3,Text-stated trial value
lenzCommonChicoryProduction2021,lenzCommonChicoryProduction2021-T1,Floating,mineral,P,1.73,NR,g/kg DM,p<0.05 higher than Substrate,"p.8 text (attribution inferred), Fig. 3","Text gives P=1.73 (cycle1) and 2.25 (cycle2) for 'the same treatment' without re-naming it; attributed to Floating from sentence context - moderate confidence, not explicit. See trials.csv remarks."
lenzCommonChicoryProduction2021,lenzCommonChicoryProduction2021-T2,Floating,mineral,P,2.25,NR,g/kg DM,p<0.05 higher than Substrate,"p.8 text (attribution inferred), Fig. 3",Same attribution ambiguity as the T1 row - see trials.csv remarks
lenzCommonChicoryProduction2021,lenzCommonChicoryProduction2021-T3,Substrate,mineral,P,NR,NR,g/kg DM,p<0.05 lower than Floating,Fig. 3,Bar chart only; no numeric value in text or table for Substrate P
lenzCommonChicoryProduction2021,lenzCommonChicoryProduction2021-T4,Substrate,mineral,P,NR,NR,g/kg DM,p<0.05 lower than Floating,Fig. 3,Bar chart only; no numeric value in text or table for Substrate P
lenzCommonChicoryProduction2021,lenzCommonChicoryProduction2021-T1,Floating,mineral,K,NR,NR,g/kg DM,p<0.05 higher than Substrate (text: N/P/K all higher in floating both cycles),Fig. 3,Bar chart only; no numeric value in text or table
lenzCommonChicoryProduction2021,lenzCommonChicoryProduction2021-T2,Floating,mineral,K,NR,NR,g/kg DM,p<0.05 higher than Substrate,Fig. 3,Bar chart only; no numeric value in text or table
lenzCommonChicoryProduction2021,lenzCommonChicoryProduction2021-T3,Substrate,mineral,K,NR,NR,g/kg DM,"p<0.05 lower than Floating; differs from T4 (text: only K differed between cycles for substrate, higher 2nd cycle)",Fig. 3,Bar chart only; no numeric value in text or table
lenzCommonChicoryProduction2021,lenzCommonChicoryProduction2021-T4,Substrate,mineral,K,NR,NR,g/kg DM,p<0.05 lower than Floating; higher than T3 (K differed between cycles for substrate per text),Fig. 3,Bar chart only; no numeric value in text or table
lenzCommonChicoryProduction2021,lenzCommonChicoryProduction2021-T1,Floating,mineral,Ca,NR,NR,g/kg DM,"ns vs Substrate (text: no differences between methods); higher than T2 (text: higher in 1st cycle, both treatments)",Fig. 3,Bar chart only; no numeric value in text or table
lenzCommonChicoryProduction2021,lenzCommonChicoryProduction2021-T2,Floating,mineral,Ca,NR,NR,g/kg DM,ns vs Substrate; lower than T1,Fig. 3,Bar chart only; no numeric value in text or table
lenzCommonChicoryProduction2021,lenzCommonChicoryProduction2021-T3,Substrate,mineral,Ca,NR,NR,g/kg DM,ns vs Floating; higher than T4,Fig. 3,Bar chart only; no numeric value in text or table
lenzCommonChicoryProduction2021,lenzCommonChicoryProduction2021-T4,Substrate,mineral,Ca,NR,NR,g/kg DM,ns vs Floating; lower than T3,Fig. 3,Bar chart only; no numeric value in text or table
lenzCommonChicoryProduction2021,lenzCommonChicoryProduction2021-T1,Floating,mineral,Mg,1.60,NR,g/kg DM,p<0.05 higher than Substrate (cycle 1 only per text),p.9 text and Fig. 3,Text-stated trial value
lenzCommonChicoryProduction2021,lenzCommonChicoryProduction2021-T3,Substrate,mineral,Mg,1.39,NR,g/kg DM,p<0.05 lower than Floating (cycle 1),p.9 text and Fig. 3,Text-stated trial value
lenzCommonChicoryProduction2021,lenzCommonChicoryProduction2021-T2,Floating,mineral,Mg,NR,NR,g/kg DM,ns vs Substrate implied (text gives only a cycle-1 difference); higher than T1 (text: Mg higher in 2nd cycle for both treatments),Fig. 3,Bar chart only; text gives no cycle-2 number
lenzCommonChicoryProduction2021,lenzCommonChicoryProduction2021-T4,Substrate,mineral,Mg,NR,NR,g/kg DM,ns vs Floating (cycle2); higher than T3,Fig. 3,Bar chart only; text gives no cycle-2 number
lenzCommonChicoryProduction2021,lenzCommonChicoryProduction2021-T1,Floating,mineral,Cu,NR,NR,mg/kg DM,p<0.05 (Substrate higher this cycle per text),Fig. 4,Bar chart only; no numeric value in text or table
lenzCommonChicoryProduction2021,lenzCommonChicoryProduction2021-T2,Floating,mineral,Cu,NR,NR,mg/kg DM,p<0.05 (Floating higher this cycle per text); higher than T1,Fig. 4,Bar chart only; no numeric value in text or table
lenzCommonChicoryProduction2021,lenzCommonChicoryProduction2021-T3,Substrate,mineral,Cu,NR,NR,mg/kg DM,p<0.05 (Substrate higher this cycle per text),Fig. 4,Bar chart only; no numeric value in text or table
lenzCommonChicoryProduction2021,lenzCommonChicoryProduction2021-T4,Substrate,mineral,Cu,NR,NR,mg/kg DM,"p<0.05 (Floating higher this cycle, i.e. Substrate lower)",Fig. 4,Bar chart only; no numeric value in text or table
lenzCommonChicoryProduction2021,lenzCommonChicoryProduction2021-T1,Floating,mineral,Zn,276,NR,mg/kg DM,p<0.05 higher than Substrate (both cycles per text); higher than T2,p.9 text and Fig. 4,"OUT-OF-RANGE: far above the Haag and Minami (1988) recommended range of 50-80 mg/kg for common chicory (more than 3x the upper bound); paper attributes this to high Zn in the feed (149-162 mg/kg, Table 1). Flagged, not silently accepted."
lenzCommonChicoryProduction2021,lenzCommonChicoryProduction2021-T2,Floating,mineral,Zn,NR,NR,mg/kg DM,p<0.05 higher than Substrate; lower than T1,Fig. 4,Bar chart only; no numeric value in text or table
lenzCommonChicoryProduction2021,lenzCommonChicoryProduction2021-T3,Substrate,mineral,Zn,NR,NR,mg/kg DM,p<0.05 lower than Floating,Fig. 4,Bar chart only; no numeric value in text or table
lenzCommonChicoryProduction2021,lenzCommonChicoryProduction2021-T4,Substrate,mineral,Zn,NR,NR,mg/kg DM,p<0.05 lower than Floating,Fig. 4,Bar chart only; no numeric value in text or table
levizouCircularTriTrophicSystem2025,levizouCircularTriTrophicSystem2025-T1,AP,mineral,Potassium (K+),7.4-11.6,NR,mg/g DW,NR,"Results 3.6, p.11","Treatment label in paper: CAP. Text: 'the level of [K] in CAP remained almost stable (7.4-11.6 mg g-1)' - range across the whole experiment (D25-D90), not tied to a single sampling date; date-specific bars in Figure 7B not extracted (figure only, no numeric table)."
levizouCircularTriTrophicSystem2025,levizouCircularTriTrophicSystem2025-T1,HYD,mineral,Potassium (K+),29.3,NR,mg/g DW,NR,"Results 3.6, p.11",Treatment label in paper: HP. Text: 'an increase of 43% was recorded in HP...(29.3...mg g-1 in HP...) on D80 compared to D50 levels'. Text labels this timepoint 'D80'; Methods 2.5.4 and the Figure 7 axis instead define the third leaf-tissue harvest as D90 - see WARN-CHECK in trials.csv Experimental Remarks. Recorded here under the D90 basis.
levizouCircularTriTrophicSystem2025,levizouCircularTriTrophicSystem2025-T2,AP,mineral,Potassium (K+),33.3,NR,mg/g DW,NR,"Results 3.6, p.11","Treatment label in paper: DCAP. Text: '...DCAP increased 2.5-fold (29.3 and 33.3 mg g-1 in HP and DCAP, respectively) on D80 compared to D50 levels'. Same D80/D90 labelling caveat as the HP row (see WARN-CHECK in trials.csv Experimental Remarks)."
levizouCircularTriTrophicSystem2025,levizouCircularTriTrophicSystem2025-T2,HYD,mineral,Potassium (K+),29.3,NR,mg/g DW,NR,"Results 3.6, p.11","Treatment label in paper: HP. Same HP value as the T1 HYD row, repeated per one-row-per-trial convention (shared control). See D80/D90 labelling caveat in trials.csv Experimental Remarks."
licameleBiomassProductionNutrient2009,licameleBiomassProductionNutrient2009-T4,AP,Pigment/Quality,Chlorophyll Concentration Index (CCI%),10.1,0.90,%,"Significant, p<=0.05 (AP < HYD)","p.123, Fig.4; Appendix B Results","cv. Rex, 35 DAT, Apogee CCM-200, 3 leaves/plant"
licameleBiomassProductionNutrient2009,licameleBiomassProductionNutrient2009-T4,HYD,Pigment/Quality,Chlorophyll Concentration Index (CCI%),11.4,0.95,%,"Significant, p<=0.05","p.123, Fig.4","cv. Rex, 35 DAT"
licameleBiomassProductionNutrient2009,licameleBiomassProductionNutrient2009-T5,AP,Pigment/Quality,Chlorophyll Concentration Index (CCI%),8.5,0.63,%,"Not significant, p<=0.05","p.123-124, Fig.6","cv. Rex, 28 DAT"
licameleBiomassProductionNutrient2009,licameleBiomassProductionNutrient2009-T5,HYD,Pigment/Quality,Chlorophyll Concentration Index (CCI%),8.8,0.65,%,"Not significant, p<=0.05","p.123-124, Fig.6","cv. Rex, 28 DAT"
licameleBiomassProductionNutrient2009,licameleBiomassProductionNutrient2009-T6,AP,Pigment/Quality,Chlorophyll Concentration Index (CCI%),9.89,0.89,%,"Significant, p<=0.05 (AP > HYD)","p.124, Fig.8; Appendix C Abstract p.142","cv. Rex, 28 DAT"
licameleBiomassProductionNutrient2009,licameleBiomassProductionNutrient2009-T6,HYD,Pigment/Quality,Chlorophyll Concentration Index (CCI%),8.71,0.45,%,"Significant, p<=0.05","p.124, Fig.8","cv. Rex, 28 DAT"
licameleBiomassProductionNutrient2009,licameleBiomassProductionNutrient2009-T6,AP,Macronutrient,Nitrogen (N),5.22,0.15,% dry wt,"Significant, p<=0.05 (AP > HYD)","p.159-160, Fig.3A","Two SDs given in source for same mean (0.38% on p.158 vs 0.15% on p.159-160, repeated); 0.15 used as majority value -- WARN-MINOR, see trials.csv T6 remarks"
licameleBiomassProductionNutrient2009,licameleBiomassProductionNutrient2009-T6,HYD,Macronutrient,Nitrogen (N),4.62,0.26,% dry wt,"Significant, p<=0.05","p.159-160, Fig.3A",
licameleBiomassProductionNutrient2009,licameleBiomassProductionNutrient2009-T6,AP,Macronutrient,Phosphorus (P),1.14,0.07,% dry wt,"Significant, p<=0.05 (AP > HYD)","p.158, Fig.3A",
licameleBiomassProductionNutrient2009,licameleBiomassProductionNutrient2009-T6,HYD,Macronutrient,Phosphorus (P),NR,NR,% dry wt,"Significant, p<=0.05 (lower than AP)",Fig.3A,"Value shown only in Figure 3A bar chart, not stated numerically in prose -- NR per rule against reading figures"
licameleBiomassProductionNutrient2009,licameleBiomassProductionNutrient2009-T6,AP,Macronutrient,Magnesium (Mg),0.74,0.13,% dry wt,"Significant, p<=0.05 (AP > HYD)","p.158, Fig.3A",
licameleBiomassProductionNutrient2009,licameleBiomassProductionNutrient2009-T6,HYD,Macronutrient,Magnesium (Mg),NR,NR,% dry wt,"Significant, p<=0.05 (lower than AP)",Fig.3A,"Figure-only value, not stated numerically in prose"
licameleBiomassProductionNutrient2009,licameleBiomassProductionNutrient2009-T6,AP,Macronutrient,Calcium (Ca),1.94,0.08,% dry wt,"Not significant, p<=0.05","p.159, Fig.3A",
licameleBiomassProductionNutrient2009,licameleBiomassProductionNutrient2009-T6,HYD,Macronutrient,Calcium (Ca),1.82,0.14,% dry wt,"Not significant, p<=0.05","p.159, Fig.3A",
licameleBiomassProductionNutrient2009,licameleBiomassProductionNutrient2009-T6,AP,Macronutrient,Potassium (K),NR,NR,% dry wt,"Not significant, p<=0.05",Fig.3A,"Figure-only value, not stated numerically in prose"
licameleBiomassProductionNutrient2009,licameleBiomassProductionNutrient2009-T6,HYD,Macronutrient,Potassium (K),NR,NR,% dry wt,"Not significant, p<=0.05",Fig.3A,Figure-only value
licameleBiomassProductionNutrient2009,licameleBiomassProductionNutrient2009-T6,AP,Macronutrient,Sulfate (SO4-S),NR,NR,% dry wt,"Not significant, p<=0.05",Fig.3A,"Figure-only value, not stated numerically in prose"
licameleBiomassProductionNutrient2009,licameleBiomassProductionNutrient2009-T6,HYD,Macronutrient,Sulfate (SO4-S),NR,NR,% dry wt,"Not significant, p<=0.05",Fig.3A,Figure-only value
licameleBiomassProductionNutrient2009,licameleBiomassProductionNutrient2009-T6,AP,Micronutrient,Zinc (Zn),NR,NR,mg/L (as printed; likely mg/kg dry tissue),"Significant increase vs HYD, p<=0.05","p.159, Fig.3B","Figure-only value, not stated numerically in prose; unit printed as mg/l in source figure though this is leaf-tissue analysis"
licameleBiomassProductionNutrient2009,licameleBiomassProductionNutrient2009-T6,HYD,Micronutrient,Zinc (Zn),NR,NR,mg/L (as printed),"Significant, p<=0.05",Fig.3B,Figure-only value
licameleBiomassProductionNutrient2009,licameleBiomassProductionNutrient2009-T6,AP,Micronutrient,Manganese (Mn),NR,NR,mg/L (as printed),"Significant increase vs HYD, p<=0.05","p.159, Fig.3B","Figure-only value, not stated numerically in prose"
licameleBiomassProductionNutrient2009,licameleBiomassProductionNutrient2009-T6,HYD,Micronutrient,Manganese (Mn),NR,NR,mg/L (as printed),"Significant, p<=0.05",Fig.3B,Figure-only value
licameleBiomassProductionNutrient2009,licameleBiomassProductionNutrient2009-T6,AP,Micronutrient,Boron (B),NR,NR,mg/L (as printed),"Significant increase vs HYD, p<=0.05","p.159, Fig.3B","Figure-only value, not stated numerically in prose"
licameleBiomassProductionNutrient2009,licameleBiomassProductionNutrient2009-T6,HYD,Micronutrient,Boron (B),NR,NR,mg/L (as printed),"Significant, p<=0.05",Fig.3B,Figure-only value
licameleBiomassProductionNutrient2009,licameleBiomassProductionNutrient2009-T6,AP,Micronutrient,Iron (Fe),NR,NR,mg/L (as printed),"Not significant, p<=0.05",Fig.3B,"Figure-only value, not stated numerically in prose"
licameleBiomassProductionNutrient2009,licameleBiomassProductionNutrient2009-T6,HYD,Micronutrient,Iron (Fe),NR,NR,mg/L (as printed),"Not significant, p<=0.05",Fig.3B,Figure-only value
licameleBiomassProductionNutrient2009,licameleBiomassProductionNutrient2009-T6,AP,Micronutrient,Copper (Cu),NR,NR,mg/L (as printed),"Not significant, p<=0.05",Fig.3B,"Figure-only value, not stated numerically in prose"
licameleBiomassProductionNutrient2009,licameleBiomassProductionNutrient2009-T6,HYD,Micronutrient,Copper (Cu),NR,NR,mg/L (as printed),"Not significant, p<=0.05",Fig.3B,Figure-only value
madusankaComparativeAssessmentIntensive2023,madusankaComparativeAssessmentIntensive2023-T1,AP,biochemistry,Total soluble solids (TSS),3.6,NR,Brix %,ns,Table 2,DWCAS. No SD reported (single treatment mean per Table 2); LSD=ns across all treatments.
madusankaComparativeAssessmentIntensive2023,madusankaComparativeAssessmentIntensive2023-T1,HYD,biochemistry,Total soluble solids (TSS),3.70,NR,Brix %,ns,Table 2,DWCHS (paired HYD control for this trial). No SD reported; LSD=ns.
madusankaComparativeAssessmentIntensive2023,madusankaComparativeAssessmentIntensive2023-T1,OBS,biochemistry,Total soluble solids (TSS),3.85,NR,Brix %,ns,Table 2,"OBS, secondary/non-paired treatment (open bag system, not the HYD control used in trials.csv). No SD reported; LSD=ns."
magwazaPartiallyTreatedDomestic2020,magwazaPartiallyTreatedDomestic2020-T1,ABR effluent,mineral,Nitrogen (N),28.8,,mg/g,a,"Table 3, p.6","Table 3 (p.6): one-way ANOVA, P=0.001, LSD=0.296, CV%=11.4. Leaves harvested at 106 DAT (end of trial). Paper gives no SD/dispersion for this table -- only means with significance-letter groupings; SD left blank, not fabricated."
magwazaPartiallyTreatedDomestic2020,magwazaPartiallyTreatedDomestic2020-T1,ABR effluent,mineral,Phosphorus (P),4.3,,mg/g,a,"Table 3, p.6","Table 3 (p.6): one-way ANOVA, P=0.001, LSD=0.069, CV%=16.6. Leaves harvested at 106 DAT (end of trial). Paper gives no SD/dispersion for this table -- only means with significance-letter groupings; SD left blank, not fabricated."
magwazaPartiallyTreatedDomestic2020,magwazaPartiallyTreatedDomestic2020-T1,ABR effluent,mineral,Potassium (K),9.1,,mg/g,a,"Table 3, p.6","Table 3 (p.6): one-way ANOVA, P=0.001, LSD=0.325, CV%=13.6. Leaves harvested at 106 DAT (end of trial). Paper gives no SD/dispersion for this table -- only means with significance-letter groupings; SD left blank, not fabricated."
magwazaPartiallyTreatedDomestic2020,magwazaPartiallyTreatedDomestic2020-T1,ABR effluent,mineral,Magnesium (Mg),9.3,,mg/g,c,"Table 3, p.6","Table 3 (p.6): one-way ANOVA, P=0.001, LSD=0.08, CV%=12.9. Leaves harvested at 106 DAT (end of trial). Paper gives no SD/dispersion for this table -- only means with significance-letter groupings; SD left blank, not fabricated."
magwazaPartiallyTreatedDomestic2020,magwazaPartiallyTreatedDomestic2020-T1,ABR effluent,mineral,Calcium (Ca),24.8,,mg/g,a,"Table 3, p.6","Table 3 (p.6): one-way ANOVA, P=0.001, LSD=0.477, CV%=17.8. Leaves harvested at 106 DAT (end of trial). Paper gives no SD/dispersion for this table -- only means with significance-letter groupings; SD left blank, not fabricated."
magwazaPartiallyTreatedDomestic2020,magwazaPartiallyTreatedDomestic2020-T1,ABR effluent,mineral,Iron (Fe),216,,mg/kg,b,"Table 3, p.6","Table 3 (p.6): one-way ANOVA, P=0.001, LSD=27.4, CV%=18.0. Leaves harvested at 106 DAT (end of trial). Paper gives no SD/dispersion for this table -- only means with significance-letter groupings; SD left blank, not fabricated."
magwazaPartiallyTreatedDomestic2020,magwazaPartiallyTreatedDomestic2020-T1,ABR effluent,mineral,Zinc (Zn),44,,mg/kg,a,"Table 3, p.6","Table 3 (p.6): one-way ANOVA, P=0.001, LSD=15.3, CV%=30.7. Leaves harvested at 106 DAT (end of trial). Paper gives no SD/dispersion for this table -- only means with significance-letter groupings; SD left blank, not fabricated."
magwazaPartiallyTreatedDomestic2020,magwazaPartiallyTreatedDomestic2020-T1,ABR effluent,mineral,Copper (Cu),945.5,,mg/kg,c,"Table 3, p.6","Table 3 (p.6): one-way ANOVA, P=0.001, LSD=197.72, CV%=39.9. Leaves harvested at 106 DAT (end of trial). Paper gives no SD/dispersion for this table -- only means with significance-letter groupings; SD left blank, not fabricated."
magwazaPartiallyTreatedDomestic2020,magwazaPartiallyTreatedDomestic2020-T1,ABR effluent,mineral,Manganese (Mn),217.0,,mg/kg,b,"Table 3, p.6","Table 3 (p.6): one-way ANOVA, P=0.05, LSD=38.0, CV%=25.6. Leaves harvested at 106 DAT (end of trial). Paper gives no SD/dispersion for this table -- only means with significance-letter groupings; SD left blank, not fabricated."
magwazaPartiallyTreatedDomestic2020,magwazaPartiallyTreatedDomestic2020-T1,ABR effluent,mineral,Sodium (Na),6992.7,,mg/kg,NR,"Table 3, p.6","Table 3 (p.6): one-way ANOVA, P=0.001, LSD=0.069, CV%=16.6. Leaves harvested at 106 DAT (end of trial). Paper gives no SD/dispersion for this table -- only means with significance-letter groupings; SD left blank, not fabricated. WARN-MINOR: no significance letters printed for Na despite P=0.001 (every other analyte in this table carries letters); LSD printed (0.069) is implausibly small relative to Na's mean spread (2496.8-7371.7). Significance recorded NR rather than fabricated; raw mean is directly printed and unambiguous."
magwazaPartiallyTreatedDomestic2020,magwazaPartiallyTreatedDomestic2020-T1,CHFM,mineral,Nitrogen (N),38.2,,mg/g,c,"Table 3, p.6","Table 3 (p.6): one-way ANOVA, P=0.001, LSD=0.296, CV%=11.4. Leaves harvested at 106 DAT (end of trial). Paper gives no SD/dispersion for this table. Recorded as the paired control (CHFM) for magwazaPartiallyTreatedDomestic2020-T1; repeated across both trial rows per SCHEMA convention of restating the shared control."
magwazaPartiallyTreatedDomestic2020,magwazaPartiallyTreatedDomestic2020-T1,CHFM,mineral,Phosphorus (P),6.3,,mg/g,b,"Table 3, p.6","Table 3 (p.6): one-way ANOVA, P=0.001, LSD=0.069, CV%=16.6. Leaves harvested at 106 DAT (end of trial). Paper gives no SD/dispersion for this table. Recorded as the paired control (CHFM) for magwazaPartiallyTreatedDomestic2020-T1; repeated across both trial rows per SCHEMA convention of restating the shared control."
magwazaPartiallyTreatedDomestic2020,magwazaPartiallyTreatedDomestic2020-T1,CHFM,mineral,Potassium (K),45.6,,mg/g,c,"Table 3, p.6","Table 3 (p.6): one-way ANOVA, P=0.001, LSD=0.325, CV%=13.6. Leaves harvested at 106 DAT (end of trial). Paper gives no SD/dispersion for this table. Recorded as the paired control (CHFM) for magwazaPartiallyTreatedDomestic2020-T1; repeated across both trial rows per SCHEMA convention of restating the shared control."
magwazaPartiallyTreatedDomestic2020,magwazaPartiallyTreatedDomestic2020-T1,CHFM,mineral,Magnesium (Mg),6.9,,mg/g,a,"Table 3, p.6","Table 3 (p.6): one-way ANOVA, P=0.001, LSD=0.08, CV%=12.9. Leaves harvested at 106 DAT (end of trial). Paper gives no SD/dispersion for this table. Recorded as the paired control (CHFM) for magwazaPartiallyTreatedDomestic2020-T1; repeated across both trial rows per SCHEMA convention of restating the shared control."
magwazaPartiallyTreatedDomestic2020,magwazaPartiallyTreatedDomestic2020-T1,CHFM,mineral,Calcium (Ca),35.4,,mg/g,b,"Table 3, p.6","Table 3 (p.6): one-way ANOVA, P=0.001, LSD=0.477, CV%=17.8. Leaves harvested at 106 DAT (end of trial). Paper gives no SD/dispersion for this table. Recorded as the paired control (CHFM) for magwazaPartiallyTreatedDomestic2020-T1; repeated across both trial rows per SCHEMA convention of restating the shared control."
magwazaPartiallyTreatedDomestic2020,magwazaPartiallyTreatedDomestic2020-T1,CHFM,mineral,Iron (Fe),161,,mg/kg,a,"Table 3, p.6","Table 3 (p.6): one-way ANOVA, P=0.001, LSD=27.4, CV%=18.0. Leaves harvested at 106 DAT (end of trial). Paper gives no SD/dispersion for this table. Recorded as the paired control (CHFM) for magwazaPartiallyTreatedDomestic2020-T1; repeated across both trial rows per SCHEMA convention of restating the shared control."
magwazaPartiallyTreatedDomestic2020,magwazaPartiallyTreatedDomestic2020-T1,CHFM,mineral,Zinc (Zn),70,,mg/kg,b,"Table 3, p.6","Table 3 (p.6): one-way ANOVA, P=0.001, LSD=15.3, CV%=30.7. Leaves harvested at 106 DAT (end of trial). Paper gives no SD/dispersion for this table. Recorded as the paired control (CHFM) for magwazaPartiallyTreatedDomestic2020-T1; repeated across both trial rows per SCHEMA convention of restating the shared control."
magwazaPartiallyTreatedDomestic2020,magwazaPartiallyTreatedDomestic2020-T1,CHFM,mineral,Copper (Cu),389.7,,mg/kg,a,"Table 3, p.6","Table 3 (p.6): one-way ANOVA, P=0.001, LSD=197.72, CV%=39.9. Leaves harvested at 106 DAT (end of trial). Paper gives no SD/dispersion for this table. Recorded as the paired control (CHFM) for magwazaPartiallyTreatedDomestic2020-T1; repeated across both trial rows per SCHEMA convention of restating the shared control."
magwazaPartiallyTreatedDomestic2020,magwazaPartiallyTreatedDomestic2020-T1,CHFM,mineral,Manganese (Mn),166.0,,mg/kg,a,"Table 3, p.6","Table 3 (p.6): one-way ANOVA, P=0.05, LSD=38.0, CV%=25.6. Leaves harvested at 106 DAT (end of trial). Paper gives no SD/dispersion for this table. Recorded as the paired control (CHFM) for magwazaPartiallyTreatedDomestic2020-T1; repeated across both trial rows per SCHEMA convention of restating the shared control."
magwazaPartiallyTreatedDomestic2020,magwazaPartiallyTreatedDomestic2020-T1,CHFM,mineral,Sodium (Na),2496.8,,mg/kg,NR,"Table 3, p.6","Table 3 (p.6): one-way ANOVA, P=0.001, LSD=0.069, CV%=16.6. Leaves harvested at 106 DAT (end of trial). Paper gives no SD/dispersion for this table. Recorded as the paired control (CHFM) for magwazaPartiallyTreatedDomestic2020-T1; repeated across both trial rows per SCHEMA convention of restating the shared control. WARN-MINOR: no significance letters printed for Na despite P=0.001; LSD printed (0.069) implausibly small; Significance recorded NR."
magwazaPartiallyTreatedDomestic2020,magwazaPartiallyTreatedDomestic2020-T2,ABR+CHFM,mineral,Nitrogen (N),34.8,,mg/g,b,"Table 3, p.6","Table 3 (p.6): one-way ANOVA, P=0.001, LSD=0.296, CV%=11.4. Leaves harvested at 106 DAT (end of trial). Paper gives no SD/dispersion for this table -- only means with significance-letter groupings; SD left blank, not fabricated."
magwazaPartiallyTreatedDomestic2020,magwazaPartiallyTreatedDomestic2020-T2,ABR+CHFM,mineral,Phosphorus (P),5.8,,mg/g,a,"Table 3, p.6","Table 3 (p.6): one-way ANOVA, P=0.001, LSD=0.069, CV%=16.6. Leaves harvested at 106 DAT (end of trial). Paper gives no SD/dispersion for this table -- only means with significance-letter groupings; SD left blank, not fabricated."
magwazaPartiallyTreatedDomestic2020,magwazaPartiallyTreatedDomestic2020-T2,ABR+CHFM,mineral,Potassium (K),37.7,,mg/g,b,"Table 3, p.6","Table 3 (p.6): one-way ANOVA, P=0.001, LSD=0.325, CV%=13.6. Leaves harvested at 106 DAT (end of trial). Paper gives no SD/dispersion for this table -- only means with significance-letter groupings; SD left blank, not fabricated."
magwazaPartiallyTreatedDomestic2020,magwazaPartiallyTreatedDomestic2020-T2,ABR+CHFM,mineral,Magnesium (Mg),8.1,,mg/g,b,"Table 3, p.6","Table 3 (p.6): one-way ANOVA, P=0.001, LSD=0.08, CV%=12.9. Leaves harvested at 106 DAT (end of trial). Paper gives no SD/dispersion for this table -- only means with significance-letter groupings; SD left blank, not fabricated."
magwazaPartiallyTreatedDomestic2020,magwazaPartiallyTreatedDomestic2020-T2,ABR+CHFM,mineral,Calcium (Ca),33.6,,mg/g,b,"Table 3, p.6","Table 3 (p.6): one-way ANOVA, P=0.001, LSD=0.477, CV%=17.8. Leaves harvested at 106 DAT (end of trial). Paper gives no SD/dispersion for this table -- only means with significance-letter groupings; SD left blank, not fabricated."
magwazaPartiallyTreatedDomestic2020,magwazaPartiallyTreatedDomestic2020-T2,ABR+CHFM,mineral,Iron (Fe),224,,mg/kg,b,"Table 3, p.6","Table 3 (p.6): one-way ANOVA, P=0.001, LSD=27.4, CV%=18.0. Leaves harvested at 106 DAT (end of trial). Paper gives no SD/dispersion for this table -- only means with significance-letter groupings; SD left blank, not fabricated."
magwazaPartiallyTreatedDomestic2020,magwazaPartiallyTreatedDomestic2020-T2,ABR+CHFM,mineral,Zinc (Zn),81,,mg/kg,b,"Table 3, p.6","Table 3 (p.6): one-way ANOVA, P=0.001, LSD=15.3, CV%=30.7. Leaves harvested at 106 DAT (end of trial). Paper gives no SD/dispersion for this table -- only means with significance-letter groupings; SD left blank, not fabricated."
magwazaPartiallyTreatedDomestic2020,magwazaPartiallyTreatedDomestic2020-T2,ABR+CHFM,mineral,Copper (Cu),631.0,,mg/kg,b,"Table 3, p.6","Table 3 (p.6): one-way ANOVA, P=0.001, LSD=197.72, CV%=39.9. Leaves harvested at 106 DAT (end of trial). Paper gives no SD/dispersion for this table -- only means with significance-letter groupings; SD left blank, not fabricated."
magwazaPartiallyTreatedDomestic2020,magwazaPartiallyTreatedDomestic2020-T2,ABR+CHFM,mineral,Manganese (Mn),201.0,,mg/kg,ab,"Table 3, p.6","Table 3 (p.6): one-way ANOVA, P=0.05, LSD=38.0, CV%=25.6. Leaves harvested at 106 DAT (end of trial). Paper gives no SD/dispersion for this table -- only means with significance-letter groupings; SD left blank, not fabricated."
magwazaPartiallyTreatedDomestic2020,magwazaPartiallyTreatedDomestic2020-T2,ABR+CHFM,mineral,Sodium (Na),7371.7,,mg/kg,NR,"Table 3, p.6","Table 3 (p.6): one-way ANOVA, P=0.001, LSD=0.069, CV%=16.6. Leaves harvested at 106 DAT (end of trial). Paper gives no SD/dispersion for this table -- only means with significance-letter groupings; SD left blank, not fabricated. WARN-MINOR: no significance letters printed for Na despite P=0.001 (every other analyte in this table carries letters); LSD printed (0.069) is implausibly small relative to Na's mean spread (2496.8-7371.7). Significance recorded NR rather than fabricated; raw mean is directly printed and unambiguous."
magwazaPartiallyTreatedDomestic2020,magwazaPartiallyTreatedDomestic2020-T2,CHFM,mineral,Nitrogen (N),38.2,,mg/g,c,"Table 3, p.6","Table 3 (p.6): one-way ANOVA, P=0.001, LSD=0.296, CV%=11.4. Leaves harvested at 106 DAT (end of trial). Paper gives no SD/dispersion for this table. Recorded as the paired control (CHFM) for magwazaPartiallyTreatedDomestic2020-T2; repeated across both trial rows per SCHEMA convention of restating the shared control."
magwazaPartiallyTreatedDomestic2020,magwazaPartiallyTreatedDomestic2020-T2,CHFM,mineral,Phosphorus (P),6.3,,mg/g,b,"Table 3, p.6","Table 3 (p.6): one-way ANOVA, P=0.001, LSD=0.069, CV%=16.6. Leaves harvested at 106 DAT (end of trial). Paper gives no SD/dispersion for this table. Recorded as the paired control (CHFM) for magwazaPartiallyTreatedDomestic2020-T2; repeated across both trial rows per SCHEMA convention of restating the shared control."
magwazaPartiallyTreatedDomestic2020,magwazaPartiallyTreatedDomestic2020-T2,CHFM,mineral,Potassium (K),45.6,,mg/g,c,"Table 3, p.6","Table 3 (p.6): one-way ANOVA, P=0.001, LSD=0.325, CV%=13.6. Leaves harvested at 106 DAT (end of trial). Paper gives no SD/dispersion for this table. Recorded as the paired control (CHFM) for magwazaPartiallyTreatedDomestic2020-T2; repeated across both trial rows per SCHEMA convention of restating the shared control."
magwazaPartiallyTreatedDomestic2020,magwazaPartiallyTreatedDomestic2020-T2,CHFM,mineral,Magnesium (Mg),6.9,,mg/g,a,"Table 3, p.6","Table 3 (p.6): one-way ANOVA, P=0.001, LSD=0.08, CV%=12.9. Leaves harvested at 106 DAT (end of trial). Paper gives no SD/dispersion for this table. Recorded as the paired control (CHFM) for magwazaPartiallyTreatedDomestic2020-T2; repeated across both trial rows per SCHEMA convention of restating the shared control."
magwazaPartiallyTreatedDomestic2020,magwazaPartiallyTreatedDomestic2020-T2,CHFM,mineral,Calcium (Ca),35.4,,mg/g,b,"Table 3, p.6","Table 3 (p.6): one-way ANOVA, P=0.001, LSD=0.477, CV%=17.8. Leaves harvested at 106 DAT (end of trial). Paper gives no SD/dispersion for this table. Recorded as the paired control (CHFM) for magwazaPartiallyTreatedDomestic2020-T2; repeated across both trial rows per SCHEMA convention of restating the shared control."
magwazaPartiallyTreatedDomestic2020,magwazaPartiallyTreatedDomestic2020-T2,CHFM,mineral,Iron (Fe),161,,mg/kg,a,"Table 3, p.6","Table 3 (p.6): one-way ANOVA, P=0.001, LSD=27.4, CV%=18.0. Leaves harvested at 106 DAT (end of trial). Paper gives no SD/dispersion for this table. Recorded as the paired control (CHFM) for magwazaPartiallyTreatedDomestic2020-T2; repeated across both trial rows per SCHEMA convention of restating the shared control."
magwazaPartiallyTreatedDomestic2020,magwazaPartiallyTreatedDomestic2020-T2,CHFM,mineral,Zinc (Zn),70,,mg/kg,b,"Table 3, p.6","Table 3 (p.6): one-way ANOVA, P=0.001, LSD=15.3, CV%=30.7. Leaves harvested at 106 DAT (end of trial). Paper gives no SD/dispersion for this table. Recorded as the paired control (CHFM) for magwazaPartiallyTreatedDomestic2020-T2; repeated across both trial rows per SCHEMA convention of restating the shared control."
magwazaPartiallyTreatedDomestic2020,magwazaPartiallyTreatedDomestic2020-T2,CHFM,mineral,Copper (Cu),389.7,,mg/kg,a,"Table 3, p.6","Table 3 (p.6): one-way ANOVA, P=0.001, LSD=197.72, CV%=39.9. Leaves harvested at 106 DAT (end of trial). Paper gives no SD/dispersion for this table. Recorded as the paired control (CHFM) for magwazaPartiallyTreatedDomestic2020-T2; repeated across both trial rows per SCHEMA convention of restating the shared control."
magwazaPartiallyTreatedDomestic2020,magwazaPartiallyTreatedDomestic2020-T2,CHFM,mineral,Manganese (Mn),166.0,,mg/kg,a,"Table 3, p.6","Table 3 (p.6): one-way ANOVA, P=0.05, LSD=38.0, CV%=25.6. Leaves harvested at 106 DAT (end of trial). Paper gives no SD/dispersion for this table. Recorded as the paired control (CHFM) for magwazaPartiallyTreatedDomestic2020-T2; repeated across both trial rows per SCHEMA convention of restating the shared control."
magwazaPartiallyTreatedDomestic2020,magwazaPartiallyTreatedDomestic2020-T2,CHFM,mineral,Sodium (Na),2496.8,,mg/kg,NR,"Table 3, p.6","Table 3 (p.6): one-way ANOVA, P=0.001, LSD=0.069, CV%=16.6. Leaves harvested at 106 DAT (end of trial). Paper gives no SD/dispersion for this table. Recorded as the paired control (CHFM) for magwazaPartiallyTreatedDomestic2020-T2; repeated across both trial rows per SCHEMA convention of restating the shared control. WARN-MINOR: no significance letters printed for Na despite P=0.001; LSD printed (0.069) implausibly small; Significance recorded NR."
mehdiEvaluatingPerformanceLimitations2026,mehdiEvaluatingPerformanceLimitations2026-T1,AP,mineral,Phosphorus (P),8961.5,236.4,UNCLEAR,b,"Table 4, p.9 ('Plant Nutrient Accumulation')","WARN-CHECK unit not explicitly stated for this Table 4 row. Table 4's caption and column header give no unit for the 'Plant Nutrient Accumulation' block (unlike Table 2's batch-test rates, explicitly mg/L.d-1.plant-1). Recorded as UNCLEAR rather than assumed; mg/kg DW would be the standard ICP-OES tissue-nutrient convention consistent with Methods 2.3, but this is not confirmed in text. WARN-CHECK tissue basis unclear. Methods 2.3 (p.5): 'The roots and leaves were separated...dried...The dried root and leaf samples were crushed to a 40 mesh size for further macro- and micronutrient...analysis'. Table 4 gives only one value per nutrient per system, not separate root/leaf figures. Not stated whether root and leaf tissue were combined into one composite sample before digestion, or whether this figure represents only one fraction (e.g. leaf). Recorded as reported; basis not assumed."
mehdiEvaluatingPerformanceLimitations2026,mehdiEvaluatingPerformanceLimitations2026-T1,HYD,mineral,Phosphorus (P),11346.2,395.6,UNCLEAR,a,"Table 4, p.9 ('Plant Nutrient Accumulation')","WARN-CHECK unit not explicitly stated for this Table 4 row. Table 4's caption and column header give no unit for the 'Plant Nutrient Accumulation' block (unlike Table 2's batch-test rates, explicitly mg/L.d-1.plant-1). Recorded as UNCLEAR rather than assumed; mg/kg DW would be the standard ICP-OES tissue-nutrient convention consistent with Methods 2.3, but this is not confirmed in text. WARN-CHECK tissue basis unclear. Methods 2.3 (p.5): 'The roots and leaves were separated...dried...The dried root and leaf samples were crushed to a 40 mesh size for further macro- and micronutrient...analysis'. Table 4 gives only one value per nutrient per system, not separate root/leaf figures. Not stated whether root and leaf tissue were combined into one composite sample before digestion, or whether this figure represents only one fraction (e.g. leaf). Recorded as reported; basis not assumed."
mehdiEvaluatingPerformanceLimitations2026,mehdiEvaluatingPerformanceLimitations2026-T1,AP,mineral,Potassium (K),16517.7,586.8,UNCLEAR,b,"Table 4, p.9 ('Plant Nutrient Accumulation')","WARN-CHECK unit not explicitly stated for this Table 4 row. Table 4's caption and column header give no unit for the 'Plant Nutrient Accumulation' block (unlike Table 2's batch-test rates, explicitly mg/L.d-1.plant-1). Recorded as UNCLEAR rather than assumed; mg/kg DW would be the standard ICP-OES tissue-nutrient convention consistent with Methods 2.3, but this is not confirmed in text. WARN-CHECK tissue basis unclear. Methods 2.3 (p.5): 'The roots and leaves were separated...dried...The dried root and leaf samples were crushed to a 40 mesh size for further macro- and micronutrient...analysis'. Table 4 gives only one value per nutrient per system, not separate root/leaf figures. Not stated whether root and leaf tissue were combined into one composite sample before digestion, or whether this figure represents only one fraction (e.g. leaf). Recorded as reported; basis not assumed."
mehdiEvaluatingPerformanceLimitations2026,mehdiEvaluatingPerformanceLimitations2026-T1,HYD,mineral,Potassium (K),19161.1,791.3,UNCLEAR,a,"Table 4, p.9 ('Plant Nutrient Accumulation')","WARN-CHECK unit not explicitly stated for this Table 4 row. Table 4's caption and column header give no unit for the 'Plant Nutrient Accumulation' block (unlike Table 2's batch-test rates, explicitly mg/L.d-1.plant-1). Recorded as UNCLEAR rather than assumed; mg/kg DW would be the standard ICP-OES tissue-nutrient convention consistent with Methods 2.3, but this is not confirmed in text. WARN-CHECK tissue basis unclear. Methods 2.3 (p.5): 'The roots and leaves were separated...dried...The dried root and leaf samples were crushed to a 40 mesh size for further macro- and micronutrient...analysis'. Table 4 gives only one value per nutrient per system, not separate root/leaf figures. Not stated whether root and leaf tissue were combined into one composite sample before digestion, or whether this figure represents only one fraction (e.g. leaf). Recorded as reported; basis not assumed."
mehdiEvaluatingPerformanceLimitations2026,mehdiEvaluatingPerformanceLimitations2026-T1,AP,mineral,Iron (Fe),301.1,11.8,UNCLEAR,a,"Table 4, p.9 ('Plant Nutrient Accumulation')","WARN-CHECK unit not explicitly stated for this Table 4 row. Table 4's caption and column header give no unit for the 'Plant Nutrient Accumulation' block (unlike Table 2's batch-test rates, explicitly mg/L.d-1.plant-1). Recorded as UNCLEAR rather than assumed; mg/kg DW would be the standard ICP-OES tissue-nutrient convention consistent with Methods 2.3, but this is not confirmed in text. WARN-CHECK tissue basis unclear. Methods 2.3 (p.5): 'The roots and leaves were separated...dried...The dried root and leaf samples were crushed to a 40 mesh size for further macro- and micronutrient...analysis'. Table 4 gives only one value per nutrient per system, not separate root/leaf figures. Not stated whether root and leaf tissue were combined into one composite sample before digestion, or whether this figure represents only one fraction (e.g. leaf). Recorded as reported; basis not assumed. AP > HP for Fe -- paper attributes this to the corrective iron supplementation in week 2 (see trials.csv Iron supplementedDetails), not an intrinsic AP nutrient advantage."
mehdiEvaluatingPerformanceLimitations2026,mehdiEvaluatingPerformanceLimitations2026-T1,HYD,mineral,Iron (Fe),232.6,8.4,UNCLEAR,b,"Table 4, p.9 ('Plant Nutrient Accumulation')","WARN-CHECK unit not explicitly stated for this Table 4 row. Table 4's caption and column header give no unit for the 'Plant Nutrient Accumulation' block (unlike Table 2's batch-test rates, explicitly mg/L.d-1.plant-1). Recorded as UNCLEAR rather than assumed; mg/kg DW would be the standard ICP-OES tissue-nutrient convention consistent with Methods 2.3, but this is not confirmed in text. WARN-CHECK tissue basis unclear. Methods 2.3 (p.5): 'The roots and leaves were separated...dried...The dried root and leaf samples were crushed to a 40 mesh size for further macro- and micronutrient...analysis'. Table 4 gives only one value per nutrient per system, not separate root/leaf figures. Not stated whether root and leaf tissue were combined into one composite sample before digestion, or whether this figure represents only one fraction (e.g. leaf). Recorded as reported; basis not assumed."
mehdiEvaluatingPerformanceLimitations2026,mehdiEvaluatingPerformanceLimitations2026-T1,AP,mineral,Magnesium (Mg),3009.3,125.8,UNCLEAR,a,"Table 4, p.9 ('Plant Nutrient Accumulation')","WARN-CHECK unit not explicitly stated for this Table 4 row. Table 4's caption and column header give no unit for the 'Plant Nutrient Accumulation' block (unlike Table 2's batch-test rates, explicitly mg/L.d-1.plant-1). Recorded as UNCLEAR rather than assumed; mg/kg DW would be the standard ICP-OES tissue-nutrient convention consistent with Methods 2.3, but this is not confirmed in text. WARN-CHECK tissue basis unclear. Methods 2.3 (p.5): 'The roots and leaves were separated...dried...The dried root and leaf samples were crushed to a 40 mesh size for further macro- and micronutrient...analysis'. Table 4 gives only one value per nutrient per system, not separate root/leaf figures. Not stated whether root and leaf tissue were combined into one composite sample before digestion, or whether this figure represents only one fraction (e.g. leaf). Recorded as reported; basis not assumed."
mehdiEvaluatingPerformanceLimitations2026,mehdiEvaluatingPerformanceLimitations2026-T1,HYD,mineral,Magnesium (Mg),2115.7,77.5,UNCLEAR,b,"Table 4, p.9 ('Plant Nutrient Accumulation')","WARN-CHECK unit not explicitly stated for this Table 4 row. Table 4's caption and column header give no unit for the 'Plant Nutrient Accumulation' block (unlike Table 2's batch-test rates, explicitly mg/L.d-1.plant-1). Recorded as UNCLEAR rather than assumed; mg/kg DW would be the standard ICP-OES tissue-nutrient convention consistent with Methods 2.3, but this is not confirmed in text. WARN-CHECK tissue basis unclear. Methods 2.3 (p.5): 'The roots and leaves were separated...dried...The dried root and leaf samples were crushed to a 40 mesh size for further macro- and micronutrient...analysis'. Table 4 gives only one value per nutrient per system, not separate root/leaf figures. Not stated whether root and leaf tissue were combined into one composite sample before digestion, or whether this figure represents only one fraction (e.g. leaf). Recorded as reported; basis not assumed."
mehdiEvaluatingPerformanceLimitations2026,mehdiEvaluatingPerformanceLimitations2026-T1,AP,mineral,Calcium (Ca),4110.6,160.1,UNCLEAR,a,"Table 4, p.9 ('Plant Nutrient Accumulation')","WARN-CHECK unit not explicitly stated for this Table 4 row. Table 4's caption and column header give no unit for the 'Plant Nutrient Accumulation' block (unlike Table 2's batch-test rates, explicitly mg/L.d-1.plant-1). Recorded as UNCLEAR rather than assumed; mg/kg DW would be the standard ICP-OES tissue-nutrient convention consistent with Methods 2.3, but this is not confirmed in text. WARN-CHECK tissue basis unclear. Methods 2.3 (p.5): 'The roots and leaves were separated...dried...The dried root and leaf samples were crushed to a 40 mesh size for further macro- and micronutrient...analysis'. Table 4 gives only one value per nutrient per system, not separate root/leaf figures. Not stated whether root and leaf tissue were combined into one composite sample before digestion, or whether this figure represents only one fraction (e.g. leaf). Recorded as reported; basis not assumed."
mehdiEvaluatingPerformanceLimitations2026,mehdiEvaluatingPerformanceLimitations2026-T1,HYD,mineral,Calcium (Ca),3285.6,131.0,UNCLEAR,b,"Table 4, p.9 ('Plant Nutrient Accumulation')","WARN-CHECK unit not explicitly stated for this Table 4 row. Table 4's caption and column header give no unit for the 'Plant Nutrient Accumulation' block (unlike Table 2's batch-test rates, explicitly mg/L.d-1.plant-1). Recorded as UNCLEAR rather than assumed; mg/kg DW would be the standard ICP-OES tissue-nutrient convention consistent with Methods 2.3, but this is not confirmed in text. WARN-CHECK tissue basis unclear. Methods 2.3 (p.5): 'The roots and leaves were separated...dried...The dried root and leaf samples were crushed to a 40 mesh size for further macro- and micronutrient...analysis'. Table 4 gives only one value per nutrient per system, not separate root/leaf figures. Not stated whether root and leaf tissue were combined into one composite sample before digestion, or whether this figure represents only one fraction (e.g. leaf). Recorded as reported; basis not assumed."
mendoncaLettuceProductionHydroponic2023,mendoncaLettuceProductionHydroponic2023-T1,AP,mineral,Nitrogen (N),17.9,NR,g/kg dry matter,NR,"Table 2, p.749","26 days after transplanting; EC stabilized at 1.8+/-0.2 dS/m at time of sampling (Table 2 caption, p.749); dry-matter basis per running text p.751."
mendoncaLettuceProductionHydroponic2023,mendoncaLettuceProductionHydroponic2023-T1,HYD,mineral,Nitrogen (N),20.3,NR,g/kg dry matter,NR,"Table 2, p.749","26 days after transplanting; EC stabilized at 1.8+/-0.2 dS/m at time of sampling (Table 2 caption, p.749); dry-matter basis per running text p.751. HS is the paired control shared by both T1 and T2."
mendoncaLettuceProductionHydroponic2023,mendoncaLettuceProductionHydroponic2023-T2,AP,mineral,Nitrogen (N),21.03,NR,g/kg dry matter,NR,"Table 2, p.749","26 days after transplanting; EC stabilized at 1.8+/-0.2 dS/m at time of sampling (Table 2 caption, p.749); dry-matter basis per running text p.751."
mendoncaLettuceProductionHydroponic2023,mendoncaLettuceProductionHydroponic2023-T2,HYD,mineral,Nitrogen (N),20.3,NR,g/kg dry matter,NR,"Table 2, p.749","26 days after transplanting; EC stabilized at 1.8+/-0.2 dS/m at time of sampling (Table 2 caption, p.749); dry-matter basis per running text p.751. HS is the paired control shared by both T1 and T2 (same values as T1's HYD rows)."
mendoncaLettuceProductionHydroponic2023,mendoncaLettuceProductionHydroponic2023-T1,AP,mineral,Phosphorus (P),6.54,NR,g/kg dry matter,NR,"Table 2, p.749","26 days after transplanting; EC stabilized at 1.8+/-0.2 dS/m at time of sampling (Table 2 caption, p.749); dry-matter basis per running text p.751."
mendoncaLettuceProductionHydroponic2023,mendoncaLettuceProductionHydroponic2023-T1,HYD,mineral,Phosphorus (P),7.35,NR,g/kg dry matter,NR,"Table 2, p.749","26 days after transplanting; EC stabilized at 1.8+/-0.2 dS/m at time of sampling (Table 2 caption, p.749); dry-matter basis per running text p.751. HS is the paired control shared by both T1 and T2."
mendoncaLettuceProductionHydroponic2023,mendoncaLettuceProductionHydroponic2023-T2,AP,mineral,Phosphorus (P),5.65,NR,g/kg dry matter,NR,"Table 2, p.749","26 days after transplanting; EC stabilized at 1.8+/-0.2 dS/m at time of sampling (Table 2 caption, p.749); dry-matter basis per running text p.751."
mendoncaLettuceProductionHydroponic2023,mendoncaLettuceProductionHydroponic2023-T2,HYD,mineral,Phosphorus (P),7.35,NR,g/kg dry matter,NR,"Table 2, p.749","26 days after transplanting; EC stabilized at 1.8+/-0.2 dS/m at time of sampling (Table 2 caption, p.749); dry-matter basis per running text p.751. HS is the paired control shared by both T1 and T2 (same values as T1's HYD rows)."
mendoncaLettuceProductionHydroponic2023,mendoncaLettuceProductionHydroponic2023-T1,AP,mineral,Potassium (K),58.1,NR,g/kg dry matter,NR,"Table 2, p.749","26 days after transplanting; EC stabilized at 1.8+/-0.2 dS/m at time of sampling (Table 2 caption, p.749); dry-matter basis per running text p.751."
mendoncaLettuceProductionHydroponic2023,mendoncaLettuceProductionHydroponic2023-T1,HYD,mineral,Potassium (K),59.1,NR,g/kg dry matter,NR,"Table 2, p.749","26 days after transplanting; EC stabilized at 1.8+/-0.2 dS/m at time of sampling (Table 2 caption, p.749); dry-matter basis per running text p.751. HS is the paired control shared by both T1 and T2."
mendoncaLettuceProductionHydroponic2023,mendoncaLettuceProductionHydroponic2023-T2,AP,mineral,Potassium (K),67.3,NR,g/kg dry matter,NR,"Table 2, p.749","26 days after transplanting; EC stabilized at 1.8+/-0.2 dS/m at time of sampling (Table 2 caption, p.749); dry-matter basis per running text p.751."
mendoncaLettuceProductionHydroponic2023,mendoncaLettuceProductionHydroponic2023-T2,HYD,mineral,Potassium (K),59.1,NR,g/kg dry matter,NR,"Table 2, p.749","26 days after transplanting; EC stabilized at 1.8+/-0.2 dS/m at time of sampling (Table 2 caption, p.749); dry-matter basis per running text p.751. HS is the paired control shared by both T1 and T2 (same values as T1's HYD rows)."
mendoncaLettuceProductionHydroponic2023,mendoncaLettuceProductionHydroponic2023-T1,AP,mineral,Calcium (Ca),17.3,NR,g/kg dry matter,NR,"Table 2, p.749","26 days after transplanting; EC stabilized at 1.8+/-0.2 dS/m at time of sampling (Table 2 caption, p.749); dry-matter basis per running text p.751."
mendoncaLettuceProductionHydroponic2023,mendoncaLettuceProductionHydroponic2023-T1,HYD,mineral,Calcium (Ca),18.05,NR,g/kg dry matter,NR,"Table 2, p.749","26 days after transplanting; EC stabilized at 1.8+/-0.2 dS/m at time of sampling (Table 2 caption, p.749); dry-matter basis per running text p.751. HS is the paired control shared by both T1 and T2."
mendoncaLettuceProductionHydroponic2023,mendoncaLettuceProductionHydroponic2023-T2,AP,mineral,Calcium (Ca),14.9,NR,g/kg dry matter,NR,"Table 2, p.749","26 days after transplanting; EC stabilized at 1.8+/-0.2 dS/m at time of sampling (Table 2 caption, p.749); dry-matter basis per running text p.751."
mendoncaLettuceProductionHydroponic2023,mendoncaLettuceProductionHydroponic2023-T2,HYD,mineral,Calcium (Ca),18.05,NR,g/kg dry matter,NR,"Table 2, p.749","26 days after transplanting; EC stabilized at 1.8+/-0.2 dS/m at time of sampling (Table 2 caption, p.749); dry-matter basis per running text p.751. HS is the paired control shared by both T1 and T2 (same values as T1's HYD rows)."
mendoncaLettuceProductionHydroponic2023,mendoncaLettuceProductionHydroponic2023-T1,AP,mineral,Magnesium (Mg),8.2,NR,g/kg dry matter,NR,"Table 2, p.749","26 days after transplanting; EC stabilized at 1.8+/-0.2 dS/m at time of sampling (Table 2 caption, p.749); dry-matter basis per running text p.751."
mendoncaLettuceProductionHydroponic2023,mendoncaLettuceProductionHydroponic2023-T1,HYD,mineral,Magnesium (Mg),7.5,NR,g/kg dry matter,NR,"Table 2, p.749","26 days after transplanting; EC stabilized at 1.8+/-0.2 dS/m at time of sampling (Table 2 caption, p.749); dry-matter basis per running text p.751. HS is the paired control shared by both T1 and T2."
mendoncaLettuceProductionHydroponic2023,mendoncaLettuceProductionHydroponic2023-T2,AP,mineral,Magnesium (Mg),6.9,NR,g/kg dry matter,NR,"Table 2, p.749","26 days after transplanting; EC stabilized at 1.8+/-0.2 dS/m at time of sampling (Table 2 caption, p.749); dry-matter basis per running text p.751."
mendoncaLettuceProductionHydroponic2023,mendoncaLettuceProductionHydroponic2023-T2,HYD,mineral,Magnesium (Mg),7.5,NR,g/kg dry matter,NR,"Table 2, p.749","26 days after transplanting; EC stabilized at 1.8+/-0.2 dS/m at time of sampling (Table 2 caption, p.749); dry-matter basis per running text p.751. HS is the paired control shared by both T1 and T2 (same values as T1's HYD rows)."
mendoncaLettuceProductionHydroponic2023,mendoncaLettuceProductionHydroponic2023-T1,AP,mineral,Sulfur (S),2.12,NR,g/kg dry matter,NR,"Table 2, p.749","26 days after transplanting; EC stabilized at 1.8+/-0.2 dS/m at time of sampling (Table 2 caption, p.749); dry-matter basis per running text p.751."
mendoncaLettuceProductionHydroponic2023,mendoncaLettuceProductionHydroponic2023-T1,HYD,mineral,Sulfur (S),3.11,NR,g/kg dry matter,NR,"Table 2, p.749","26 days after transplanting; EC stabilized at 1.8+/-0.2 dS/m at time of sampling (Table 2 caption, p.749); dry-matter basis per running text p.751. HS is the paired control shared by both T1 and T2."
mendoncaLettuceProductionHydroponic2023,mendoncaLettuceProductionHydroponic2023-T2,AP,mineral,Sulfur (S),2.81,NR,g/kg dry matter,NR,"Table 2, p.749","26 days after transplanting; EC stabilized at 1.8+/-0.2 dS/m at time of sampling (Table 2 caption, p.749); dry-matter basis per running text p.751."
mendoncaLettuceProductionHydroponic2023,mendoncaLettuceProductionHydroponic2023-T2,HYD,mineral,Sulfur (S),3.11,NR,g/kg dry matter,NR,"Table 2, p.749","26 days after transplanting; EC stabilized at 1.8+/-0.2 dS/m at time of sampling (Table 2 caption, p.749); dry-matter basis per running text p.751. HS is the paired control shared by both T1 and T2 (same values as T1's HYD rows)."
mendoncaLettuceProductionHydroponic2023,mendoncaLettuceProductionHydroponic2023-T1,AP,mineral,Copper (Cu),47.6,NR,mg/kg dry matter,NR,"Table 2, p.749","26 days after transplanting; EC stabilized at 1.8+/-0.2 dS/m at time of sampling (Table 2 caption, p.749); dry-matter basis per running text p.751."
mendoncaLettuceProductionHydroponic2023,mendoncaLettuceProductionHydroponic2023-T1,HYD,mineral,Copper (Cu),44.3,NR,mg/kg dry matter,NR,"Table 2, p.749","26 days after transplanting; EC stabilized at 1.8+/-0.2 dS/m at time of sampling (Table 2 caption, p.749); dry-matter basis per running text p.751. HS is the paired control shared by both T1 and T2."
mendoncaLettuceProductionHydroponic2023,mendoncaLettuceProductionHydroponic2023-T2,AP,mineral,Copper (Cu),44.8,NR,mg/kg dry matter,NR,"Table 2, p.749","26 days after transplanting; EC stabilized at 1.8+/-0.2 dS/m at time of sampling (Table 2 caption, p.749); dry-matter basis per running text p.751."
mendoncaLettuceProductionHydroponic2023,mendoncaLettuceProductionHydroponic2023-T2,HYD,mineral,Copper (Cu),44.3,NR,mg/kg dry matter,NR,"Table 2, p.749","26 days after transplanting; EC stabilized at 1.8+/-0.2 dS/m at time of sampling (Table 2 caption, p.749); dry-matter basis per running text p.751. HS is the paired control shared by both T1 and T2 (same values as T1's HYD rows)."
mendoncaLettuceProductionHydroponic2023,mendoncaLettuceProductionHydroponic2023-T1,AP,mineral,Iron (Fe),1284.0,NR,mg/kg dry matter,NR,"Table 2, p.749","26 days after transplanting; EC stabilized at 1.8+/-0.2 dS/m at time of sampling (Table 2 caption, p.749); dry-matter basis per running text p.751. Value far above typical lettuce leaf sufficiency range (~50-300 mg/kg DM); paper does not comment on this being elevated -- flagged per schema's out-of-range guidance, not silently accepted."
mendoncaLettuceProductionHydroponic2023,mendoncaLettuceProductionHydroponic2023-T1,HYD,mineral,Iron (Fe),1168.0,NR,mg/kg dry matter,NR,"Table 2, p.749","26 days after transplanting; EC stabilized at 1.8+/-0.2 dS/m at time of sampling (Table 2 caption, p.749); dry-matter basis per running text p.751. Value far above typical lettuce leaf sufficiency range (~50-300 mg/kg DM); paper does not comment on this being elevated -- flagged per schema's out-of-range guidance, not silently accepted. HS is the paired control shared by both T1 and T2."
mendoncaLettuceProductionHydroponic2023,mendoncaLettuceProductionHydroponic2023-T2,AP,mineral,Iron (Fe),1498.0,NR,mg/kg dry matter,NR,"Table 2, p.749","26 days after transplanting; EC stabilized at 1.8+/-0.2 dS/m at time of sampling (Table 2 caption, p.749); dry-matter basis per running text p.751. Value far above typical lettuce leaf sufficiency range (~50-300 mg/kg DM); paper does not comment on this being elevated -- flagged per schema's out-of-range guidance, not silently accepted."
mendoncaLettuceProductionHydroponic2023,mendoncaLettuceProductionHydroponic2023-T2,HYD,mineral,Iron (Fe),1168.0,NR,mg/kg dry matter,NR,"Table 2, p.749","26 days after transplanting; EC stabilized at 1.8+/-0.2 dS/m at time of sampling (Table 2 caption, p.749); dry-matter basis per running text p.751. Value far above typical lettuce leaf sufficiency range (~50-300 mg/kg DM); paper does not comment on this being elevated -- flagged per schema's out-of-range guidance, not silently accepted. HS is the paired control shared by both T1 and T2 (same values as T1's HYD rows)."
mendoncaLettuceProductionHydroponic2023,mendoncaLettuceProductionHydroponic2023-T1,AP,mineral,Manganese (Mn),203.0,NR,mg/kg dry matter,NR,"Table 2, p.749","26 days after transplanting; EC stabilized at 1.8+/-0.2 dS/m at time of sampling (Table 2 caption, p.749); dry-matter basis per running text p.751. Value at or somewhat above typical lettuce leaf sufficiency range (~20-200 mg/kg DM)."
mendoncaLettuceProductionHydroponic2023,mendoncaLettuceProductionHydroponic2023-T1,HYD,mineral,Manganese (Mn),141.0,NR,mg/kg dry matter,NR,"Table 2, p.749","26 days after transplanting; EC stabilized at 1.8+/-0.2 dS/m at time of sampling (Table 2 caption, p.749); dry-matter basis per running text p.751. Value at or somewhat above typical lettuce leaf sufficiency range (~20-200 mg/kg DM). HS is the paired control shared by both T1 and T2."
mendoncaLettuceProductionHydroponic2023,mendoncaLettuceProductionHydroponic2023-T2,AP,mineral,Manganese (Mn),162.0,NR,mg/kg dry matter,NR,"Table 2, p.749","26 days after transplanting; EC stabilized at 1.8+/-0.2 dS/m at time of sampling (Table 2 caption, p.749); dry-matter basis per running text p.751. Value at or somewhat above typical lettuce leaf sufficiency range (~20-200 mg/kg DM)."
mendoncaLettuceProductionHydroponic2023,mendoncaLettuceProductionHydroponic2023-T2,HYD,mineral,Manganese (Mn),141.0,NR,mg/kg dry matter,NR,"Table 2, p.749","26 days after transplanting; EC stabilized at 1.8+/-0.2 dS/m at time of sampling (Table 2 caption, p.749); dry-matter basis per running text p.751. Value at or somewhat above typical lettuce leaf sufficiency range (~20-200 mg/kg DM). HS is the paired control shared by both T1 and T2 (same values as T1's HYD rows)."
mendoncaLettuceProductionHydroponic2023,mendoncaLettuceProductionHydroponic2023-T1,AP,mineral,Zinc (Zn),235.0,NR,mg/kg dry matter,NR,"Table 2, p.749","26 days after transplanting; EC stabilized at 1.8+/-0.2 dS/m at time of sampling (Table 2 caption, p.749); dry-matter basis per running text p.751."
mendoncaLettuceProductionHydroponic2023,mendoncaLettuceProductionHydroponic2023-T1,HYD,mineral,Zinc (Zn),301.0,NR,mg/kg dry matter,NR,"Table 2, p.749","26 days after transplanting; EC stabilized at 1.8+/-0.2 dS/m at time of sampling (Table 2 caption, p.749); dry-matter basis per running text p.751. HS is the paired control shared by both T1 and T2."
mendoncaLettuceProductionHydroponic2023,mendoncaLettuceProductionHydroponic2023-T2,AP,mineral,Zinc (Zn),267.0,NR,mg/kg dry matter,NR,"Table 2, p.749","26 days after transplanting; EC stabilized at 1.8+/-0.2 dS/m at time of sampling (Table 2 caption, p.749); dry-matter basis per running text p.751."
mendoncaLettuceProductionHydroponic2023,mendoncaLettuceProductionHydroponic2023-T2,HYD,mineral,Zinc (Zn),301.0,NR,mg/kg dry matter,NR,"Table 2, p.749","26 days after transplanting; EC stabilized at 1.8+/-0.2 dS/m at time of sampling (Table 2 caption, p.749); dry-matter basis per running text p.751. HS is the paired control shared by both T1 and T2 (same values as T1's HYD rows)."
modarelliHydroponicAquaponicFloating2023,modarelliHydroponicAquaponicFloating2023-T1,HYD,mineral,Phosphorus (P),4.33,0.42,g/kg d.w.,a,Table 3,
modarelliHydroponicAquaponicFloating2023,modarelliHydroponicAquaponicFloating2023-T2,HYD,mineral,Phosphorus (P),3.47,0.37,g/kg d.w.,ab,Table 3,
modarelliHydroponicAquaponicFloating2023,modarelliHydroponicAquaponicFloating2023-T1,AQ,mineral,Phosphorus (P),3.94,0.22,g/kg d.w.,ab,Table 3,
modarelliHydroponicAquaponicFloating2023,modarelliHydroponicAquaponicFloating2023-T2,AQ,mineral,Phosphorus (P),2.54,0.29,g/kg d.w.,b,Table 3,
modarelliHydroponicAquaponicFloating2023,modarelliHydroponicAquaponicFloating2023-T1,HYD,mineral,Potassium (K),72.06,3.22,g/kg d.w.,ab,Table 3,
modarelliHydroponicAquaponicFloating2023,modarelliHydroponicAquaponicFloating2023-T2,HYD,mineral,Potassium (K),85.79,4.7,g/kg d.w.,a,Table 3,
modarelliHydroponicAquaponicFloating2023,modarelliHydroponicAquaponicFloating2023-T1,AQ,mineral,Potassium (K),57.57,3.65,g/kg d.w.,bc,Table 3,
modarelliHydroponicAquaponicFloating2023,modarelliHydroponicAquaponicFloating2023-T2,AQ,mineral,Potassium (K),54.24,1.66,g/kg d.w.,c,Table 3,
modarelliHydroponicAquaponicFloating2023,modarelliHydroponicAquaponicFloating2023-T1,HYD,mineral,Sulphate (S),0.77,0.05,g/kg d.w.,b,Table 3,
modarelliHydroponicAquaponicFloating2023,modarelliHydroponicAquaponicFloating2023-T2,HYD,mineral,Sulphate (S),0.96,0.1,g/kg d.w.,b,Table 3,
modarelliHydroponicAquaponicFloating2023,modarelliHydroponicAquaponicFloating2023-T1,AQ,mineral,Sulphate (S),1.32,0.04,g/kg d.w.,a,Table 3,
modarelliHydroponicAquaponicFloating2023,modarelliHydroponicAquaponicFloating2023-T2,AQ,mineral,Sulphate (S),0.73,0.05,g/kg d.w.,b,Table 3,
modarelliHydroponicAquaponicFloating2023,modarelliHydroponicAquaponicFloating2023-T1,HYD,mineral,Calcium (Ca),7.64,0.41,g/kg d.w.,b,Table 3,
modarelliHydroponicAquaponicFloating2023,modarelliHydroponicAquaponicFloating2023-T2,HYD,mineral,Calcium (Ca),15.59,1.27,g/kg d.w.,a,Table 3,
modarelliHydroponicAquaponicFloating2023,modarelliHydroponicAquaponicFloating2023-T1,AQ,mineral,Calcium (Ca),16.5,0.71,g/kg d.w.,a,Table 3,
modarelliHydroponicAquaponicFloating2023,modarelliHydroponicAquaponicFloating2023-T2,AQ,mineral,Calcium (Ca),15.13,0.15,g/kg d.w.,a,Table 3,
modarelliHydroponicAquaponicFloating2023,modarelliHydroponicAquaponicFloating2023-T1,HYD,mineral,Magnesium (Mg),2.26,0.1,g/kg d.w.,b,Table 3,
modarelliHydroponicAquaponicFloating2023,modarelliHydroponicAquaponicFloating2023-T2,HYD,mineral,Magnesium (Mg),3.21,0.16,g/kg d.w.,b,Table 3,
modarelliHydroponicAquaponicFloating2023,modarelliHydroponicAquaponicFloating2023-T1,AQ,mineral,Magnesium (Mg),6.09,0.32,g/kg d.w.,a,Table 3,
modarelliHydroponicAquaponicFloating2023,modarelliHydroponicAquaponicFloating2023-T2,AQ,mineral,Magnesium (Mg),5.3,0.22,g/kg d.w.,a,Table 3,
modarelliHydroponicAquaponicFloating2023,modarelliHydroponicAquaponicFloating2023-T1,HYD,mineral,Ammonium (NH4),0.39,0.01,g/kg d.w.,c,Table 3,
modarelliHydroponicAquaponicFloating2023,modarelliHydroponicAquaponicFloating2023-T2,HYD,mineral,Ammonium (NH4),0.94,0.02,g/kg d.w.,a,Table 3,
modarelliHydroponicAquaponicFloating2023,modarelliHydroponicAquaponicFloating2023-T1,AQ,mineral,Ammonium (NH4),0.34,0.01,g/kg d.w.,c,Table 3,
modarelliHydroponicAquaponicFloating2023,modarelliHydroponicAquaponicFloating2023-T2,AQ,mineral,Ammonium (NH4),0.57,0.04,g/kg d.w.,b,Table 3,
modarelliHydroponicAquaponicFloating2023,modarelliHydroponicAquaponicFloating2023-T1,HYD,mineral,Sodium (Na),0.52,0.11,g/kg d.w.,"No Tukey letters reported for Na. ANOVA: System p=0.132 ns, Cut p=0.079 ns, System x Cut p=0.592 ns",Table 3,
modarelliHydroponicAquaponicFloating2023,modarelliHydroponicAquaponicFloating2023-T2,HYD,mineral,Sodium (Na),0.8,0.14,g/kg d.w.,"No Tukey letters reported for Na. ANOVA: System p=0.132 ns, Cut p=0.079 ns, System x Cut p=0.592 ns",Table 3,
modarelliHydroponicAquaponicFloating2023,modarelliHydroponicAquaponicFloating2023-T1,AQ,mineral,Sodium (Na),0.4,0.09,g/kg d.w.,"No Tukey letters reported for Na. ANOVA: System p=0.132 ns, Cut p=0.079 ns, System x Cut p=0.592 ns",Table 3,
modarelliHydroponicAquaponicFloating2023,modarelliHydroponicAquaponicFloating2023-T2,AQ,mineral,Sodium (Na),0.56,0.08,g/kg d.w.,"No Tukey letters reported for Na. ANOVA: System p=0.132 ns, Cut p=0.079 ns, System x Cut p=0.592 ns",Table 3,
modarelliHydroponicAquaponicFloating2023,modarelliHydroponicAquaponicFloating2023-T1,HYD,mineral,Chloride (Cl),6.07,1.07,g/kg d.w.,"No Tukey letters reported for Cl. ANOVA: System p=0.013 ns, Cut p=0.00**, System x Cut p=0.2 ns",Table 3,
modarelliHydroponicAquaponicFloating2023,modarelliHydroponicAquaponicFloating2023-T2,HYD,mineral,Chloride (Cl),14.36,1.75,g/kg d.w.,"No Tukey letters reported for Cl. ANOVA: System p=0.013 ns, Cut p=0.00**, System x Cut p=0.2 ns",Table 3,
modarelliHydroponicAquaponicFloating2023,modarelliHydroponicAquaponicFloating2023-T1,AQ,mineral,Chloride (Cl),4.2,0.38,g/kg d.w.,"No Tukey letters reported for Cl. ANOVA: System p=0.013 ns, Cut p=0.00**, System x Cut p=0.2 ns",Table 3,
modarelliHydroponicAquaponicFloating2023,modarelliHydroponicAquaponicFloating2023-T2,AQ,mineral,Chloride (Cl),9.57,0.19,g/kg d.w.,"No Tukey letters reported for Cl. ANOVA: System p=0.013 ns, Cut p=0.00**, System x Cut p=0.2 ns",Table 3,
modarelliHydroponicAquaponicFloating2023,modarelliHydroponicAquaponicFloating2023-T1,HYD,biochemistry,Chlorophyll a/b ratio,1.35,0.01,ratio,b,Table 4,
modarelliHydroponicAquaponicFloating2023,modarelliHydroponicAquaponicFloating2023-T2,HYD,biochemistry,Chlorophyll a/b ratio,1.82,0.04,ratio,a,Table 4,
modarelliHydroponicAquaponicFloating2023,modarelliHydroponicAquaponicFloating2023-T1,AQ,biochemistry,Chlorophyll a/b ratio,1.78,0.06,ratio,a,Table 4,
modarelliHydroponicAquaponicFloating2023,modarelliHydroponicAquaponicFloating2023-T2,AQ,biochemistry,Chlorophyll a/b ratio,1.74,0.04,ratio,a,Table 4,
modarelliHydroponicAquaponicFloating2023,modarelliHydroponicAquaponicFloating2023-T1,HYD,biochemistry,Total chlorophyll (a+b),1.76,0.04,mg/g FW,a,Table 4,
modarelliHydroponicAquaponicFloating2023,modarelliHydroponicAquaponicFloating2023-T2,HYD,biochemistry,Total chlorophyll (a+b),0.95,0.03,mg/g FW,c,Table 4,
modarelliHydroponicAquaponicFloating2023,modarelliHydroponicAquaponicFloating2023-T1,AQ,biochemistry,Total chlorophyll (a+b),1.25,0.05,mg/g FW,b,Table 4,
modarelliHydroponicAquaponicFloating2023,modarelliHydroponicAquaponicFloating2023-T2,AQ,biochemistry,Total chlorophyll (a+b),1.12,0.1,mg/g FW,bc,Table 4,
modarelliHydroponicAquaponicFloating2023,modarelliHydroponicAquaponicFloating2023-T1,HYD,biochemistry,Total carotenoids,0.22,0.0,mg/g FW,c,Table 4,
modarelliHydroponicAquaponicFloating2023,modarelliHydroponicAquaponicFloating2023-T2,HYD,biochemistry,Total carotenoids,0.25,0.01,mg/g FW,b,Table 4,
modarelliHydroponicAquaponicFloating2023,modarelliHydroponicAquaponicFloating2023-T1,AQ,biochemistry,Total carotenoids,0.29,0.0,mg/g FW,a,Table 4,
modarelliHydroponicAquaponicFloating2023,modarelliHydroponicAquaponicFloating2023-T2,AQ,biochemistry,Total carotenoids,0.27,0.01,mg/g FW,ab,Table 4,
modarelliHydroponicAquaponicFloating2023,modarelliHydroponicAquaponicFloating2023-T1,HYD,biochemistry,SPAD Index,23.13,0.75,SPAD units,a,Table 4,"Paired AQ SPAD value recorded in trials.csv 'SPAD (aquaponics)' column for this trial (19.41 +/- 0.94); included here only for the HYD side, which has no dedicated trials.csv column."
modarelliHydroponicAquaponicFloating2023,modarelliHydroponicAquaponicFloating2023-T2,HYD,biochemistry,SPAD Index,13.11,0.88,SPAD units,c,Table 4,"Paired AQ SPAD value recorded in trials.csv 'SPAD (aquaponics)' column for this trial (15.97 +/- 0.64); included here only for the HYD side, which has no dedicated trials.csv column."
monroeEffectsCrayfishAquaponics2015,monroeEffectsCrayfishAquaponics2015-T1,AP,biochemistry,Chlorophyll index (SPAD),NR,NR,NR,ns,Fig. 5 (p.1),"Value not extractable - shown only as bar height in Figure 5 for romaine, no numeric value stated in text or table. Figure y-axis labeled 'Chlorophyll Index (µg/L)', an atypical unit for a SPAD-502 meter (usually unitless); recorded as stated, not corrected. Significance 'ns' per Abstract p.1: 'no significance between aquaponics and hydroponics occurred for chlorophyll index'."
monroeEffectsCrayfishAquaponics2015,monroeEffectsCrayfishAquaponics2015-T1,HYD,biochemistry,Chlorophyll index (SPAD),NR,NR,NR,ns,Fig. 5 (p.1),"Value not extractable - shown only as bar height in Figure 5 for romaine, no numeric value stated in text or table. See AP row (same trial) for unit/significance notes."
monroeEffectsCrayfishAquaponics2015,monroeEffectsCrayfishAquaponics2015-T2,AP,biochemistry,Chlorophyll index (SPAD),NR,NR,NR,ns,Fig. 5 (p.1),"Value not extractable - shown only as bar height in Figure 5 for green leaf lettuce, no numeric value stated in text or table. Figure y-axis labeled 'Chlorophyll Index (µg/L)', an atypical unit for a SPAD-502 meter (usually unitless); recorded as stated, not corrected. Significance 'ns' per Abstract p.1: 'no significance between aquaponics and hydroponics occurred for chlorophyll index'."
monroeEffectsCrayfishAquaponics2015,monroeEffectsCrayfishAquaponics2015-T2,HYD,biochemistry,Chlorophyll index (SPAD),NR,NR,NR,ns,Fig. 5 (p.1),"Value not extractable - shown only as bar height in Figure 5 for green leaf lettuce, no numeric value stated in text or table. See AP row (same trial) for unit/significance notes."
monseesDecoupledSystemsTrial2017,monseesDecoupledSystemsTrial2017-T1,CAP,mineral,Calcium (Ca) (leaf),30.4,1.9,g/kg DW,NR (no inferential test reported anywhere in this paper),"Table 5, day 63 (interval 07.05.-08.06.15)","n=5 replicate pairs of leaves (5th fully developed leaf), freeze-dried, ICP-OES (Ca/K/Mg/Na/P) + Vario EL (N), Table 5"
monseesDecoupledSystemsTrial2017,monseesDecoupledSystemsTrial2017-T1,CAP,mineral,Potassium (K) (leaf),45.4,1.3,g/kg DW,NR (no inferential test reported anywhere in this paper),"Table 5, day 63 (interval 07.05.-08.06.15)","n=5 replicate pairs of leaves (5th fully developed leaf), freeze-dried, ICP-OES (Ca/K/Mg/Na/P) + Vario EL (N), Table 5"
monseesDecoupledSystemsTrial2017,monseesDecoupledSystemsTrial2017-T1,CAP,mineral,Magnesium (Mg) (leaf),4.4,0.2,g/kg DW,NR (no inferential test reported anywhere in this paper),"Table 5, day 63 (interval 07.05.-08.06.15)","n=5 replicate pairs of leaves (5th fully developed leaf), freeze-dried, ICP-OES (Ca/K/Mg/Na/P) + Vario EL (N), Table 5"
monseesDecoupledSystemsTrial2017,monseesDecoupledSystemsTrial2017-T1,CAP,mineral,Sodium (Na) (leaf),0.3,0.0,g/kg DW,NR (no inferential test reported anywhere in this paper),"Table 5, day 63 (interval 07.05.-08.06.15)","n=5 replicate pairs of leaves (5th fully developed leaf), freeze-dried, ICP-OES (Ca/K/Mg/Na/P) + Vario EL (N), Table 5"
monseesDecoupledSystemsTrial2017,monseesDecoupledSystemsTrial2017-T1,CAP,mineral,Phosphorus (P) (leaf),5.1,0.2,g/kg DW,NR (no inferential test reported anywhere in this paper),"Table 5, day 63 (interval 07.05.-08.06.15)","n=5 replicate pairs of leaves (5th fully developed leaf), freeze-dried, ICP-OES (Ca/K/Mg/Na/P) + Vario EL (N), Table 5"
monseesDecoupledSystemsTrial2017,monseesDecoupledSystemsTrial2017-T1,CAP,mineral,Nitrogen (N) (leaf),3.4,0.1,% DW,NR (no inferential test reported anywhere in this paper),"Table 5, day 63 (interval 07.05.-08.06.15)","n=5 replicate pairs of leaves (5th fully developed leaf), freeze-dried, ICP-OES (Ca/K/Mg/Na/P) + Vario EL (N), Table 5"
monseesDecoupledSystemsTrial2017,monseesDecoupledSystemsTrial2017-T1,CAP,mineral,Calcium (Ca) (leaf),32.4,3.0,g/kg DW,NR (no inferential test reported anywhere in this paper),"Table 5, day 94 (interval 09.06.-09.07.15)","n=5 replicate pairs of leaves (5th fully developed leaf), freeze-dried, ICP-OES (Ca/K/Mg/Na/P) + Vario EL (N), Table 5"
monseesDecoupledSystemsTrial2017,monseesDecoupledSystemsTrial2017-T1,CAP,mineral,Potassium (K) (leaf),40.3,7.3,g/kg DW,NR (no inferential test reported anywhere in this paper),"Table 5, day 94 (interval 09.06.-09.07.15)","n=5 replicate pairs of leaves (5th fully developed leaf), freeze-dried, ICP-OES (Ca/K/Mg/Na/P) + Vario EL (N), Table 5"
monseesDecoupledSystemsTrial2017,monseesDecoupledSystemsTrial2017-T1,CAP,mineral,Magnesium (Mg) (leaf),4.8,0.5,g/kg DW,NR (no inferential test reported anywhere in this paper),"Table 5, day 94 (interval 09.06.-09.07.15)","n=5 replicate pairs of leaves (5th fully developed leaf), freeze-dried, ICP-OES (Ca/K/Mg/Na/P) + Vario EL (N), Table 5"
monseesDecoupledSystemsTrial2017,monseesDecoupledSystemsTrial2017-T1,CAP,mineral,Sodium (Na) (leaf),0.3,0.0,g/kg DW,NR (no inferential test reported anywhere in this paper),"Table 5, day 94 (interval 09.06.-09.07.15)","n=5 replicate pairs of leaves (5th fully developed leaf), freeze-dried, ICP-OES (Ca/K/Mg/Na/P) + Vario EL (N), Table 5"
monseesDecoupledSystemsTrial2017,monseesDecoupledSystemsTrial2017-T1,CAP,mineral,Phosphorus (P) (leaf),4.4,0.3,g/kg DW,NR (no inferential test reported anywhere in this paper),"Table 5, day 94 (interval 09.06.-09.07.15)","n=5 replicate pairs of leaves (5th fully developed leaf), freeze-dried, ICP-OES (Ca/K/Mg/Na/P) + Vario EL (N), Table 5"
monseesDecoupledSystemsTrial2017,monseesDecoupledSystemsTrial2017-T1,CAP,mineral,Nitrogen (N) (leaf),3.0,0.2,% DW,NR (no inferential test reported anywhere in this paper),"Table 5, day 94 (interval 09.06.-09.07.15)","n=5 replicate pairs of leaves (5th fully developed leaf), freeze-dried, ICP-OES (Ca/K/Mg/Na/P) + Vario EL (N), Table 5"
monseesDecoupledSystemsTrial2017,monseesDecoupledSystemsTrial2017-T1,CAP,mineral,Calcium (Ca) (leaf),26.0,2.3,g/kg DW,NR (no inferential test reported anywhere in this paper),"Table 5, day 122 (interval 10.07.-06.08.15)","n=5 replicate pairs of leaves (5th fully developed leaf), freeze-dried, ICP-OES (Ca/K/Mg/Na/P) + Vario EL (N), Table 5"
monseesDecoupledSystemsTrial2017,monseesDecoupledSystemsTrial2017-T1,CAP,mineral,Potassium (K) (leaf),35.3,2.2,g/kg DW,NR (no inferential test reported anywhere in this paper),"Table 5, day 122 (interval 10.07.-06.08.15)","n=5 replicate pairs of leaves (5th fully developed leaf), freeze-dried, ICP-OES (Ca/K/Mg/Na/P) + Vario EL (N), Table 5"
monseesDecoupledSystemsTrial2017,monseesDecoupledSystemsTrial2017-T1,CAP,mineral,Magnesium (Mg) (leaf),3.9,0.2,g/kg DW,NR (no inferential test reported anywhere in this paper),"Table 5, day 122 (interval 10.07.-06.08.15)","n=5 replicate pairs of leaves (5th fully developed leaf), freeze-dried, ICP-OES (Ca/K/Mg/Na/P) + Vario EL (N), Table 5"
monseesDecoupledSystemsTrial2017,monseesDecoupledSystemsTrial2017-T1,CAP,mineral,Sodium (Na) (leaf),0.3,0.0,g/kg DW,NR (no inferential test reported anywhere in this paper),"Table 5, day 122 (interval 10.07.-06.08.15)","n=5 replicate pairs of leaves (5th fully developed leaf), freeze-dried, ICP-OES (Ca/K/Mg/Na/P) + Vario EL (N), Table 5"
monseesDecoupledSystemsTrial2017,monseesDecoupledSystemsTrial2017-T1,CAP,mineral,Phosphorus (P) (leaf),4.7,0.3,g/kg DW,NR (no inferential test reported anywhere in this paper),"Table 5, day 122 (interval 10.07.-06.08.15)","n=5 replicate pairs of leaves (5th fully developed leaf), freeze-dried, ICP-OES (Ca/K/Mg/Na/P) + Vario EL (N), Table 5"
monseesDecoupledSystemsTrial2017,monseesDecoupledSystemsTrial2017-T1,CAP,mineral,Nitrogen (N) (leaf),3.2,0.2,% DW,NR (no inferential test reported anywhere in this paper),"Table 5, day 122 (interval 10.07.-06.08.15)","n=5 replicate pairs of leaves (5th fully developed leaf), freeze-dried, ICP-OES (Ca/K/Mg/Na/P) + Vario EL (N), Table 5"
monseesDecoupledSystemsTrial2017,monseesDecoupledSystemsTrial2017-T1,CAP,mineral,Calcium (Ca) (leaf),34.0,3.6,g/kg DW,NR (no inferential test reported anywhere in this paper),"Table 5, day 154 (interval 07.08.-07.09.15)","n=5 replicate pairs of leaves (5th fully developed leaf), freeze-dried, ICP-OES (Ca/K/Mg/Na/P) + Vario EL (N), Table 5"
monseesDecoupledSystemsTrial2017,monseesDecoupledSystemsTrial2017-T1,CAP,mineral,Potassium (K) (leaf),33.2,3.2,g/kg DW,NR (no inferential test reported anywhere in this paper),"Table 5, day 154 (interval 07.08.-07.09.15)","n=5 replicate pairs of leaves (5th fully developed leaf), freeze-dried, ICP-OES (Ca/K/Mg/Na/P) + Vario EL (N), Table 5"
monseesDecoupledSystemsTrial2017,monseesDecoupledSystemsTrial2017-T1,CAP,mineral,Magnesium (Mg) (leaf),3.8,0.4,g/kg DW,NR (no inferential test reported anywhere in this paper),"Table 5, day 154 (interval 07.08.-07.09.15)","n=5 replicate pairs of leaves (5th fully developed leaf), freeze-dried, ICP-OES (Ca/K/Mg/Na/P) + Vario EL (N), Table 5"
monseesDecoupledSystemsTrial2017,monseesDecoupledSystemsTrial2017-T1,CAP,mineral,Sodium (Na) (leaf),0.4,0.0,g/kg DW,NR (no inferential test reported anywhere in this paper),"Table 5, day 154 (interval 07.08.-07.09.15)","n=5 replicate pairs of leaves (5th fully developed leaf), freeze-dried, ICP-OES (Ca/K/Mg/Na/P) + Vario EL (N), Table 5"
monseesDecoupledSystemsTrial2017,monseesDecoupledSystemsTrial2017-T1,CAP,mineral,Phosphorus (P) (leaf),4.3,0.5,g/kg DW,NR (no inferential test reported anywhere in this paper),"Table 5, day 154 (interval 07.08.-07.09.15)","n=5 replicate pairs of leaves (5th fully developed leaf), freeze-dried, ICP-OES (Ca/K/Mg/Na/P) + Vario EL (N), Table 5"
monseesDecoupledSystemsTrial2017,monseesDecoupledSystemsTrial2017-T1,CAP,mineral,Nitrogen (N) (leaf),2.6,0.3,% DW,NR (no inferential test reported anywhere in this paper),"Table 5, day 154 (interval 07.08.-07.09.15)","n=5 replicate pairs of leaves (5th fully developed leaf), freeze-dried, ICP-OES (Ca/K/Mg/Na/P) + Vario EL (N), Table 5"
monseesDecoupledSystemsTrial2017,monseesDecoupledSystemsTrial2017-T1,CAP,mineral,Calcium (Ca) (fruit),2.2,1.0,g/kg DW,NR (no inferential test reported anywhere in this paper),"Table 5, day 63 (interval 07.05.-08.06.15)","n=5 replicate pairs of fully ripe tomatoes, freeze-dried, ICP-OES (Ca/K/Mg/Na/P) + Vario EL (N), Table 5"
monseesDecoupledSystemsTrial2017,monseesDecoupledSystemsTrial2017-T1,CAP,mineral,Potassium (K) (fruit),47.5,0.2,g/kg DW,NR (no inferential test reported anywhere in this paper),"Table 5, day 63 (interval 07.05.-08.06.15)","n=5 replicate pairs of fully ripe tomatoes, freeze-dried, ICP-OES (Ca/K/Mg/Na/P) + Vario EL (N), Table 5"
monseesDecoupledSystemsTrial2017,monseesDecoupledSystemsTrial2017-T1,CAP,mineral,Magnesium (Mg) (fruit),1.3,0.1,g/kg DW,NR (no inferential test reported anywhere in this paper),"Table 5, day 63 (interval 07.05.-08.06.15)","n=5 replicate pairs of fully ripe tomatoes, freeze-dried, ICP-OES (Ca/K/Mg/Na/P) + Vario EL (N), Table 5"
monseesDecoupledSystemsTrial2017,monseesDecoupledSystemsTrial2017-T1,CAP,mineral,Sodium (Na) (fruit),0.3,0.0,g/kg DW,NR (no inferential test reported anywhere in this paper),"Table 5, day 63 (interval 07.05.-08.06.15)","n=5 replicate pairs of fully ripe tomatoes, freeze-dried, ICP-OES (Ca/K/Mg/Na/P) + Vario EL (N), Table 5"
monseesDecoupledSystemsTrial2017,monseesDecoupledSystemsTrial2017-T1,CAP,mineral,Phosphorus (P) (fruit),4.6,0.2,g/kg DW,NR (no inferential test reported anywhere in this paper),"Table 5, day 63 (interval 07.05.-08.06.15)","n=5 replicate pairs of fully ripe tomatoes, freeze-dried, ICP-OES (Ca/K/Mg/Na/P) + Vario EL (N), Table 5"
monseesDecoupledSystemsTrial2017,monseesDecoupledSystemsTrial2017-T1,CAP,mineral,Nitrogen (N) (fruit),2.0,0.1,% DW,NR (no inferential test reported anywhere in this paper),"Table 5, day 63 (interval 07.05.-08.06.15)","n=5 replicate pairs of fully ripe tomatoes, freeze-dried, ICP-OES (Ca/K/Mg/Na/P) + Vario EL (N), Table 5"
monseesDecoupledSystemsTrial2017,monseesDecoupledSystemsTrial2017-T1,CAP,mineral,Calcium (Ca) (fruit),2.1,0.3,g/kg DW,NR (no inferential test reported anywhere in this paper),"Table 5, day 94 (interval 09.06.-09.07.15)","n=5 replicate pairs of fully ripe tomatoes, freeze-dried, ICP-OES (Ca/K/Mg/Na/P) + Vario EL (N), Table 5"
monseesDecoupledSystemsTrial2017,monseesDecoupledSystemsTrial2017-T1,CAP,mineral,Potassium (K) (fruit),41.6,2.5,g/kg DW,NR (no inferential test reported anywhere in this paper),"Table 5, day 94 (interval 09.06.-09.07.15)","n=5 replicate pairs of fully ripe tomatoes, freeze-dried, ICP-OES (Ca/K/Mg/Na/P) + Vario EL (N), Table 5"
monseesDecoupledSystemsTrial2017,monseesDecoupledSystemsTrial2017-T1,CAP,mineral,Magnesium (Mg) (fruit),1.4,0.1,g/kg DW,NR (no inferential test reported anywhere in this paper),"Table 5, day 94 (interval 09.06.-09.07.15)","n=5 replicate pairs of fully ripe tomatoes, freeze-dried, ICP-OES (Ca/K/Mg/Na/P) + Vario EL (N), Table 5"
monseesDecoupledSystemsTrial2017,monseesDecoupledSystemsTrial2017-T1,CAP,mineral,Sodium (Na) (fruit),0.2,0.0,g/kg DW,NR (no inferential test reported anywhere in this paper),"Table 5, day 94 (interval 09.06.-09.07.15)","n=5 replicate pairs of fully ripe tomatoes, freeze-dried, ICP-OES (Ca/K/Mg/Na/P) + Vario EL (N), Table 5"
monseesDecoupledSystemsTrial2017,monseesDecoupledSystemsTrial2017-T1,CAP,mineral,Phosphorus (P) (fruit),4.3,0.2,g/kg DW,NR (no inferential test reported anywhere in this paper),"Table 5, day 94 (interval 09.06.-09.07.15)","n=5 replicate pairs of fully ripe tomatoes, freeze-dried, ICP-OES (Ca/K/Mg/Na/P) + Vario EL (N), Table 5"
monseesDecoupledSystemsTrial2017,monseesDecoupledSystemsTrial2017-T1,CAP,mineral,Nitrogen (N) (fruit),1.7,0.2,% DW,NR (no inferential test reported anywhere in this paper),"Table 5, day 94 (interval 09.06.-09.07.15)","n=5 replicate pairs of fully ripe tomatoes, freeze-dried, ICP-OES (Ca/K/Mg/Na/P) + Vario EL (N), Table 5"
monseesDecoupledSystemsTrial2017,monseesDecoupledSystemsTrial2017-T1,CAP,mineral,Calcium (Ca) (fruit),1.3,0.3,g/kg DW,NR (no inferential test reported anywhere in this paper),"Table 5, day 122 (interval 10.07.-06.08.15)","n=5 replicate pairs of fully ripe tomatoes, freeze-dried, ICP-OES (Ca/K/Mg/Na/P) + Vario EL (N), Table 5"
monseesDecoupledSystemsTrial2017,monseesDecoupledSystemsTrial2017-T1,CAP,mineral,Potassium (K) (fruit),41.0,1.6,g/kg DW,NR (no inferential test reported anywhere in this paper),"Table 5, day 122 (interval 10.07.-06.08.15)","n=5 replicate pairs of fully ripe tomatoes, freeze-dried, ICP-OES (Ca/K/Mg/Na/P) + Vario EL (N), Table 5"
monseesDecoupledSystemsTrial2017,monseesDecoupledSystemsTrial2017-T1,CAP,mineral,Magnesium (Mg) (fruit),1.5,0.0,g/kg DW,NR (no inferential test reported anywhere in this paper),"Table 5, day 122 (interval 10.07.-06.08.15)","n=5 replicate pairs of fully ripe tomatoes, freeze-dried, ICP-OES (Ca/K/Mg/Na/P) + Vario EL (N), Table 5"
monseesDecoupledSystemsTrial2017,monseesDecoupledSystemsTrial2017-T1,CAP,mineral,Sodium (Na) (fruit),0.3,0.0,g/kg DW,NR (no inferential test reported anywhere in this paper),"Table 5, day 122 (interval 10.07.-06.08.15)","n=5 replicate pairs of fully ripe tomatoes, freeze-dried, ICP-OES (Ca/K/Mg/Na/P) + Vario EL (N), Table 5"
monseesDecoupledSystemsTrial2017,monseesDecoupledSystemsTrial2017-T1,CAP,mineral,Phosphorus (P) (fruit),4.0,0.5,g/kg DW,NR (no inferential test reported anywhere in this paper),"Table 5, day 122 (interval 10.07.-06.08.15)","n=5 replicate pairs of fully ripe tomatoes, freeze-dried, ICP-OES (Ca/K/Mg/Na/P) + Vario EL (N), Table 5"
monseesDecoupledSystemsTrial2017,monseesDecoupledSystemsTrial2017-T1,CAP,mineral,Nitrogen (N) (fruit),2.0,0.2,% DW,NR (no inferential test reported anywhere in this paper),"Table 5, day 122 (interval 10.07.-06.08.15)","n=5 replicate pairs of fully ripe tomatoes, freeze-dried, ICP-OES (Ca/K/Mg/Na/P) + Vario EL (N), Table 5"
monseesDecoupledSystemsTrial2017,monseesDecoupledSystemsTrial2017-T1,CAP,mineral,Calcium (Ca) (fruit),1.1,0.1,g/kg DW,NR (no inferential test reported anywhere in this paper),"Table 5, day 154 (interval 07.08.-07.09.15)","n=5 replicate pairs of fully ripe tomatoes, freeze-dried, ICP-OES (Ca/K/Mg/Na/P) + Vario EL (N), Table 5"
monseesDecoupledSystemsTrial2017,monseesDecoupledSystemsTrial2017-T1,CAP,mineral,Potassium (K) (fruit),42.0,4.4,g/kg DW,NR (no inferential test reported anywhere in this paper),"Table 5, day 154 (interval 07.08.-07.09.15)","n=5 replicate pairs of fully ripe tomatoes, freeze-dried, ICP-OES (Ca/K/Mg/Na/P) + Vario EL (N), Table 5"
monseesDecoupledSystemsTrial2017,monseesDecoupledSystemsTrial2017-T1,CAP,mineral,Magnesium (Mg) (fruit),1.5,0.3,g/kg DW,NR (no inferential test reported anywhere in this paper),"Table 5, day 154 (interval 07.08.-07.09.15)","n=5 replicate pairs of fully ripe tomatoes, freeze-dried, ICP-OES (Ca/K/Mg/Na/P) + Vario EL (N), Table 5"
monseesDecoupledSystemsTrial2017,monseesDecoupledSystemsTrial2017-T1,CAP,mineral,Sodium (Na) (fruit),0.3,0.2,g/kg DW,NR (no inferential test reported anywhere in this paper),"Table 5, day 154 (interval 07.08.-07.09.15)","n=5 replicate pairs of fully ripe tomatoes, freeze-dried, ICP-OES (Ca/K/Mg/Na/P) + Vario EL (N), Table 5"
monseesDecoupledSystemsTrial2017,monseesDecoupledSystemsTrial2017-T1,CAP,mineral,Phosphorus (P) (fruit),4.4,0.3,g/kg DW,NR (no inferential test reported anywhere in this paper),"Table 5, day 154 (interval 07.08.-07.09.15)","n=5 replicate pairs of fully ripe tomatoes, freeze-dried, ICP-OES (Ca/K/Mg/Na/P) + Vario EL (N), Table 5"
monseesDecoupledSystemsTrial2017,monseesDecoupledSystemsTrial2017-T1,CAP,mineral,Nitrogen (N) (fruit),2.0,0.5,% DW,NR (no inferential test reported anywhere in this paper),"Table 5, day 154 (interval 07.08.-07.09.15)","n=5 replicate pairs of fully ripe tomatoes, freeze-dried, ICP-OES (Ca/K/Mg/Na/P) + Vario EL (N), Table 5"
monseesDecoupledSystemsTrial2017,monseesDecoupledSystemsTrial2017-T2,DCAP,mineral,Calcium (Ca) (leaf),26.7,4.3,g/kg DW,NR (no inferential test reported anywhere in this paper),"Table 5, day 63 (interval 07.05.-08.06.15)","n=5 replicate pairs of leaves (5th fully developed leaf), freeze-dried, ICP-OES (Ca/K/Mg/Na/P) + Vario EL (N), Table 5"
monseesDecoupledSystemsTrial2017,monseesDecoupledSystemsTrial2017-T2,DCAP,mineral,Potassium (K) (leaf),39.9,2.4,g/kg DW,NR (no inferential test reported anywhere in this paper),"Table 5, day 63 (interval 07.05.-08.06.15)","n=5 replicate pairs of leaves (5th fully developed leaf), freeze-dried, ICP-OES (Ca/K/Mg/Na/P) + Vario EL (N), Table 5"
monseesDecoupledSystemsTrial2017,monseesDecoupledSystemsTrial2017-T2,DCAP,mineral,Magnesium (Mg) (leaf),3.9,0.2,g/kg DW,NR (no inferential test reported anywhere in this paper),"Table 5, day 63 (interval 07.05.-08.06.15)","n=5 replicate pairs of leaves (5th fully developed leaf), freeze-dried, ICP-OES (Ca/K/Mg/Na/P) + Vario EL (N), Table 5"
monseesDecoupledSystemsTrial2017,monseesDecoupledSystemsTrial2017-T2,DCAP,mineral,Sodium (Na) (leaf),1.1,0.1,g/kg DW,NR (no inferential test reported anywhere in this paper),"Table 5, day 63 (interval 07.05.-08.06.15)","n=5 replicate pairs of leaves (5th fully developed leaf), freeze-dried, ICP-OES (Ca/K/Mg/Na/P) + Vario EL (N), Table 5"
monseesDecoupledSystemsTrial2017,monseesDecoupledSystemsTrial2017-T2,DCAP,mineral,Phosphorus (P) (leaf),2.7,0.1,g/kg DW,NR (no inferential test reported anywhere in this paper),"Table 5, day 63 (interval 07.05.-08.06.15)","n=5 replicate pairs of leaves (5th fully developed leaf), freeze-dried, ICP-OES (Ca/K/Mg/Na/P) + Vario EL (N), Table 5"
monseesDecoupledSystemsTrial2017,monseesDecoupledSystemsTrial2017-T2,DCAP,mineral,Nitrogen (N) (leaf),3.9,0.1,% DW,NR (no inferential test reported anywhere in this paper),"Table 5, day 63 (interval 07.05.-08.06.15)","n=5 replicate pairs of leaves (5th fully developed leaf), freeze-dried, ICP-OES (Ca/K/Mg/Na/P) + Vario EL (N), Table 5"
monseesDecoupledSystemsTrial2017,monseesDecoupledSystemsTrial2017-T2,DCAP,mineral,Calcium (Ca) (leaf),23.1,3.3,g/kg DW,NR (no inferential test reported anywhere in this paper),"Table 5, day 94 (interval 09.06.-09.07.15)","n=5 replicate pairs of leaves (5th fully developed leaf), freeze-dried, ICP-OES (Ca/K/Mg/Na/P) + Vario EL (N), Table 5"
monseesDecoupledSystemsTrial2017,monseesDecoupledSystemsTrial2017-T2,DCAP,mineral,Potassium (K) (leaf),46.0,0.9,g/kg DW,NR (no inferential test reported anywhere in this paper),"Table 5, day 94 (interval 09.06.-09.07.15)","n=5 replicate pairs of leaves (5th fully developed leaf), freeze-dried, ICP-OES (Ca/K/Mg/Na/P) + Vario EL (N), Table 5"
monseesDecoupledSystemsTrial2017,monseesDecoupledSystemsTrial2017-T2,DCAP,mineral,Magnesium (Mg) (leaf),3.2,0.3,g/kg DW,NR (no inferential test reported anywhere in this paper),"Table 5, day 94 (interval 09.06.-09.07.15)","n=5 replicate pairs of leaves (5th fully developed leaf), freeze-dried, ICP-OES (Ca/K/Mg/Na/P) + Vario EL (N), Table 5"
monseesDecoupledSystemsTrial2017,monseesDecoupledSystemsTrial2017-T2,DCAP,mineral,Sodium (Na) (leaf),1.3,0.1,g/kg DW,NR (no inferential test reported anywhere in this paper),"Table 5, day 94 (interval 09.06.-09.07.15)","n=5 replicate pairs of leaves (5th fully developed leaf), freeze-dried, ICP-OES (Ca/K/Mg/Na/P) + Vario EL (N), Table 5"
monseesDecoupledSystemsTrial2017,monseesDecoupledSystemsTrial2017-T2,DCAP,mineral,Phosphorus (P) (leaf),2.6,0.4,g/kg DW,NR (no inferential test reported anywhere in this paper),"Table 5, day 94 (interval 09.06.-09.07.15)","n=5 replicate pairs of leaves (5th fully developed leaf), freeze-dried, ICP-OES (Ca/K/Mg/Na/P) + Vario EL (N), Table 5"
monseesDecoupledSystemsTrial2017,monseesDecoupledSystemsTrial2017-T2,DCAP,mineral,Nitrogen (N) (leaf),3.2,0.1,% DW,NR (no inferential test reported anywhere in this paper),"Table 5, day 94 (interval 09.06.-09.07.15)","n=5 replicate pairs of leaves (5th fully developed leaf), freeze-dried, ICP-OES (Ca/K/Mg/Na/P) + Vario EL (N), Table 5"
monseesDecoupledSystemsTrial2017,monseesDecoupledSystemsTrial2017-T2,DCAP,mineral,Calcium (Ca) (leaf),25.5,2.8,g/kg DW,NR (no inferential test reported anywhere in this paper),"Table 5, day 122 (interval 10.07.-06.08.15)","n=5 replicate pairs of leaves (5th fully developed leaf), freeze-dried, ICP-OES (Ca/K/Mg/Na/P) + Vario EL (N), Table 5"
monseesDecoupledSystemsTrial2017,monseesDecoupledSystemsTrial2017-T2,DCAP,mineral,Potassium (K) (leaf),36.0,1.6,g/kg DW,NR (no inferential test reported anywhere in this paper),"Table 5, day 122 (interval 10.07.-06.08.15)","n=5 replicate pairs of leaves (5th fully developed leaf), freeze-dried, ICP-OES (Ca/K/Mg/Na/P) + Vario EL (N), Table 5"
monseesDecoupledSystemsTrial2017,monseesDecoupledSystemsTrial2017-T2,DCAP,mineral,Magnesium (Mg) (leaf),4.0,0.2,g/kg DW,NR (no inferential test reported anywhere in this paper),"Table 5, day 122 (interval 10.07.-06.08.15)","n=5 replicate pairs of leaves (5th fully developed leaf), freeze-dried, ICP-OES (Ca/K/Mg/Na/P) + Vario EL (N), Table 5"
monseesDecoupledSystemsTrial2017,monseesDecoupledSystemsTrial2017-T2,DCAP,mineral,Sodium (Na) (leaf),0.9,0.1,g/kg DW,NR (no inferential test reported anywhere in this paper),"Table 5, day 122 (interval 10.07.-06.08.15)","n=5 replicate pairs of leaves (5th fully developed leaf), freeze-dried, ICP-OES (Ca/K/Mg/Na/P) + Vario EL (N), Table 5"
monseesDecoupledSystemsTrial2017,monseesDecoupledSystemsTrial2017-T2,DCAP,mineral,Phosphorus (P) (leaf),2.9,0.2,g/kg DW,NR (no inferential test reported anywhere in this paper),"Table 5, day 122 (interval 10.07.-06.08.15)","n=5 replicate pairs of leaves (5th fully developed leaf), freeze-dried, ICP-OES (Ca/K/Mg/Na/P) + Vario EL (N), Table 5"
monseesDecoupledSystemsTrial2017,monseesDecoupledSystemsTrial2017-T2,DCAP,mineral,Nitrogen (N) (leaf),3.8,0.1,% DW,NR (no inferential test reported anywhere in this paper),"Table 5, day 122 (interval 10.07.-06.08.15)","n=5 replicate pairs of leaves (5th fully developed leaf), freeze-dried, ICP-OES (Ca/K/Mg/Na/P) + Vario EL (N), Table 5"
monseesDecoupledSystemsTrial2017,monseesDecoupledSystemsTrial2017-T2,DCAP,mineral,Calcium (Ca) (leaf),26.7,11.1,g/kg DW,NR (no inferential test reported anywhere in this paper),"Table 5, day 154 (interval 07.08.-07.09.15)","n=5 replicate pairs of leaves (5th fully developed leaf), freeze-dried, ICP-OES (Ca/K/Mg/Na/P) + Vario EL (N), Table 5"
monseesDecoupledSystemsTrial2017,monseesDecoupledSystemsTrial2017-T2,DCAP,mineral,Potassium (K) (leaf),32.8,7.5,g/kg DW,NR (no inferential test reported anywhere in this paper),"Table 5, day 154 (interval 07.08.-07.09.15)","n=5 replicate pairs of leaves (5th fully developed leaf), freeze-dried, ICP-OES (Ca/K/Mg/Na/P) + Vario EL (N), Table 5"
monseesDecoupledSystemsTrial2017,monseesDecoupledSystemsTrial2017-T2,DCAP,mineral,Magnesium (Mg) (leaf),3.2,0.9,g/kg DW,NR (no inferential test reported anywhere in this paper),"Table 5, day 154 (interval 07.08.-07.09.15)","n=5 replicate pairs of leaves (5th fully developed leaf), freeze-dried, ICP-OES (Ca/K/Mg/Na/P) + Vario EL (N), Table 5"
monseesDecoupledSystemsTrial2017,monseesDecoupledSystemsTrial2017-T2,DCAP,mineral,Sodium (Na) (leaf),0.7,0.2,g/kg DW,NR (no inferential test reported anywhere in this paper),"Table 5, day 154 (interval 07.08.-07.09.15)","n=5 replicate pairs of leaves (5th fully developed leaf), freeze-dried, ICP-OES (Ca/K/Mg/Na/P) + Vario EL (N), Table 5"
monseesDecoupledSystemsTrial2017,monseesDecoupledSystemsTrial2017-T2,DCAP,mineral,Phosphorus (P) (leaf),2.6,0.5,g/kg DW,NR (no inferential test reported anywhere in this paper),"Table 5, day 154 (interval 07.08.-07.09.15)","n=5 replicate pairs of leaves (5th fully developed leaf), freeze-dried, ICP-OES (Ca/K/Mg/Na/P) + Vario EL (N), Table 5"
monseesDecoupledSystemsTrial2017,monseesDecoupledSystemsTrial2017-T2,DCAP,mineral,Nitrogen (N) (leaf),3.2,0.4,% DW,NR (no inferential test reported anywhere in this paper),"Table 5, day 154 (interval 07.08.-07.09.15)","n=5 replicate pairs of leaves (5th fully developed leaf), freeze-dried, ICP-OES (Ca/K/Mg/Na/P) + Vario EL (N), Table 5"
monseesDecoupledSystemsTrial2017,monseesDecoupledSystemsTrial2017-T2,DCAP,mineral,Calcium (Ca) (fruit),1.7,0.2,g/kg DW,NR (no inferential test reported anywhere in this paper),"Table 5, day 63 (interval 07.05.-08.06.15)","n=5 replicate pairs of fully ripe tomatoes, freeze-dried, ICP-OES (Ca/K/Mg/Na/P) + Vario EL (N), Table 5"
monseesDecoupledSystemsTrial2017,monseesDecoupledSystemsTrial2017-T2,DCAP,mineral,Potassium (K) (fruit),45.6,5.2,g/kg DW,NR (no inferential test reported anywhere in this paper),"Table 5, day 63 (interval 07.05.-08.06.15)","n=5 replicate pairs of fully ripe tomatoes, freeze-dried, ICP-OES (Ca/K/Mg/Na/P) + Vario EL (N), Table 5"
monseesDecoupledSystemsTrial2017,monseesDecoupledSystemsTrial2017-T2,DCAP,mineral,Magnesium (Mg) (fruit),1.2,0.2,g/kg DW,NR (no inferential test reported anywhere in this paper),"Table 5, day 63 (interval 07.05.-08.06.15)","n=5 replicate pairs of fully ripe tomatoes, freeze-dried, ICP-OES (Ca/K/Mg/Na/P) + Vario EL (N), Table 5"
monseesDecoupledSystemsTrial2017,monseesDecoupledSystemsTrial2017-T2,DCAP,mineral,Sodium (Na) (fruit),0.4,0.0,g/kg DW,NR (no inferential test reported anywhere in this paper),"Table 5, day 63 (interval 07.05.-08.06.15)","n=5 replicate pairs of fully ripe tomatoes, freeze-dried, ICP-OES (Ca/K/Mg/Na/P) + Vario EL (N), Table 5"
monseesDecoupledSystemsTrial2017,monseesDecoupledSystemsTrial2017-T2,DCAP,mineral,Phosphorus (P) (fruit),3.7,0.6,g/kg DW,NR (no inferential test reported anywhere in this paper),"Table 5, day 63 (interval 07.05.-08.06.15)","n=5 replicate pairs of fully ripe tomatoes, freeze-dried, ICP-OES (Ca/K/Mg/Na/P) + Vario EL (N), Table 5"
monseesDecoupledSystemsTrial2017,monseesDecoupledSystemsTrial2017-T2,DCAP,mineral,Nitrogen (N) (fruit),2.1,0.4,% DW,NR (no inferential test reported anywhere in this paper),"Table 5, day 63 (interval 07.05.-08.06.15)","n=5 replicate pairs of fully ripe tomatoes, freeze-dried, ICP-OES (Ca/K/Mg/Na/P) + Vario EL (N), Table 5"
monseesDecoupledSystemsTrial2017,monseesDecoupledSystemsTrial2017-T2,DCAP,mineral,Calcium (Ca) (fruit),1.3,0.1,g/kg DW,NR (no inferential test reported anywhere in this paper),"Table 5, day 94 (interval 09.06.-09.07.15)","n=5 replicate pairs of fully ripe tomatoes, freeze-dried, ICP-OES (Ca/K/Mg/Na/P) + Vario EL (N), Table 5"
monseesDecoupledSystemsTrial2017,monseesDecoupledSystemsTrial2017-T2,DCAP,mineral,Potassium (K) (fruit),36.1,3.9,g/kg DW,NR (no inferential test reported anywhere in this paper),"Table 5, day 94 (interval 09.06.-09.07.15)","n=5 replicate pairs of fully ripe tomatoes, freeze-dried, ICP-OES (Ca/K/Mg/Na/P) + Vario EL (N), Table 5"
monseesDecoupledSystemsTrial2017,monseesDecoupledSystemsTrial2017-T2,DCAP,mineral,Magnesium (Mg) (fruit),1.3,0.1,g/kg DW,NR (no inferential test reported anywhere in this paper),"Table 5, day 94 (interval 09.06.-09.07.15)","n=5 replicate pairs of fully ripe tomatoes, freeze-dried, ICP-OES (Ca/K/Mg/Na/P) + Vario EL (N), Table 5"
monseesDecoupledSystemsTrial2017,monseesDecoupledSystemsTrial2017-T2,DCAP,mineral,Sodium (Na) (fruit),0.5,0.0,g/kg DW,NR (no inferential test reported anywhere in this paper),"Table 5, day 94 (interval 09.06.-09.07.15)","n=5 replicate pairs of fully ripe tomatoes, freeze-dried, ICP-OES (Ca/K/Mg/Na/P) + Vario EL (N), Table 5"
monseesDecoupledSystemsTrial2017,monseesDecoupledSystemsTrial2017-T2,DCAP,mineral,Phosphorus (P) (fruit),3.1,0.6,g/kg DW,NR (no inferential test reported anywhere in this paper),"Table 5, day 94 (interval 09.06.-09.07.15)","n=5 replicate pairs of fully ripe tomatoes, freeze-dried, ICP-OES (Ca/K/Mg/Na/P) + Vario EL (N), Table 5"
monseesDecoupledSystemsTrial2017,monseesDecoupledSystemsTrial2017-T2,DCAP,mineral,Nitrogen (N) (fruit),2.0,0.2,% DW,NR (no inferential test reported anywhere in this paper),"Table 5, day 94 (interval 09.06.-09.07.15)","n=5 replicate pairs of fully ripe tomatoes, freeze-dried, ICP-OES (Ca/K/Mg/Na/P) + Vario EL (N), Table 5"
monseesDecoupledSystemsTrial2017,monseesDecoupledSystemsTrial2017-T2,DCAP,mineral,Calcium (Ca) (fruit),1.1,0.4,g/kg DW,NR (no inferential test reported anywhere in this paper),"Table 5, day 122 (interval 10.07.-06.08.15)","n=5 replicate pairs of fully ripe tomatoes, freeze-dried, ICP-OES (Ca/K/Mg/Na/P) + Vario EL (N), Table 5"
monseesDecoupledSystemsTrial2017,monseesDecoupledSystemsTrial2017-T2,DCAP,mineral,Potassium (K) (fruit),40.5,2.9,g/kg DW,NR (no inferential test reported anywhere in this paper),"Table 5, day 122 (interval 10.07.-06.08.15)","n=5 replicate pairs of fully ripe tomatoes, freeze-dried, ICP-OES (Ca/K/Mg/Na/P) + Vario EL (N), Table 5"
monseesDecoupledSystemsTrial2017,monseesDecoupledSystemsTrial2017-T2,DCAP,mineral,Magnesium (Mg) (fruit),1.3,0.1,g/kg DW,NR (no inferential test reported anywhere in this paper),"Table 5, day 122 (interval 10.07.-06.08.15)","n=5 replicate pairs of fully ripe tomatoes, freeze-dried, ICP-OES (Ca/K/Mg/Na/P) + Vario EL (N), Table 5"
monseesDecoupledSystemsTrial2017,monseesDecoupledSystemsTrial2017-T2,DCAP,mineral,Sodium (Na) (fruit),0.4,0.1,g/kg DW,NR (no inferential test reported anywhere in this paper),"Table 5, day 122 (interval 10.07.-06.08.15)","n=5 replicate pairs of fully ripe tomatoes, freeze-dried, ICP-OES (Ca/K/Mg/Na/P) + Vario EL (N), Table 5"
monseesDecoupledSystemsTrial2017,monseesDecoupledSystemsTrial2017-T2,DCAP,mineral,Phosphorus (P) (fruit),3.0,0.8,g/kg DW,NR (no inferential test reported anywhere in this paper),"Table 5, day 122 (interval 10.07.-06.08.15)","n=5 replicate pairs of fully ripe tomatoes, freeze-dried, ICP-OES (Ca/K/Mg/Na/P) + Vario EL (N), Table 5"
monseesDecoupledSystemsTrial2017,monseesDecoupledSystemsTrial2017-T2,DCAP,mineral,Nitrogen (N) (fruit),2.0,0.3,% DW,NR (no inferential test reported anywhere in this paper),"Table 5, day 122 (interval 10.07.-06.08.15)","n=5 replicate pairs of fully ripe tomatoes, freeze-dried, ICP-OES (Ca/K/Mg/Na/P) + Vario EL (N), Table 5"
monseesDecoupledSystemsTrial2017,monseesDecoupledSystemsTrial2017-T2,DCAP,mineral,Calcium (Ca) (fruit),1.2,0.5,g/kg DW,NR (no inferential test reported anywhere in this paper),"Table 5, day 154 (interval 07.08.-07.09.15)","n=5 replicate pairs of fully ripe tomatoes, freeze-dried, ICP-OES (Ca/K/Mg/Na/P) + Vario EL (N), Table 5"
monseesDecoupledSystemsTrial2017,monseesDecoupledSystemsTrial2017-T2,DCAP,mineral,Potassium (K) (fruit),41.5,2.8,g/kg DW,NR (no inferential test reported anywhere in this paper),"Table 5, day 154 (interval 07.08.-07.09.15)","n=5 replicate pairs of fully ripe tomatoes, freeze-dried, ICP-OES (Ca/K/Mg/Na/P) + Vario EL (N), Table 5"
monseesDecoupledSystemsTrial2017,monseesDecoupledSystemsTrial2017-T2,DCAP,mineral,Magnesium (Mg) (fruit),1.4,0.1,g/kg DW,NR (no inferential test reported anywhere in this paper),"Table 5, day 154 (interval 07.08.-07.09.15)","n=5 replicate pairs of fully ripe tomatoes, freeze-dried, ICP-OES (Ca/K/Mg/Na/P) + Vario EL (N), Table 5"
monseesDecoupledSystemsTrial2017,monseesDecoupledSystemsTrial2017-T2,DCAP,mineral,Sodium (Na) (fruit),0.4,0.2,g/kg DW,NR (no inferential test reported anywhere in this paper),"Table 5, day 154 (interval 07.08.-07.09.15)","n=5 replicate pairs of fully ripe tomatoes, freeze-dried, ICP-OES (Ca/K/Mg/Na/P) + Vario EL (N), Table 5"
monseesDecoupledSystemsTrial2017,monseesDecoupledSystemsTrial2017-T2,DCAP,mineral,Phosphorus (P) (fruit),3.4,0.6,g/kg DW,NR (no inferential test reported anywhere in this paper),"Table 5, day 154 (interval 07.08.-07.09.15)","n=5 replicate pairs of fully ripe tomatoes, freeze-dried, ICP-OES (Ca/K/Mg/Na/P) + Vario EL (N), Table 5"
monseesDecoupledSystemsTrial2017,monseesDecoupledSystemsTrial2017-T2,DCAP,mineral,Nitrogen (N) (fruit),2.1,0.4,% DW,NR (no inferential test reported anywhere in this paper),"Table 5, day 154 (interval 07.08.-07.09.15)","n=5 replicate pairs of fully ripe tomatoes, freeze-dried, ICP-OES (Ca/K/Mg/Na/P) + Vario EL (N), Table 5"
monseesLettuceLactucaSativa2019,monseesLettuceLactucaSativa2019-T1,HYD,mineral,Carbon (C),42.25,0.44,%DM,a,"Table 6, p.13",
monseesLettuceLactucaSativa2019,monseesLettuceLactucaSativa2019-T1,AP,mineral,Carbon (C),42.48,0.59,%DM,a,"Table 6, p.13",
monseesLettuceLactucaSativa2019,monseesLettuceLactucaSativa2019-T1,HYD,mineral,Nitrogen (N),4.12,0.19,%DM,a,"Table 6, p.13",
monseesLettuceLactucaSativa2019,monseesLettuceLactucaSativa2019-T1,AP,mineral,Nitrogen (N),4.29,0.12,%DM,a,"Table 6, p.13",
monseesLettuceLactucaSativa2019,monseesLettuceLactucaSativa2019-T1,HYD,mineral,Phosphorus (P),0.71,0.03,%DM,a,"Table 6, p.13",
monseesLettuceLactucaSativa2019,monseesLettuceLactucaSativa2019-T1,AP,mineral,Phosphorus (P),0.73,0.02,%DM,a,"Table 6, p.13",
monseesLettuceLactucaSativa2019,monseesLettuceLactucaSativa2019-T1,HYD,mineral,Potassium (K),6.33,0.21,%DM,a,"Table 6, p.13",
monseesLettuceLactucaSativa2019,monseesLettuceLactucaSativa2019-T1,AP,mineral,Potassium (K),5.94,0.16,%DM,a,"Table 6, p.13",
monseesLettuceLactucaSativa2019,monseesLettuceLactucaSativa2019-T1,HYD,mineral,Calcium (Ca),1.79,0.19,%DM,ab,"Table 6, p.13",
monseesLettuceLactucaSativa2019,monseesLettuceLactucaSativa2019-T1,AP,mineral,Calcium (Ca),1.91,0.06,%DM,b,"Table 6, p.13",
monseesLettuceLactucaSativa2019,monseesLettuceLactucaSativa2019-T1,HYD,mineral,Magnesium (Mg),0.28,0.03,%DM,ab,"Table 6, p.13",
monseesLettuceLactucaSativa2019,monseesLettuceLactucaSativa2019-T1,AP,mineral,Magnesium (Mg),0.31,0.0,%DM,b,"Table 6, p.13",
monseesLettuceLactucaSativa2019,monseesLettuceLactucaSativa2019-T1,HYD,mineral,Sulfur (S),0.26,0.01,%DM,a,"Table 6, p.13",
monseesLettuceLactucaSativa2019,monseesLettuceLactucaSativa2019-T1,AP,mineral,Sulfur (S),0.27,0.01,%DM,ab,"Table 6, p.13",
monseesLettuceLactucaSativa2019,monseesLettuceLactucaSativa2019-T1,HYD,mineral,Sodium (Na),0.27,0.02,%DM,b,"Table 6, p.13",
monseesLettuceLactucaSativa2019,monseesLettuceLactucaSativa2019-T1,AP,mineral,Sodium (Na),0.22,0.01,%DM,a,"Table 6, p.13",
monseesLettuceLactucaSativa2019,monseesLettuceLactucaSativa2019-T1,HYD,mineral,Iron (Fe),0.59,0.06,%DM,a,"Table 6, p.13",
monseesLettuceLactucaSativa2019,monseesLettuceLactucaSativa2019-T1,AP,mineral,Iron (Fe),0.6,0.1,%DM,a,"Table 6, p.13",
monseesLettuceLactucaSativa2019,monseesLettuceLactucaSativa2019-T1,HYD,biochemistry,Caffeoyltartaric acid (CTA),0.97,0.23,mg/100g FW,ns,"Table 7, p.14",
monseesLettuceLactucaSativa2019,monseesLettuceLactucaSativa2019-T1,AP,biochemistry,Caffeoyltartaric acid (CTA),1.22,0.34,mg/100g FW,ns,"Table 7, p.14",
monseesLettuceLactucaSativa2019,monseesLettuceLactucaSativa2019-T1,HYD,biochemistry,Caffeoylquinic acid (chlorogenic acid),0.93,0.15,mg/100g FW,ns,"Table 7, p.14",
monseesLettuceLactucaSativa2019,monseesLettuceLactucaSativa2019-T1,AP,biochemistry,Caffeoylquinic acid (chlorogenic acid),1.08,0.24,mg/100g FW,ns,"Table 7, p.14",
monseesLettuceLactucaSativa2019,monseesLettuceLactucaSativa2019-T1,HYD,biochemistry,Coumaroylquinic acid,0.028,0.005,mg/100g FW,ns,"Table 7, p.14",
monseesLettuceLactucaSativa2019,monseesLettuceLactucaSativa2019-T1,AP,biochemistry,Coumaroylquinic acid,0.033,0.013,mg/100g FW,ns,"Table 7, p.14",
monseesLettuceLactucaSativa2019,monseesLettuceLactucaSativa2019-T1,HYD,biochemistry,Caffeoylmalic acid (CMA),1.07,0.22,mg/100g FW,ns,"Table 7, p.14",
monseesLettuceLactucaSativa2019,monseesLettuceLactucaSativa2019-T1,AP,biochemistry,Caffeoylmalic acid (CMA),1.13,0.36,mg/100g FW,ns,"Table 7, p.14",
monseesLettuceLactucaSativa2019,monseesLettuceLactucaSativa2019-T1,HYD,biochemistry,Dicaffeoyltartaric acid (chicoric acid),2.45,0.58,mg/100g FW,ns,"Table 7, p.14",
monseesLettuceLactucaSativa2019,monseesLettuceLactucaSativa2019-T1,AP,biochemistry,Dicaffeoyltartaric acid (chicoric acid),3.26,0.74,mg/100g FW,ns,"Table 7, p.14",
monseesLettuceLactucaSativa2019,monseesLettuceLactucaSativa2019-T1,HYD,biochemistry,Quercetin-3-O-(6''-malonyl)glucoside (Q3MG),0.25,0.03,mg/100g FW,ns,"Table 7, p.14",
monseesLettuceLactucaSativa2019,monseesLettuceLactucaSativa2019-T1,AP,biochemistry,Quercetin-3-O-(6''-malonyl)glucoside (Q3MG),0.33,0.07,mg/100g FW,ns,"Table 7, p.14","WARN-MINOR: printed in Table 7 as '0.33 +/- 0.07^a' with a lone superscript 'a' and no matching second letter group, despite the table caption stating no significant differences were found; likely a typesetting artifact, not a real pairwise contrast. Recorded Significance as ns per the caption's overall statement."
monseesLettuceLactucaSativa2019,monseesLettuceLactucaSativa2019-T2,HYD,mineral,Carbon (C),42.25,0.44,%DM,a,"Table 6, p.13",
monseesLettuceLactucaSativa2019,monseesLettuceLactucaSativa2019-T2,AP,mineral,Carbon (C),42.0,0.34,%DM,a,"Table 6, p.13",
monseesLettuceLactucaSativa2019,monseesLettuceLactucaSativa2019-T2,HYD,mineral,Nitrogen (N),4.12,0.19,%DM,a,"Table 6, p.13",
monseesLettuceLactucaSativa2019,monseesLettuceLactucaSativa2019-T2,AP,mineral,Nitrogen (N),4.27,0.09,%DM,a,"Table 6, p.13",
monseesLettuceLactucaSativa2019,monseesLettuceLactucaSativa2019-T2,HYD,mineral,Phosphorus (P),0.71,0.03,%DM,a,"Table 6, p.13",
monseesLettuceLactucaSativa2019,monseesLettuceLactucaSativa2019-T2,AP,mineral,Phosphorus (P),0.73,0.03,%DM,a,"Table 6, p.13",
monseesLettuceLactucaSativa2019,monseesLettuceLactucaSativa2019-T2,HYD,mineral,Potassium (K),6.33,0.21,%DM,a,"Table 6, p.13",
monseesLettuceLactucaSativa2019,monseesLettuceLactucaSativa2019-T2,AP,mineral,Potassium (K),6.29,0.32,%DM,a,"Table 6, p.13",
monseesLettuceLactucaSativa2019,monseesLettuceLactucaSativa2019-T2,HYD,mineral,Calcium (Ca),1.79,0.19,%DM,ab,"Table 6, p.13",
monseesLettuceLactucaSativa2019,monseesLettuceLactucaSativa2019-T2,AP,mineral,Calcium (Ca),1.74,0.06,%DM,a,"Table 6, p.13",
monseesLettuceLactucaSativa2019,monseesLettuceLactucaSativa2019-T2,HYD,mineral,Magnesium (Mg),0.28,0.03,%DM,ab,"Table 6, p.13",
monseesLettuceLactucaSativa2019,monseesLettuceLactucaSativa2019-T2,AP,mineral,Magnesium (Mg),0.28,0.01,%DM,a,"Table 6, p.13",
monseesLettuceLactucaSativa2019,monseesLettuceLactucaSativa2019-T2,HYD,mineral,Sulfur (S),0.26,0.01,%DM,a,"Table 6, p.13",
monseesLettuceLactucaSativa2019,monseesLettuceLactucaSativa2019-T2,AP,mineral,Sulfur (S),0.28,0.01,%DM,b,"Table 6, p.13",
monseesLettuceLactucaSativa2019,monseesLettuceLactucaSativa2019-T2,HYD,mineral,Sodium (Na),0.27,0.02,%DM,b,"Table 6, p.13",
monseesLettuceLactucaSativa2019,monseesLettuceLactucaSativa2019-T2,AP,mineral,Sodium (Na),0.21,0.01,%DM,ab,"Table 6, p.13",
monseesLettuceLactucaSativa2019,monseesLettuceLactucaSativa2019-T2,HYD,mineral,Iron (Fe),0.59,0.06,%DM,a,"Table 6, p.13",
monseesLettuceLactucaSativa2019,monseesLettuceLactucaSativa2019-T2,AP,mineral,Iron (Fe),0.57,0.02,%DM,a,"Table 6, p.13",
monseesLettuceLactucaSativa2019,monseesLettuceLactucaSativa2019-T2,HYD,biochemistry,Caffeoyltartaric acid (CTA),0.97,0.23,mg/100g FW,ns,"Table 7, p.14",
monseesLettuceLactucaSativa2019,monseesLettuceLactucaSativa2019-T2,AP,biochemistry,Caffeoyltartaric acid (CTA),1.29,0.29,mg/100g FW,ns,"Table 7, p.14",
monseesLettuceLactucaSativa2019,monseesLettuceLactucaSativa2019-T2,HYD,biochemistry,Caffeoylquinic acid (chlorogenic acid),0.93,0.15,mg/100g FW,ns,"Table 7, p.14",
monseesLettuceLactucaSativa2019,monseesLettuceLactucaSativa2019-T2,AP,biochemistry,Caffeoylquinic acid (chlorogenic acid),1.12,0.24,mg/100g FW,ns,"Table 7, p.14",
monseesLettuceLactucaSativa2019,monseesLettuceLactucaSativa2019-T2,HYD,biochemistry,Coumaroylquinic acid,0.028,0.005,mg/100g FW,ns,"Table 7, p.14",
monseesLettuceLactucaSativa2019,monseesLettuceLactucaSativa2019-T2,AP,biochemistry,Coumaroylquinic acid,0.038,0.01,mg/100g FW,ns,"Table 7, p.14",
monseesLettuceLactucaSativa2019,monseesLettuceLactucaSativa2019-T2,HYD,biochemistry,Caffeoylmalic acid (CMA),1.07,0.22,mg/100g FW,ns,"Table 7, p.14",
monseesLettuceLactucaSativa2019,monseesLettuceLactucaSativa2019-T2,AP,biochemistry,Caffeoylmalic acid (CMA),1.34,0.36,mg/100g FW,ns,"Table 7, p.14",
monseesLettuceLactucaSativa2019,monseesLettuceLactucaSativa2019-T2,HYD,biochemistry,Dicaffeoyltartaric acid (chicoric acid),2.45,0.58,mg/100g FW,ns,"Table 7, p.14",
monseesLettuceLactucaSativa2019,monseesLettuceLactucaSativa2019-T2,AP,biochemistry,Dicaffeoyltartaric acid (chicoric acid),3.44,0.75,mg/100g FW,ns,"Table 7, p.14",
monseesLettuceLactucaSativa2019,monseesLettuceLactucaSativa2019-T2,HYD,biochemistry,Quercetin-3-O-(6''-malonyl)glucoside (Q3MG),0.25,0.03,mg/100g FW,ns,"Table 7, p.14",
monseesLettuceLactucaSativa2019,monseesLettuceLactucaSativa2019-T2,AP,biochemistry,Quercetin-3-O-(6''-malonyl)glucoside (Q3MG),0.36,0.05,mg/100g FW,ns,"Table 7, p.14",
mourantianBasilFunctionalGrowth2023,mourantianBasilFunctionalGrowth2023-T1,AP,mineral,Nitrogen (N),3.77,0.05,% DW,p<0.001,"Results, 'Leaf elemental analysis', p.16","WARN-CHECK harvest day unclear for this value -- text states CAP-vs-HP/DCAP differences in N and K were found 'in the first measurement' and 'retained in the final one', then gives one set of numbers without labelling which harvest (D35 or D60) they belong to (p.16). See trials.csv Experimental Remarks for full quote and reasoning. Recorded here without a harvest-day assignment. Treatment label in paper: CAP."
mourantianBasilFunctionalGrowth2023,mourantianBasilFunctionalGrowth2023-T1,HYD,mineral,Nitrogen (N),4.46,0.07,% DW,p<0.001,"Results, 'Leaf elemental analysis', p.16","WARN-CHECK harvest day unclear for this value -- text states CAP-vs-HP/DCAP differences in N and K were found 'in the first measurement' and 'retained in the final one', then gives one set of numbers without labelling which harvest (D35 or D60) they belong to (p.16). See trials.csv Experimental Remarks for full quote and reasoning. Recorded here without a harvest-day assignment. Treatment label in paper: HP."
mourantianBasilFunctionalGrowth2023,mourantianBasilFunctionalGrowth2023-T2,AP,mineral,Nitrogen (N),4.50,0.11,% DW,p<0.001,"Results, 'Leaf elemental analysis', p.16","WARN-CHECK harvest day unclear for this value -- text states CAP-vs-HP/DCAP differences in N and K were found 'in the first measurement' and 'retained in the final one', then gives one set of numbers without labelling which harvest (D35 or D60) they belong to (p.16). See trials.csv Experimental Remarks for full quote and reasoning. Recorded here without a harvest-day assignment. Treatment label in paper: DCAP."
mourantianBasilFunctionalGrowth2023,mourantianBasilFunctionalGrowth2023-T2,HYD,mineral,Nitrogen (N),4.46,0.07,% DW,p<0.001,"Results, 'Leaf elemental analysis', p.16","WARN-CHECK harvest day unclear for this value -- text states CAP-vs-HP/DCAP differences in N and K were found 'in the first measurement' and 'retained in the final one', then gives one set of numbers without labelling which harvest (D35 or D60) they belong to (p.16). See trials.csv Experimental Remarks for full quote and reasoning. Recorded here without a harvest-day assignment. Treatment label in paper: HP (same value as T1 HYD row, shared control)."
mourantianBasilFunctionalGrowth2023,mourantianBasilFunctionalGrowth2023-T1,AP,mineral,Potassium (K),3.08,0.05,% DW,p=0.037 (CAP vs HP),"Results, 'Leaf elemental analysis', p.16","WARN-CHECK harvest day unclear for this value -- text states CAP-vs-HP/DCAP differences in N and K were found 'in the first measurement' and 'retained in the final one', then gives one set of numbers without labelling which harvest (D35 or D60) they belong to (p.16). See trials.csv Experimental Remarks for full quote and reasoning. Recorded here without a harvest-day assignment. Treatment label in paper: CAP."
mourantianBasilFunctionalGrowth2023,mourantianBasilFunctionalGrowth2023-T1,HYD,mineral,Potassium (K),5.38,0.07,% DW,p=0.037 (CAP vs HP),"Results, 'Leaf elemental analysis', p.16","WARN-CHECK harvest day unclear for this value -- text states CAP-vs-HP/DCAP differences in N and K were found 'in the first measurement' and 'retained in the final one', then gives one set of numbers without labelling which harvest (D35 or D60) they belong to (p.16). See trials.csv Experimental Remarks for full quote and reasoning. Recorded here without a harvest-day assignment. Treatment label in paper: HP."
mourantianBasilFunctionalGrowth2023,mourantianBasilFunctionalGrowth2023-T2,AP,mineral,Potassium (K),5.45,0.25,% DW,p=0.013 (CAP vs DCAP),"Results, 'Leaf elemental analysis', p.16","WARN-CHECK harvest day unclear for this value -- text states CAP-vs-HP/DCAP differences in N and K were found 'in the first measurement' and 'retained in the final one', then gives one set of numbers without labelling which harvest (D35 or D60) they belong to (p.16). See trials.csv Experimental Remarks for full quote and reasoning. Recorded here without a harvest-day assignment. Treatment label in paper: DCAP."
mourantianBasilFunctionalGrowth2023,mourantianBasilFunctionalGrowth2023-T2,HYD,mineral,Potassium (K),5.38,0.07,% DW,NR,"Results, 'Leaf elemental analysis', p.16","WARN-CHECK harvest day unclear for this value -- text states CAP-vs-HP/DCAP differences in N and K were found 'in the first measurement' and 'retained in the final one', then gives one set of numbers without labelling which harvest (D35 or D60) they belong to (p.16). See trials.csv Experimental Remarks for full quote and reasoning. Recorded here without a harvest-day assignment. Treatment label in paper: HP (same value as T1 HYD row, shared control)."
mourantianBasilFunctionalGrowth2023,mourantianBasilFunctionalGrowth2023-T1,AP,mineral,Phosphorus (P),1.46,0.003,% DW,p<0.001,"Results, 'Leaf elemental analysis', p.16","Treatment label in paper: CAP. Final harvest (D60) value; text: 'higher P, Mg and Ca only in the final harvest'."
mourantianBasilFunctionalGrowth2023,mourantianBasilFunctionalGrowth2023-T1,HYD,mineral,Phosphorus (P),0.98,0.01,% DW,p<0.001,"Results, 'Leaf elemental analysis', p.16",Treatment label in paper: HP. D60. Cross-checked against separate restatement 'the relatively higher P of HP at the final harvest (0.98+/-0.01)'.
mourantianBasilFunctionalGrowth2023,mourantianBasilFunctionalGrowth2023-T2,AP,mineral,Phosphorus (P),0.88,0.01,% DW,p<0.001,"Results, 'Leaf elemental analysis', p.16",Treatment label in paper: DCAP. D60. See WARN-MINOR in trials.csv Experimental Remarks: SD restated as 0.1 one paragraph later (likely typo); 0.01 used here as first-stated value.
mourantianBasilFunctionalGrowth2023,mourantianBasilFunctionalGrowth2023-T2,HYD,mineral,Phosphorus (P),0.98,0.01,% DW,p<0.001,"Results, 'Leaf elemental analysis', p.16","Treatment label in paper: HP (same value as T1 HYD row, shared control). D60."
mourantianBasilFunctionalGrowth2023,mourantianBasilFunctionalGrowth2023-T1,AP,mineral,Magnesium (Mg),0.73,0.01,% DW,p<0.001,"Results, 'Leaf elemental analysis', p.16",Treatment label in paper: CAP. Final harvest (D60) value.
mourantianBasilFunctionalGrowth2023,mourantianBasilFunctionalGrowth2023-T1,HYD,mineral,Magnesium (Mg),0.38,0.003,% DW,p<0.001,"Results, 'Leaf elemental analysis', p.16",Treatment label in paper: HP. D60.
mourantianBasilFunctionalGrowth2023,mourantianBasilFunctionalGrowth2023-T2,AP,mineral,Magnesium (Mg),0.36,0.004,% DW,p<0.001,"Results, 'Leaf elemental analysis', p.16",Treatment label in paper: DCAP. D60.
mourantianBasilFunctionalGrowth2023,mourantianBasilFunctionalGrowth2023-T2,HYD,mineral,Magnesium (Mg),0.38,0.003,% DW,p<0.001,"Results, 'Leaf elemental analysis', p.16","Treatment label in paper: HP (same value as T1 HYD row, shared control). D60."
mourantianBasilFunctionalGrowth2023,mourantianBasilFunctionalGrowth2023-T1,AP,mineral,Calcium (Ca),2.39,0.04,% DW,p<0.001,"Results, 'Leaf elemental analysis', p.16",Treatment label in paper: CAP. Final harvest (D60) value.
mourantianBasilFunctionalGrowth2023,mourantianBasilFunctionalGrowth2023-T1,HYD,mineral,Calcium (Ca),1.92,0.02,% DW,p<0.001,"Results, 'Leaf elemental analysis', p.16",Treatment label in paper: HP. D60.
mourantianBasilFunctionalGrowth2023,mourantianBasilFunctionalGrowth2023-T2,AP,mineral,Calcium (Ca),1.92,0.02,% DW,p<0.001,"Results, 'Leaf elemental analysis', p.16","Treatment label in paper: DCAP. D60. Note: identical to HP's D60 value (both 1.92+/-0.02) -- text describes HP and DCAP as 'similar' for most macronutrients at D60, so this is a stated similarity, not a transcription error."
mourantianBasilFunctionalGrowth2023,mourantianBasilFunctionalGrowth2023-T2,HYD,mineral,Calcium (Ca),1.92,0.02,% DW,p<0.001,"Results, 'Leaf elemental analysis', p.16","Treatment label in paper: HP (same value as T1 HYD row, shared control). D60."
mourantianBasilFunctionalGrowth2023,mourantianBasilFunctionalGrowth2023-T1,AP,mineral,Iron (Fe),89.24,8.42,ppm DW,p=0.008,"Results, 'Leaf elemental analysis', p.16-17",Treatment label in paper: CAP. D35 (initial harvest).
mourantianBasilFunctionalGrowth2023,mourantianBasilFunctionalGrowth2023-T1,HYD,mineral,Iron (Fe),79.15,17.32,ppm DW,p=0.004,"Results, 'Leaf elemental analysis', p.16-17",Treatment label in paper: HP. D35.
mourantianBasilFunctionalGrowth2023,mourantianBasilFunctionalGrowth2023-T2,AP,mineral,Iron (Fe),148.43,18.98,ppm DW,"p=0.004 (vs HP), p=0.008 (vs CAP)","Results, 'Leaf elemental analysis', p.16-17",Treatment label in paper: DCAP. D35.
mourantianBasilFunctionalGrowth2023,mourantianBasilFunctionalGrowth2023-T2,HYD,mineral,Iron (Fe),79.15,17.32,ppm DW,p=0.004,"Results, 'Leaf elemental analysis', p.16-17","Treatment label in paper: HP (same value as T1 HYD row, shared control). D35."
mourantianBasilFunctionalGrowth2023,mourantianBasilFunctionalGrowth2023-T1,AP,mineral,Zinc (Zn),13.63,0.03,ppm DW,p=0.004,"Results, 'Leaf elemental analysis', p.16-17",Treatment label in paper: CAP. D35.
mourantianBasilFunctionalGrowth2023,mourantianBasilFunctionalGrowth2023-T1,HYD,mineral,Zinc (Zn),30.19,0.15,ppm DW,p=0.004,"Results, 'Leaf elemental analysis', p.16-17",Treatment label in paper: HP. D35.
mourantianBasilFunctionalGrowth2023,mourantianBasilFunctionalGrowth2023-T2,AP,mineral,Zinc (Zn),52.67,2.84,ppm DW,p=0.004,"Results, 'Leaf elemental analysis', p.16-17",Treatment label in paper: DCAP. D35.
mourantianBasilFunctionalGrowth2023,mourantianBasilFunctionalGrowth2023-T2,HYD,mineral,Zinc (Zn),30.19,0.15,ppm DW,p=0.004,"Results, 'Leaf elemental analysis', p.16-17","Treatment label in paper: HP (same value as T1 HYD row, shared control). D35."
mourantianBasilFunctionalGrowth2023,mourantianBasilFunctionalGrowth2023-T1,AP,mineral,Copper (Cu),7.40,1.64,ppm DW,p=0.009,"Results, 'Leaf elemental analysis', p.16-17",Treatment label in paper: CAP. D35.
mourantianBasilFunctionalGrowth2023,mourantianBasilFunctionalGrowth2023-T1,HYD,mineral,Copper (Cu),8.97,0.95,ppm DW,p=0.009,"Results, 'Leaf elemental analysis', p.16-17",Treatment label in paper: HP. D35.
mourantianBasilFunctionalGrowth2023,mourantianBasilFunctionalGrowth2023-T2,AP,mineral,Copper (Cu),12.42,0.94,ppm DW,p=0.009,"Results, 'Leaf elemental analysis', p.16-17",Treatment label in paper: DCAP. D35.
mourantianBasilFunctionalGrowth2023,mourantianBasilFunctionalGrowth2023-T2,HYD,mineral,Copper (Cu),8.97,0.95,ppm DW,p=0.009,"Results, 'Leaf elemental analysis', p.16-17","Treatment label in paper: HP (same value as T1 HYD row, shared control). D35."
mourantianBasilFunctionalGrowth2023,mourantianBasilFunctionalGrowth2023-T1,AP,mineral,Iron (Fe),52.54,5.83,ppm DW,p=0.038,"Results, 'Leaf elemental analysis', p.17",Treatment label in paper: CAP. D60 (final harvest); Fe reversed direction vs D35 -- HP now highest.
mourantianBasilFunctionalGrowth2023,mourantianBasilFunctionalGrowth2023-T1,HYD,mineral,Iron (Fe),66.10,1.78,ppm DW,p=0.038,"Results, 'Leaf elemental analysis', p.17",Treatment label in paper: HP. D60.
mourantianBasilFunctionalGrowth2023,mourantianBasilFunctionalGrowth2023-T2,AP,mineral,Iron (Fe),57.15,0.46,ppm DW,p=0.038,"Results, 'Leaf elemental analysis', p.17",Treatment label in paper: DCAP. D60.
mourantianBasilFunctionalGrowth2023,mourantianBasilFunctionalGrowth2023-T2,HYD,mineral,Iron (Fe),66.10,1.78,ppm DW,p=0.038,"Results, 'Leaf elemental analysis', p.17","Treatment label in paper: HP (same value as T1 HYD row, shared control). D60."
mourantianBasilFunctionalGrowth2023,mourantianBasilFunctionalGrowth2023-T1,AP,mineral,Zinc (Zn),17.44,0.94,ppm DW,p<0.001,"Results, 'Leaf elemental analysis', p.17",Treatment label in paper: CAP. D60.
mourantianBasilFunctionalGrowth2023,mourantianBasilFunctionalGrowth2023-T1,HYD,mineral,Zinc (Zn),41.20,2.25,ppm DW,p<0.001,"Results, 'Leaf elemental analysis', p.17",Treatment label in paper: HP. D60.
mourantianBasilFunctionalGrowth2023,mourantianBasilFunctionalGrowth2023-T2,AP,mineral,Zinc (Zn),62.23,1.21,ppm DW,p<0.001,"Results, 'Leaf elemental analysis', p.17",Treatment label in paper: DCAP. D60.
mourantianBasilFunctionalGrowth2023,mourantianBasilFunctionalGrowth2023-T2,HYD,mineral,Zinc (Zn),41.20,2.25,ppm DW,p<0.001,"Results, 'Leaf elemental analysis', p.17","Treatment label in paper: HP (same value as T1 HYD row, shared control). D60."
mourantianBasilFunctionalGrowth2023,mourantianBasilFunctionalGrowth2023-T1,AP,mineral,Copper (Cu),7.40,1.64,ppm DW,p=0.006,"Results, 'Leaf elemental analysis', p.17","Treatment label in paper: CAP. D60. WARN-MATERIAL this D60 value is digit-for-digit identical (mean and SD) to the D35 value for the same system, which reads like a copy-paste artifact in the source text rather than an independent D60 measurement. Recorded as literally stated (paper gives no other value); see trials.csv Experimental Remarks for full quotes from both passages."
mourantianBasilFunctionalGrowth2023,mourantianBasilFunctionalGrowth2023-T1,HYD,mineral,Copper (Cu),8.97,0.95,ppm DW,p=0.031,"Results, 'Leaf elemental analysis', p.17","Treatment label in paper: HP. D60. WARN-MATERIAL this D60 value is digit-for-digit identical (mean and SD) to the D35 value for the same system, which reads like a copy-paste artifact in the source text rather than an independent D60 measurement. Recorded as literally stated (paper gives no other value); see trials.csv Experimental Remarks for full quotes from both passages."
mourantianBasilFunctionalGrowth2023,mourantianBasilFunctionalGrowth2023-T2,AP,mineral,Copper (Cu),12.42,0.94,ppm DW,NR,"Results, 'Leaf elemental analysis', p.17","Treatment label in paper: DCAP. D60. WARN-MATERIAL this D60 value is digit-for-digit identical (mean and SD) to the D35 value for the same system, which reads like a copy-paste artifact in the source text rather than an independent D60 measurement. Recorded as literally stated (paper gives no other value); see trials.csv Experimental Remarks for full quotes from both passages."
mourantianBasilFunctionalGrowth2023,mourantianBasilFunctionalGrowth2023-T2,HYD,mineral,Copper (Cu),8.97,0.95,ppm DW,p=0.031,"Results, 'Leaf elemental analysis', p.17","Treatment label in paper: HP (same value as T1 HYD row, shared control). D60. WARN-MATERIAL this D60 value is digit-for-digit identical (mean and SD) to the D35 value for the same system, which reads like a copy-paste artifact in the source text rather than an independent D60 measurement. Recorded as literally stated (paper gives no other value); see trials.csv Experimental Remarks for full quotes from both passages."
mourantianBasilFunctionalGrowth2023,mourantianBasilFunctionalGrowth2023-T1,AP,biochemistry,Chlorophyll a,24.61,0.53,ug/cm2,NR,"Results, 'Photosynthetic pigments content', p.10-11",Treatment label in paper: CAP. D15 timepoint (not a harvest day) -- text: 'on D15: 31.73+/-3.79 ug of chla...for HP and respectively 25.06+/-3.19...ug for DCAP and 24.61+/-0.53 ug of chla...for CAP'. Given as the one exception where HP outweighed DCAP/CAP; all other timepoints only described qualitatively (DCAP consistently highest) without further exact figures in text.
mourantianBasilFunctionalGrowth2023,mourantianBasilFunctionalGrowth2023-T1,HYD,biochemistry,Chlorophyll a,31.73,3.79,ug/cm2,NR,"Results, 'Photosynthetic pigments content', p.10-11",Treatment label in paper: HP. D15.
mourantianBasilFunctionalGrowth2023,mourantianBasilFunctionalGrowth2023-T2,AP,biochemistry,Chlorophyll a,25.06,3.19,ug/cm2,NR,"Results, 'Photosynthetic pigments content', p.10-11",Treatment label in paper: DCAP. D15.
mourantianBasilFunctionalGrowth2023,mourantianBasilFunctionalGrowth2023-T2,HYD,biochemistry,Chlorophyll a,31.73,3.79,ug/cm2,NR,"Results, 'Photosynthetic pigments content', p.10-11","Treatment label in paper: HP (same value as T1 HYD row, shared control). D15."
mourantianBasilFunctionalGrowth2023,mourantianBasilFunctionalGrowth2023-T1,AP,biochemistry,Chlorophyll b,5.33,0.34,ug/cm2,NR,"Results, 'Photosynthetic pigments content', p.10-11",Treatment label in paper: CAP. D15.
mourantianBasilFunctionalGrowth2023,mourantianBasilFunctionalGrowth2023-T1,HYD,biochemistry,Chlorophyll b,6.47,0.89,ug/cm2,NR,"Results, 'Photosynthetic pigments content', p.10-11",Treatment label in paper: HP. D15.
mourantianBasilFunctionalGrowth2023,mourantianBasilFunctionalGrowth2023-T2,AP,biochemistry,Chlorophyll b,5.35,0.58,ug/cm2,NR,"Results, 'Photosynthetic pigments content', p.10-11",Treatment label in paper: DCAP. D15.
mourantianBasilFunctionalGrowth2023,mourantianBasilFunctionalGrowth2023-T2,HYD,biochemistry,Chlorophyll b,6.47,0.89,ug/cm2,NR,"Results, 'Photosynthetic pigments content', p.10-11","Treatment label in paper: HP (same value as T1 HYD row, shared control). D15."
mourantianBasilFunctionalGrowth2023,mourantianBasilFunctionalGrowth2023-T1,AP,biochemistry,Carotenoids,7.03,0.48,ug/cm2,NR,"Results, 'Photosynthetic pigments content', p.10-11",Treatment label in paper: CAP. D15.
mourantianBasilFunctionalGrowth2023,mourantianBasilFunctionalGrowth2023-T1,HYD,biochemistry,Carotenoids,8.48,0.97,ug/cm2,NR,"Results, 'Photosynthetic pigments content', p.10-11",Treatment label in paper: HP. D15.
mourantianBasilFunctionalGrowth2023,mourantianBasilFunctionalGrowth2023-T2,AP,biochemistry,Carotenoids,7.00,0.65,ug/cm2,NR,"Results, 'Photosynthetic pigments content', p.10-11",Treatment label in paper: DCAP. D15.
mourantianBasilFunctionalGrowth2023,mourantianBasilFunctionalGrowth2023-T2,HYD,biochemistry,Carotenoids,8.48,0.97,ug/cm2,NR,"Results, 'Photosynthetic pigments content', p.10-11","Treatment label in paper: HP (same value as T1 HYD row, shared control). D15."
nicolettoExtensionAquaponicWater2018,nicolettoExtensionAquaponicWater2018-T1,HYD,mineral,Chloride (Cl-),2985,NR,mg/kg dw,b,"Table 5, p.12 (First growth cycle, nutrient-solution-level means)","Nutrient-solution-level marginal mean, pooled across all 6 vegetable sub-treatments (MHD/MIHD/MILD/RHD/RIHD/RILD); the full water-treatment x vegetable-treatment interaction cell values are not tabulated (only significance flagged for the WxV row), see trials.csv Experimental Remarks. Treatment label in paper: HC. Cycle 1. No SD/SE given in Table 5, only letter groupings -- SD recorded NR."
nicolettoExtensionAquaponicWater2018,nicolettoExtensionAquaponicWater2018-T1,AP,mineral,Chloride (Cl-),5473,NR,mg/kg dw,a,"Table 5, p.12 (First growth cycle, nutrient-solution-level means)","Nutrient-solution-level marginal mean, pooled across all 6 vegetable sub-treatments (MHD/MIHD/MILD/RHD/RIHD/RILD); the full water-treatment x vegetable-treatment interaction cell values are not tabulated (only significance flagged for the WxV row), see trials.csv Experimental Remarks. Treatment label in paper: APW. Cycle 1."
nicolettoExtensionAquaponicWater2018,nicolettoExtensionAquaponicWater2018-T2,AP,mineral,Chloride (Cl-),3572,NR,mg/kg dw,b,"Table 5, p.12 (First growth cycle, nutrient-solution-level means)","Nutrient-solution-level marginal mean, pooled across all 6 vegetable sub-treatments (MHD/MIHD/MILD/RHD/RIHD/RILD); the full water-treatment x vegetable-treatment interaction cell values are not tabulated (only significance flagged for the WxV row), see trials.csv Experimental Remarks. Treatment label in paper: CAPW. Cycle 1."
nicolettoExtensionAquaponicWater2018,nicolettoExtensionAquaponicWater2018-T2,HYD,mineral,Chloride (Cl-),2985,NR,mg/kg dw,b,"Table 5, p.12 (First growth cycle, nutrient-solution-level means)","Nutrient-solution-level marginal mean, pooled across all 6 vegetable sub-treatments (MHD/MIHD/MILD/RHD/RIHD/RILD); the full water-treatment x vegetable-treatment interaction cell values are not tabulated (only significance flagged for the WxV row), see trials.csv Experimental Remarks. Treatment label in paper: HC (same value as T1 HYD row, shared control). Cycle 1."
nicolettoExtensionAquaponicWater2018,nicolettoExtensionAquaponicWater2018-T1,HYD,mineral,Nitrite (NO2-),7.24,NR,mg/kg dw,b,"Table 5, p.12 (First growth cycle, nutrient-solution-level means)","Nutrient-solution-level marginal mean, pooled across all 6 vegetable sub-treatments (MHD/MIHD/MILD/RHD/RIHD/RILD); the full water-treatment x vegetable-treatment interaction cell values are not tabulated (only significance flagged for the WxV row), see trials.csv Experimental Remarks. Treatment label in paper: HC. Cycle 1. No SD/SE given in Table 5, only letter groupings -- SD recorded NR."
nicolettoExtensionAquaponicWater2018,nicolettoExtensionAquaponicWater2018-T1,AP,mineral,Nitrite (NO2-),130,NR,mg/kg dw,a,"Table 5, p.12 (First growth cycle, nutrient-solution-level means)","Nutrient-solution-level marginal mean, pooled across all 6 vegetable sub-treatments (MHD/MIHD/MILD/RHD/RIHD/RILD); the full water-treatment x vegetable-treatment interaction cell values are not tabulated (only significance flagged for the WxV row), see trials.csv Experimental Remarks. Treatment label in paper: APW. Cycle 1."
nicolettoExtensionAquaponicWater2018,nicolettoExtensionAquaponicWater2018-T2,AP,mineral,Nitrite (NO2-),145,NR,mg/kg dw,a,"Table 5, p.12 (First growth cycle, nutrient-solution-level means)","Nutrient-solution-level marginal mean, pooled across all 6 vegetable sub-treatments (MHD/MIHD/MILD/RHD/RIHD/RILD); the full water-treatment x vegetable-treatment interaction cell values are not tabulated (only significance flagged for the WxV row), see trials.csv Experimental Remarks. Treatment label in paper: CAPW. Cycle 1."
nicolettoExtensionAquaponicWater2018,nicolettoExtensionAquaponicWater2018-T2,HYD,mineral,Nitrite (NO2-),7.24,NR,mg/kg dw,b,"Table 5, p.12 (First growth cycle, nutrient-solution-level means)","Nutrient-solution-level marginal mean, pooled across all 6 vegetable sub-treatments (MHD/MIHD/MILD/RHD/RIHD/RILD); the full water-treatment x vegetable-treatment interaction cell values are not tabulated (only significance flagged for the WxV row), see trials.csv Experimental Remarks. Treatment label in paper: HC (same value as T1 HYD row, shared control). Cycle 1."
nicolettoExtensionAquaponicWater2018,nicolettoExtensionAquaponicWater2018-T1,HYD,mineral,Nitrate (NO3-),4214,NR,mg/kg dw,b,"Table 5, p.12 (First growth cycle, nutrient-solution-level means)","Nutrient-solution-level marginal mean, pooled across all 6 vegetable sub-treatments (MHD/MIHD/MILD/RHD/RIHD/RILD); the full water-treatment x vegetable-treatment interaction cell values are not tabulated (only significance flagged for the WxV row), see trials.csv Experimental Remarks. Treatment label in paper: HC. Cycle 1. No SD/SE given in Table 5, only letter groupings -- SD recorded NR."
nicolettoExtensionAquaponicWater2018,nicolettoExtensionAquaponicWater2018-T1,AP,mineral,Nitrate (NO3-),37753,NR,mg/kg dw,a,"Table 5, p.12 (First growth cycle, nutrient-solution-level means)","Nutrient-solution-level marginal mean, pooled across all 6 vegetable sub-treatments (MHD/MIHD/MILD/RHD/RIHD/RILD); the full water-treatment x vegetable-treatment interaction cell values are not tabulated (only significance flagged for the WxV row), see trials.csv Experimental Remarks. Treatment label in paper: APW. Cycle 1."
nicolettoExtensionAquaponicWater2018,nicolettoExtensionAquaponicWater2018-T2,AP,mineral,Nitrate (NO3-),1819,NR,mg/kg dw,b,"Table 5, p.12 (First growth cycle, nutrient-solution-level means)","Nutrient-solution-level marginal mean, pooled across all 6 vegetable sub-treatments (MHD/MIHD/MILD/RHD/RIHD/RILD); the full water-treatment x vegetable-treatment interaction cell values are not tabulated (only significance flagged for the WxV row), see trials.csv Experimental Remarks. Treatment label in paper: CAPW. Cycle 1."
nicolettoExtensionAquaponicWater2018,nicolettoExtensionAquaponicWater2018-T2,HYD,mineral,Nitrate (NO3-),4214,NR,mg/kg dw,b,"Table 5, p.12 (First growth cycle, nutrient-solution-level means)","Nutrient-solution-level marginal mean, pooled across all 6 vegetable sub-treatments (MHD/MIHD/MILD/RHD/RIHD/RILD); the full water-treatment x vegetable-treatment interaction cell values are not tabulated (only significance flagged for the WxV row), see trials.csv Experimental Remarks. Treatment label in paper: HC (same value as T1 HYD row, shared control). Cycle 1."
nicolettoExtensionAquaponicWater2018,nicolettoExtensionAquaponicWater2018-T1,HYD,mineral,Phosphate (PO4 3-),7664,NR,mg/kg dw,a,"Table 5, p.12 (First growth cycle, nutrient-solution-level means)","Nutrient-solution-level marginal mean, pooled across all 6 vegetable sub-treatments (MHD/MIHD/MILD/RHD/RIHD/RILD); the full water-treatment x vegetable-treatment interaction cell values are not tabulated (only significance flagged for the WxV row), see trials.csv Experimental Remarks. Treatment label in paper: HC. Cycle 1. No SD/SE given in Table 5, only letter groupings -- SD recorded NR."
nicolettoExtensionAquaponicWater2018,nicolettoExtensionAquaponicWater2018-T1,AP,mineral,Phosphate (PO4 3-),4808,NR,mg/kg dw,b,"Table 5, p.12 (First growth cycle, nutrient-solution-level means)","Nutrient-solution-level marginal mean, pooled across all 6 vegetable sub-treatments (MHD/MIHD/MILD/RHD/RIHD/RILD); the full water-treatment x vegetable-treatment interaction cell values are not tabulated (only significance flagged for the WxV row), see trials.csv Experimental Remarks. Treatment label in paper: APW. Cycle 1."
nicolettoExtensionAquaponicWater2018,nicolettoExtensionAquaponicWater2018-T2,AP,mineral,Phosphate (PO4 3-),7998,NR,mg/kg dw,a,"Table 5, p.12 (First growth cycle, nutrient-solution-level means)","Nutrient-solution-level marginal mean, pooled across all 6 vegetable sub-treatments (MHD/MIHD/MILD/RHD/RIHD/RILD); the full water-treatment x vegetable-treatment interaction cell values are not tabulated (only significance flagged for the WxV row), see trials.csv Experimental Remarks. Treatment label in paper: CAPW. Cycle 1."
nicolettoExtensionAquaponicWater2018,nicolettoExtensionAquaponicWater2018-T2,HYD,mineral,Phosphate (PO4 3-),7664,NR,mg/kg dw,a,"Table 5, p.12 (First growth cycle, nutrient-solution-level means)","Nutrient-solution-level marginal mean, pooled across all 6 vegetable sub-treatments (MHD/MIHD/MILD/RHD/RIHD/RILD); the full water-treatment x vegetable-treatment interaction cell values are not tabulated (only significance flagged for the WxV row), see trials.csv Experimental Remarks. Treatment label in paper: HC (same value as T1 HYD row, shared control). Cycle 1."
nicolettoExtensionAquaponicWater2018,nicolettoExtensionAquaponicWater2018-T1,HYD,mineral,Sulfate (SO4 2-),9539,NR,mg/kg dw,b,"Table 5, p.12 (First growth cycle, nutrient-solution-level means)","Nutrient-solution-level marginal mean, pooled across all 6 vegetable sub-treatments (MHD/MIHD/MILD/RHD/RIHD/RILD); the full water-treatment x vegetable-treatment interaction cell values are not tabulated (only significance flagged for the WxV row), see trials.csv Experimental Remarks. Treatment label in paper: HC. Cycle 1. No SD/SE given in Table 5, only letter groupings -- SD recorded NR."
nicolettoExtensionAquaponicWater2018,nicolettoExtensionAquaponicWater2018-T1,AP,mineral,Sulfate (SO4 2-),31774,NR,mg/kg dw,a,"Table 5, p.12 (First growth cycle, nutrient-solution-level means)","Nutrient-solution-level marginal mean, pooled across all 6 vegetable sub-treatments (MHD/MIHD/MILD/RHD/RIHD/RILD); the full water-treatment x vegetable-treatment interaction cell values are not tabulated (only significance flagged for the WxV row), see trials.csv Experimental Remarks. Treatment label in paper: APW. Cycle 1."
nicolettoExtensionAquaponicWater2018,nicolettoExtensionAquaponicWater2018-T2,AP,mineral,Sulfate (SO4 2-),9468,NR,mg/kg dw,b,"Table 5, p.12 (First growth cycle, nutrient-solution-level means)","Nutrient-solution-level marginal mean, pooled across all 6 vegetable sub-treatments (MHD/MIHD/MILD/RHD/RIHD/RILD); the full water-treatment x vegetable-treatment interaction cell values are not tabulated (only significance flagged for the WxV row), see trials.csv Experimental Remarks. Treatment label in paper: CAPW. Cycle 1."
nicolettoExtensionAquaponicWater2018,nicolettoExtensionAquaponicWater2018-T2,HYD,mineral,Sulfate (SO4 2-),9539,NR,mg/kg dw,b,"Table 5, p.12 (First growth cycle, nutrient-solution-level means)","Nutrient-solution-level marginal mean, pooled across all 6 vegetable sub-treatments (MHD/MIHD/MILD/RHD/RIHD/RILD); the full water-treatment x vegetable-treatment interaction cell values are not tabulated (only significance flagged for the WxV row), see trials.csv Experimental Remarks. Treatment label in paper: HC (same value as T1 HYD row, shared control). Cycle 1."
nicolettoExtensionAquaponicWater2018,nicolettoExtensionAquaponicWater2018-T1,HYD,mineral,Sodium (Na+),1914,NR,mg/kg dw,b,"Table 5, p.12 (First growth cycle, nutrient-solution-level means)","Nutrient-solution-level marginal mean, pooled across all 6 vegetable sub-treatments (MHD/MIHD/MILD/RHD/RIHD/RILD); the full water-treatment x vegetable-treatment interaction cell values are not tabulated (only significance flagged for the WxV row), see trials.csv Experimental Remarks. Treatment label in paper: HC. Cycle 1. No SD/SE given in Table 5, only letter groupings -- SD recorded NR."
nicolettoExtensionAquaponicWater2018,nicolettoExtensionAquaponicWater2018-T1,AP,mineral,Sodium (Na+),4336,NR,mg/kg dw,a,"Table 5, p.12 (First growth cycle, nutrient-solution-level means)","Nutrient-solution-level marginal mean, pooled across all 6 vegetable sub-treatments (MHD/MIHD/MILD/RHD/RIHD/RILD); the full water-treatment x vegetable-treatment interaction cell values are not tabulated (only significance flagged for the WxV row), see trials.csv Experimental Remarks. Treatment label in paper: APW. Cycle 1."
nicolettoExtensionAquaponicWater2018,nicolettoExtensionAquaponicWater2018-T2,AP,mineral,Sodium (Na+),1961,NR,mg/kg dw,b,"Table 5, p.12 (First growth cycle, nutrient-solution-level means)","Nutrient-solution-level marginal mean, pooled across all 6 vegetable sub-treatments (MHD/MIHD/MILD/RHD/RIHD/RILD); the full water-treatment x vegetable-treatment interaction cell values are not tabulated (only significance flagged for the WxV row), see trials.csv Experimental Remarks. Treatment label in paper: CAPW. Cycle 1."
nicolettoExtensionAquaponicWater2018,nicolettoExtensionAquaponicWater2018-T2,HYD,mineral,Sodium (Na+),1914,NR,mg/kg dw,b,"Table 5, p.12 (First growth cycle, nutrient-solution-level means)","Nutrient-solution-level marginal mean, pooled across all 6 vegetable sub-treatments (MHD/MIHD/MILD/RHD/RIHD/RILD); the full water-treatment x vegetable-treatment interaction cell values are not tabulated (only significance flagged for the WxV row), see trials.csv Experimental Remarks. Treatment label in paper: HC (same value as T1 HYD row, shared control). Cycle 1."
nicolettoExtensionAquaponicWater2018,nicolettoExtensionAquaponicWater2018-T1,HYD,mineral,Ammonium (NH4+),327,NR,mg/kg dw,b,"Table 5, p.12 (First growth cycle, nutrient-solution-level means)","Nutrient-solution-level marginal mean, pooled across all 6 vegetable sub-treatments (MHD/MIHD/MILD/RHD/RIHD/RILD); the full water-treatment x vegetable-treatment interaction cell values are not tabulated (only significance flagged for the WxV row), see trials.csv Experimental Remarks. Treatment label in paper: HC. Cycle 1. No SD/SE given in Table 5, only letter groupings -- SD recorded NR."
nicolettoExtensionAquaponicWater2018,nicolettoExtensionAquaponicWater2018-T1,AP,mineral,Ammonium (NH4+),1821,NR,mg/kg dw,a,"Table 5, p.12 (First growth cycle, nutrient-solution-level means)","Nutrient-solution-level marginal mean, pooled across all 6 vegetable sub-treatments (MHD/MIHD/MILD/RHD/RIHD/RILD); the full water-treatment x vegetable-treatment interaction cell values are not tabulated (only significance flagged for the WxV row), see trials.csv Experimental Remarks. Treatment label in paper: APW. Cycle 1."
nicolettoExtensionAquaponicWater2018,nicolettoExtensionAquaponicWater2018-T2,AP,mineral,Ammonium (NH4+),324,NR,mg/kg dw,b,"Table 5, p.12 (First growth cycle, nutrient-solution-level means)","Nutrient-solution-level marginal mean, pooled across all 6 vegetable sub-treatments (MHD/MIHD/MILD/RHD/RIHD/RILD); the full water-treatment x vegetable-treatment interaction cell values are not tabulated (only significance flagged for the WxV row), see trials.csv Experimental Remarks. Treatment label in paper: CAPW. Cycle 1."
nicolettoExtensionAquaponicWater2018,nicolettoExtensionAquaponicWater2018-T2,HYD,mineral,Ammonium (NH4+),327,NR,mg/kg dw,b,"Table 5, p.12 (First growth cycle, nutrient-solution-level means)","Nutrient-solution-level marginal mean, pooled across all 6 vegetable sub-treatments (MHD/MIHD/MILD/RHD/RIHD/RILD); the full water-treatment x vegetable-treatment interaction cell values are not tabulated (only significance flagged for the WxV row), see trials.csv Experimental Remarks. Treatment label in paper: HC (same value as T1 HYD row, shared control). Cycle 1."
nicolettoExtensionAquaponicWater2018,nicolettoExtensionAquaponicWater2018-T1,HYD,mineral,Potassium (K+),35094,NR,mg/kg dw,a,"Table 5, p.12 (First growth cycle, nutrient-solution-level means)","Nutrient-solution-level marginal mean, pooled across all 6 vegetable sub-treatments (MHD/MIHD/MILD/RHD/RIHD/RILD); the full water-treatment x vegetable-treatment interaction cell values are not tabulated (only significance flagged for the WxV row), see trials.csv Experimental Remarks. Treatment label in paper: HC. Cycle 1. No SD/SE given in Table 5, only letter groupings -- SD recorded NR."
nicolettoExtensionAquaponicWater2018,nicolettoExtensionAquaponicWater2018-T1,AP,mineral,Potassium (K+),11999,NR,mg/kg dw,c,"Table 5, p.12 (First growth cycle, nutrient-solution-level means)","Nutrient-solution-level marginal mean, pooled across all 6 vegetable sub-treatments (MHD/MIHD/MILD/RHD/RIHD/RILD); the full water-treatment x vegetable-treatment interaction cell values are not tabulated (only significance flagged for the WxV row), see trials.csv Experimental Remarks. Treatment label in paper: APW. Cycle 1."
nicolettoExtensionAquaponicWater2018,nicolettoExtensionAquaponicWater2018-T2,AP,mineral,Potassium (K+),24719,NR,mg/kg dw,b,"Table 5, p.12 (First growth cycle, nutrient-solution-level means)","Nutrient-solution-level marginal mean, pooled across all 6 vegetable sub-treatments (MHD/MIHD/MILD/RHD/RIHD/RILD); the full water-treatment x vegetable-treatment interaction cell values are not tabulated (only significance flagged for the WxV row), see trials.csv Experimental Remarks. Treatment label in paper: CAPW. Cycle 1."
nicolettoExtensionAquaponicWater2018,nicolettoExtensionAquaponicWater2018-T2,HYD,mineral,Potassium (K+),35094,NR,mg/kg dw,a,"Table 5, p.12 (First growth cycle, nutrient-solution-level means)","Nutrient-solution-level marginal mean, pooled across all 6 vegetable sub-treatments (MHD/MIHD/MILD/RHD/RIHD/RILD); the full water-treatment x vegetable-treatment interaction cell values are not tabulated (only significance flagged for the WxV row), see trials.csv Experimental Remarks. Treatment label in paper: HC (same value as T1 HYD row, shared control). Cycle 1."
nicolettoExtensionAquaponicWater2018,nicolettoExtensionAquaponicWater2018-T1,HYD,mineral,Magnesium (Mg2+),6598,NR,mg/kg dw,b,"Table 5, p.12 (First growth cycle, nutrient-solution-level means)","Nutrient-solution-level marginal mean, pooled across all 6 vegetable sub-treatments (MHD/MIHD/MILD/RHD/RIHD/RILD); the full water-treatment x vegetable-treatment interaction cell values are not tabulated (only significance flagged for the WxV row), see trials.csv Experimental Remarks. Treatment label in paper: HC. Cycle 1. No SD/SE given in Table 5, only letter groupings -- SD recorded NR."
nicolettoExtensionAquaponicWater2018,nicolettoExtensionAquaponicWater2018-T1,AP,mineral,Magnesium (Mg2+),8010,NR,mg/kg dw,a,"Table 5, p.12 (First growth cycle, nutrient-solution-level means)","Nutrient-solution-level marginal mean, pooled across all 6 vegetable sub-treatments (MHD/MIHD/MILD/RHD/RIHD/RILD); the full water-treatment x vegetable-treatment interaction cell values are not tabulated (only significance flagged for the WxV row), see trials.csv Experimental Remarks. Treatment label in paper: APW. Cycle 1."
nicolettoExtensionAquaponicWater2018,nicolettoExtensionAquaponicWater2018-T2,AP,mineral,Magnesium (Mg2+),4662,NR,mg/kg dw,c,"Table 5, p.12 (First growth cycle, nutrient-solution-level means)","Nutrient-solution-level marginal mean, pooled across all 6 vegetable sub-treatments (MHD/MIHD/MILD/RHD/RIHD/RILD); the full water-treatment x vegetable-treatment interaction cell values are not tabulated (only significance flagged for the WxV row), see trials.csv Experimental Remarks. Treatment label in paper: CAPW. Cycle 1."
nicolettoExtensionAquaponicWater2018,nicolettoExtensionAquaponicWater2018-T2,HYD,mineral,Magnesium (Mg2+),6598,NR,mg/kg dw,b,"Table 5, p.12 (First growth cycle, nutrient-solution-level means)","Nutrient-solution-level marginal mean, pooled across all 6 vegetable sub-treatments (MHD/MIHD/MILD/RHD/RIHD/RILD); the full water-treatment x vegetable-treatment interaction cell values are not tabulated (only significance flagged for the WxV row), see trials.csv Experimental Remarks. Treatment label in paper: HC (same value as T1 HYD row, shared control). Cycle 1."
nicolettoExtensionAquaponicWater2018,nicolettoExtensionAquaponicWater2018-T1,HYD,mineral,Calcium (Ca2+),12136,NR,mg/kg dw,b,"Table 5, p.12 (First growth cycle, nutrient-solution-level means)","Nutrient-solution-level marginal mean, pooled across all 6 vegetable sub-treatments (MHD/MIHD/MILD/RHD/RIHD/RILD); the full water-treatment x vegetable-treatment interaction cell values are not tabulated (only significance flagged for the WxV row), see trials.csv Experimental Remarks. Treatment label in paper: HC. Cycle 1. No SD/SE given in Table 5, only letter groupings -- SD recorded NR."
nicolettoExtensionAquaponicWater2018,nicolettoExtensionAquaponicWater2018-T1,AP,mineral,Calcium (Ca2+),46363,NR,mg/kg dw,a,"Table 5, p.12 (First growth cycle, nutrient-solution-level means)","Nutrient-solution-level marginal mean, pooled across all 6 vegetable sub-treatments (MHD/MIHD/MILD/RHD/RIHD/RILD); the full water-treatment x vegetable-treatment interaction cell values are not tabulated (only significance flagged for the WxV row), see trials.csv Experimental Remarks. Treatment label in paper: APW. Cycle 1."
nicolettoExtensionAquaponicWater2018,nicolettoExtensionAquaponicWater2018-T2,AP,mineral,Calcium (Ca2+),12657,NR,mg/kg dw,b,"Table 5, p.12 (First growth cycle, nutrient-solution-level means)","Nutrient-solution-level marginal mean, pooled across all 6 vegetable sub-treatments (MHD/MIHD/MILD/RHD/RIHD/RILD); the full water-treatment x vegetable-treatment interaction cell values are not tabulated (only significance flagged for the WxV row), see trials.csv Experimental Remarks. Treatment label in paper: CAPW. Cycle 1."
nicolettoExtensionAquaponicWater2018,nicolettoExtensionAquaponicWater2018-T2,HYD,mineral,Calcium (Ca2+),12136,NR,mg/kg dw,b,"Table 5, p.12 (First growth cycle, nutrient-solution-level means)","Nutrient-solution-level marginal mean, pooled across all 6 vegetable sub-treatments (MHD/MIHD/MILD/RHD/RIHD/RILD); the full water-treatment x vegetable-treatment interaction cell values are not tabulated (only significance flagged for the WxV row), see trials.csv Experimental Remarks. Treatment label in paper: HC (same value as T1 HYD row, shared control). Cycle 1."
nicolettoExtensionAquaponicWater2018,nicolettoExtensionAquaponicWater2018-T1,HYD,mineral,Chloride (Cl-),3185,NR,mg/kg dw,b,"Table 6, p.13 (Second growth cycle, nutrient-solution-level means)","Nutrient-solution-level marginal mean, pooled across all 6 vegetable sub-treatments (MHD/MIHD/MILD/RHD/RIHD/RILD); the full water-treatment x vegetable-treatment interaction cell values are not tabulated (only significance flagged for the WxV row), see trials.csv Experimental Remarks. Treatment label in paper: HC. Cycle 2. No SD/SE given in Table 6, only letter groupings -- SD recorded NR."
nicolettoExtensionAquaponicWater2018,nicolettoExtensionAquaponicWater2018-T1,AP,mineral,Chloride (Cl-),5637,NR,mg/kg dw,a,"Table 6, p.13 (Second growth cycle, nutrient-solution-level means)","Nutrient-solution-level marginal mean, pooled across all 6 vegetable sub-treatments (MHD/MIHD/MILD/RHD/RIHD/RILD); the full water-treatment x vegetable-treatment interaction cell values are not tabulated (only significance flagged for the WxV row), see trials.csv Experimental Remarks. Treatment label in paper: APW. Cycle 2."
nicolettoExtensionAquaponicWater2018,nicolettoExtensionAquaponicWater2018-T2,AP,mineral,Chloride (Cl-),3666,NR,mg/kg dw,b,"Table 6, p.13 (Second growth cycle, nutrient-solution-level means)","Nutrient-solution-level marginal mean, pooled across all 6 vegetable sub-treatments (MHD/MIHD/MILD/RHD/RIHD/RILD); the full water-treatment x vegetable-treatment interaction cell values are not tabulated (only significance flagged for the WxV row), see trials.csv Experimental Remarks. Treatment label in paper: CAPW. Cycle 2."
nicolettoExtensionAquaponicWater2018,nicolettoExtensionAquaponicWater2018-T2,HYD,mineral,Chloride (Cl-),3185,NR,mg/kg dw,b,"Table 6, p.13 (Second growth cycle, nutrient-solution-level means)","Nutrient-solution-level marginal mean, pooled across all 6 vegetable sub-treatments (MHD/MIHD/MILD/RHD/RIHD/RILD); the full water-treatment x vegetable-treatment interaction cell values are not tabulated (only significance flagged for the WxV row), see trials.csv Experimental Remarks. Treatment label in paper: HC (same value as T1 HYD row, shared control). Cycle 2."
nicolettoExtensionAquaponicWater2018,nicolettoExtensionAquaponicWater2018-T1,HYD,mineral,Nitrite (NO2-),4.98,NR,mg/kg dw,b,"Table 6, p.13 (Second growth cycle, nutrient-solution-level means)","Nutrient-solution-level marginal mean, pooled across all 6 vegetable sub-treatments (MHD/MIHD/MILD/RHD/RIHD/RILD); the full water-treatment x vegetable-treatment interaction cell values are not tabulated (only significance flagged for the WxV row), see trials.csv Experimental Remarks. Treatment label in paper: HC. Cycle 2. No SD/SE given in Table 6, only letter groupings -- SD recorded NR."
nicolettoExtensionAquaponicWater2018,nicolettoExtensionAquaponicWater2018-T1,AP,mineral,Nitrite (NO2-),107,NR,mg/kg dw,a,"Table 6, p.13 (Second growth cycle, nutrient-solution-level means)","Nutrient-solution-level marginal mean, pooled across all 6 vegetable sub-treatments (MHD/MIHD/MILD/RHD/RIHD/RILD); the full water-treatment x vegetable-treatment interaction cell values are not tabulated (only significance flagged for the WxV row), see trials.csv Experimental Remarks. Treatment label in paper: APW. Cycle 2."
nicolettoExtensionAquaponicWater2018,nicolettoExtensionAquaponicWater2018-T2,AP,mineral,Nitrite (NO2-),119,NR,mg/kg dw,a,"Table 6, p.13 (Second growth cycle, nutrient-solution-level means)","Nutrient-solution-level marginal mean, pooled across all 6 vegetable sub-treatments (MHD/MIHD/MILD/RHD/RIHD/RILD); the full water-treatment x vegetable-treatment interaction cell values are not tabulated (only significance flagged for the WxV row), see trials.csv Experimental Remarks. Treatment label in paper: CAPW. Cycle 2."
nicolettoExtensionAquaponicWater2018,nicolettoExtensionAquaponicWater2018-T2,HYD,mineral,Nitrite (NO2-),4.98,NR,mg/kg dw,b,"Table 6, p.13 (Second growth cycle, nutrient-solution-level means)","Nutrient-solution-level marginal mean, pooled across all 6 vegetable sub-treatments (MHD/MIHD/MILD/RHD/RIHD/RILD); the full water-treatment x vegetable-treatment interaction cell values are not tabulated (only significance flagged for the WxV row), see trials.csv Experimental Remarks. Treatment label in paper: HC (same value as T1 HYD row, shared control). Cycle 2."
nicolettoExtensionAquaponicWater2018,nicolettoExtensionAquaponicWater2018-T1,HYD,mineral,Nitrate (NO3-),4014,NR,mg/kg dw,b,"Table 6, p.13 (Second growth cycle, nutrient-solution-level means)","Nutrient-solution-level marginal mean, pooled across all 6 vegetable sub-treatments (MHD/MIHD/MILD/RHD/RIHD/RILD); the full water-treatment x vegetable-treatment interaction cell values are not tabulated (only significance flagged for the WxV row), see trials.csv Experimental Remarks. Treatment label in paper: HC. Cycle 2. No SD/SE given in Table 6, only letter groupings -- SD recorded NR."
nicolettoExtensionAquaponicWater2018,nicolettoExtensionAquaponicWater2018-T1,AP,mineral,Nitrate (NO3-),34601,NR,mg/kg dw,a,"Table 6, p.13 (Second growth cycle, nutrient-solution-level means)","Nutrient-solution-level marginal mean, pooled across all 6 vegetable sub-treatments (MHD/MIHD/MILD/RHD/RIHD/RILD); the full water-treatment x vegetable-treatment interaction cell values are not tabulated (only significance flagged for the WxV row), see trials.csv Experimental Remarks. Treatment label in paper: APW. Cycle 2."
nicolettoExtensionAquaponicWater2018,nicolettoExtensionAquaponicWater2018-T2,AP,mineral,Nitrate (NO3-),1357,NR,mg/kg dw,c,"Table 6, p.13 (Second growth cycle, nutrient-solution-level means)","Nutrient-solution-level marginal mean, pooled across all 6 vegetable sub-treatments (MHD/MIHD/MILD/RHD/RIHD/RILD); the full water-treatment x vegetable-treatment interaction cell values are not tabulated (only significance flagged for the WxV row), see trials.csv Experimental Remarks. Treatment label in paper: CAPW. Cycle 2."
nicolettoExtensionAquaponicWater2018,nicolettoExtensionAquaponicWater2018-T2,HYD,mineral,Nitrate (NO3-),4014,NR,mg/kg dw,b,"Table 6, p.13 (Second growth cycle, nutrient-solution-level means)","Nutrient-solution-level marginal mean, pooled across all 6 vegetable sub-treatments (MHD/MIHD/MILD/RHD/RIHD/RILD); the full water-treatment x vegetable-treatment interaction cell values are not tabulated (only significance flagged for the WxV row), see trials.csv Experimental Remarks. Treatment label in paper: HC (same value as T1 HYD row, shared control). Cycle 2."
nicolettoExtensionAquaponicWater2018,nicolettoExtensionAquaponicWater2018-T1,HYD,mineral,Phosphate (PO4 3-),8010,NR,mg/kg dw,a,"Table 6, p.13 (Second growth cycle, nutrient-solution-level means)","Nutrient-solution-level marginal mean, pooled across all 6 vegetable sub-treatments (MHD/MIHD/MILD/RHD/RIHD/RILD); the full water-treatment x vegetable-treatment interaction cell values are not tabulated (only significance flagged for the WxV row), see trials.csv Experimental Remarks. Treatment label in paper: HC. Cycle 2. No SD/SE given in Table 6, only letter groupings -- SD recorded NR."
nicolettoExtensionAquaponicWater2018,nicolettoExtensionAquaponicWater2018-T1,AP,mineral,Phosphate (PO4 3-),5486,NR,mg/kg dw,b,"Table 6, p.13 (Second growth cycle, nutrient-solution-level means)","Nutrient-solution-level marginal mean, pooled across all 6 vegetable sub-treatments (MHD/MIHD/MILD/RHD/RIHD/RILD); the full water-treatment x vegetable-treatment interaction cell values are not tabulated (only significance flagged for the WxV row), see trials.csv Experimental Remarks. Treatment label in paper: APW. Cycle 2."
nicolettoExtensionAquaponicWater2018,nicolettoExtensionAquaponicWater2018-T2,AP,mineral,Phosphate (PO4 3-),8228,NR,mg/kg dw,a,"Table 6, p.13 (Second growth cycle, nutrient-solution-level means)","Nutrient-solution-level marginal mean, pooled across all 6 vegetable sub-treatments (MHD/MIHD/MILD/RHD/RIHD/RILD); the full water-treatment x vegetable-treatment interaction cell values are not tabulated (only significance flagged for the WxV row), see trials.csv Experimental Remarks. Treatment label in paper: CAPW. Cycle 2."
nicolettoExtensionAquaponicWater2018,nicolettoExtensionAquaponicWater2018-T2,HYD,mineral,Phosphate (PO4 3-),8010,NR,mg/kg dw,a,"Table 6, p.13 (Second growth cycle, nutrient-solution-level means)","Nutrient-solution-level marginal mean, pooled across all 6 vegetable sub-treatments (MHD/MIHD/MILD/RHD/RIHD/RILD); the full water-treatment x vegetable-treatment interaction cell values are not tabulated (only significance flagged for the WxV row), see trials.csv Experimental Remarks. Treatment label in paper: HC (same value as T1 HYD row, shared control). Cycle 2."
nicolettoExtensionAquaponicWater2018,nicolettoExtensionAquaponicWater2018-T1,HYD,mineral,Sulfate (SO4 2-),10053,NR,mg/kg dw,b,"Table 6, p.13 (Second growth cycle, nutrient-solution-level means)","Nutrient-solution-level marginal mean, pooled across all 6 vegetable sub-treatments (MHD/MIHD/MILD/RHD/RIHD/RILD); the full water-treatment x vegetable-treatment interaction cell values are not tabulated (only significance flagged for the WxV row), see trials.csv Experimental Remarks. Treatment label in paper: HC. Cycle 2. No SD/SE given in Table 6, only letter groupings -- SD recorded NR."
nicolettoExtensionAquaponicWater2018,nicolettoExtensionAquaponicWater2018-T1,AP,mineral,Sulfate (SO4 2-),35070,NR,mg/kg dw,a,"Table 6, p.13 (Second growth cycle, nutrient-solution-level means)","Nutrient-solution-level marginal mean, pooled across all 6 vegetable sub-treatments (MHD/MIHD/MILD/RHD/RIHD/RILD); the full water-treatment x vegetable-treatment interaction cell values are not tabulated (only significance flagged for the WxV row), see trials.csv Experimental Remarks. Treatment label in paper: APW. Cycle 2."
nicolettoExtensionAquaponicWater2018,nicolettoExtensionAquaponicWater2018-T2,AP,mineral,Sulfate (SO4 2-),9996,NR,mg/kg dw,b,"Table 6, p.13 (Second growth cycle, nutrient-solution-level means)","Nutrient-solution-level marginal mean, pooled across all 6 vegetable sub-treatments (MHD/MIHD/MILD/RHD/RIHD/RILD); the full water-treatment x vegetable-treatment interaction cell values are not tabulated (only significance flagged for the WxV row), see trials.csv Experimental Remarks. Treatment label in paper: CAPW. Cycle 2."
nicolettoExtensionAquaponicWater2018,nicolettoExtensionAquaponicWater2018-T2,HYD,mineral,Sulfate (SO4 2-),10053,NR,mg/kg dw,b,"Table 6, p.13 (Second growth cycle, nutrient-solution-level means)","Nutrient-solution-level marginal mean, pooled across all 6 vegetable sub-treatments (MHD/MIHD/MILD/RHD/RIHD/RILD); the full water-treatment x vegetable-treatment interaction cell values are not tabulated (only significance flagged for the WxV row), see trials.csv Experimental Remarks. Treatment label in paper: HC (same value as T1 HYD row, shared control). Cycle 2."
nicolettoExtensionAquaponicWater2018,nicolettoExtensionAquaponicWater2018-T1,HYD,mineral,Sodium (Na+),2470,NR,mg/kg dw,b,"Table 6, p.13 (Second growth cycle, nutrient-solution-level means)","Nutrient-solution-level marginal mean, pooled across all 6 vegetable sub-treatments (MHD/MIHD/MILD/RHD/RIHD/RILD); the full water-treatment x vegetable-treatment interaction cell values are not tabulated (only significance flagged for the WxV row), see trials.csv Experimental Remarks. Treatment label in paper: HC. Cycle 2. No SD/SE given in Table 6, only letter groupings -- SD recorded NR."
nicolettoExtensionAquaponicWater2018,nicolettoExtensionAquaponicWater2018-T1,AP,mineral,Sodium (Na+),4674,NR,mg/kg dw,a,"Table 6, p.13 (Second growth cycle, nutrient-solution-level means)","Nutrient-solution-level marginal mean, pooled across all 6 vegetable sub-treatments (MHD/MIHD/MILD/RHD/RIHD/RILD); the full water-treatment x vegetable-treatment interaction cell values are not tabulated (only significance flagged for the WxV row), see trials.csv Experimental Remarks. Treatment label in paper: APW. Cycle 2."
nicolettoExtensionAquaponicWater2018,nicolettoExtensionAquaponicWater2018-T2,AP,mineral,Sodium (Na+),2259,NR,mg/kg dw,b,"Table 6, p.13 (Second growth cycle, nutrient-solution-level means)","Nutrient-solution-level marginal mean, pooled across all 6 vegetable sub-treatments (MHD/MIHD/MILD/RHD/RIHD/RILD); the full water-treatment x vegetable-treatment interaction cell values are not tabulated (only significance flagged for the WxV row), see trials.csv Experimental Remarks. Treatment label in paper: CAPW. Cycle 2."
nicolettoExtensionAquaponicWater2018,nicolettoExtensionAquaponicWater2018-T2,HYD,mineral,Sodium (Na+),2470,NR,mg/kg dw,b,"Table 6, p.13 (Second growth cycle, nutrient-solution-level means)","Nutrient-solution-level marginal mean, pooled across all 6 vegetable sub-treatments (MHD/MIHD/MILD/RHD/RIHD/RILD); the full water-treatment x vegetable-treatment interaction cell values are not tabulated (only significance flagged for the WxV row), see trials.csv Experimental Remarks. Treatment label in paper: HC (same value as T1 HYD row, shared control). Cycle 2."
nicolettoExtensionAquaponicWater2018,nicolettoExtensionAquaponicWater2018-T1,HYD,mineral,Ammonium (NH4+),375,NR,mg/kg dw,b,"Table 6, p.13 (Second growth cycle, nutrient-solution-level means)","Nutrient-solution-level marginal mean, pooled across all 6 vegetable sub-treatments (MHD/MIHD/MILD/RHD/RIHD/RILD); the full water-treatment x vegetable-treatment interaction cell values are not tabulated (only significance flagged for the WxV row), see trials.csv Experimental Remarks. Treatment label in paper: HC. Cycle 2. No SD/SE given in Table 6, only letter groupings -- SD recorded NR."
nicolettoExtensionAquaponicWater2018,nicolettoExtensionAquaponicWater2018-T1,AP,mineral,Ammonium (NH4+),2391,NR,mg/kg dw,a,"Table 6, p.13 (Second growth cycle, nutrient-solution-level means)","Nutrient-solution-level marginal mean, pooled across all 6 vegetable sub-treatments (MHD/MIHD/MILD/RHD/RIHD/RILD); the full water-treatment x vegetable-treatment interaction cell values are not tabulated (only significance flagged for the WxV row), see trials.csv Experimental Remarks. Treatment label in paper: APW. Cycle 2."
nicolettoExtensionAquaponicWater2018,nicolettoExtensionAquaponicWater2018-T2,AP,mineral,Ammonium (NH4+),402,NR,mg/kg dw,b,"Table 6, p.13 (Second growth cycle, nutrient-solution-level means)","Nutrient-solution-level marginal mean, pooled across all 6 vegetable sub-treatments (MHD/MIHD/MILD/RHD/RIHD/RILD); the full water-treatment x vegetable-treatment interaction cell values are not tabulated (only significance flagged for the WxV row), see trials.csv Experimental Remarks. Treatment label in paper: CAPW. Cycle 2."
nicolettoExtensionAquaponicWater2018,nicolettoExtensionAquaponicWater2018-T2,HYD,mineral,Ammonium (NH4+),375,NR,mg/kg dw,b,"Table 6, p.13 (Second growth cycle, nutrient-solution-level means)","Nutrient-solution-level marginal mean, pooled across all 6 vegetable sub-treatments (MHD/MIHD/MILD/RHD/RIHD/RILD); the full water-treatment x vegetable-treatment interaction cell values are not tabulated (only significance flagged for the WxV row), see trials.csv Experimental Remarks. Treatment label in paper: HC (same value as T1 HYD row, shared control). Cycle 2."
nicolettoExtensionAquaponicWater2018,nicolettoExtensionAquaponicWater2018-T1,HYD,mineral,Potassium (K+),40086,NR,mg/kg dw,a,"Table 6, p.13 (Second growth cycle, nutrient-solution-level means)","Nutrient-solution-level marginal mean, pooled across all 6 vegetable sub-treatments (MHD/MIHD/MILD/RHD/RIHD/RILD); the full water-treatment x vegetable-treatment interaction cell values are not tabulated (only significance flagged for the WxV row), see trials.csv Experimental Remarks. Treatment label in paper: HC. Cycle 2. No SD/SE given in Table 6, only letter groupings -- SD recorded NR."
nicolettoExtensionAquaponicWater2018,nicolettoExtensionAquaponicWater2018-T1,AP,mineral,Potassium (K+),13317,NR,mg/kg dw,c,"Table 6, p.13 (Second growth cycle, nutrient-solution-level means)","Nutrient-solution-level marginal mean, pooled across all 6 vegetable sub-treatments (MHD/MIHD/MILD/RHD/RIHD/RILD); the full water-treatment x vegetable-treatment interaction cell values are not tabulated (only significance flagged for the WxV row), see trials.csv Experimental Remarks. Treatment label in paper: APW. Cycle 2."
nicolettoExtensionAquaponicWater2018,nicolettoExtensionAquaponicWater2018-T2,AP,mineral,Potassium (K+),26381,NR,mg/kg dw,b,"Table 6, p.13 (Second growth cycle, nutrient-solution-level means)","Nutrient-solution-level marginal mean, pooled across all 6 vegetable sub-treatments (MHD/MIHD/MILD/RHD/RIHD/RILD); the full water-treatment x vegetable-treatment interaction cell values are not tabulated (only significance flagged for the WxV row), see trials.csv Experimental Remarks. Treatment label in paper: CAPW. Cycle 2."
nicolettoExtensionAquaponicWater2018,nicolettoExtensionAquaponicWater2018-T2,HYD,mineral,Potassium (K+),40086,NR,mg/kg dw,a,"Table 6, p.13 (Second growth cycle, nutrient-solution-level means)","Nutrient-solution-level marginal mean, pooled across all 6 vegetable sub-treatments (MHD/MIHD/MILD/RHD/RIHD/RILD); the full water-treatment x vegetable-treatment interaction cell values are not tabulated (only significance flagged for the WxV row), see trials.csv Experimental Remarks. Treatment label in paper: HC (same value as T1 HYD row, shared control). Cycle 2."
nicolettoExtensionAquaponicWater2018,nicolettoExtensionAquaponicWater2018-T1,HYD,mineral,Magnesium (Mg2+),7272,NR,mg/kg dw,b,"Table 6, p.13 (Second growth cycle, nutrient-solution-level means)","Nutrient-solution-level marginal mean, pooled across all 6 vegetable sub-treatments (MHD/MIHD/MILD/RHD/RIHD/RILD); the full water-treatment x vegetable-treatment interaction cell values are not tabulated (only significance flagged for the WxV row), see trials.csv Experimental Remarks. Treatment label in paper: HC. Cycle 2. No SD/SE given in Table 6, only letter groupings -- SD recorded NR."
nicolettoExtensionAquaponicWater2018,nicolettoExtensionAquaponicWater2018-T1,AP,mineral,Magnesium (Mg2+),8836,NR,mg/kg dw,a,"Table 6, p.13 (Second growth cycle, nutrient-solution-level means)","Nutrient-solution-level marginal mean, pooled across all 6 vegetable sub-treatments (MHD/MIHD/MILD/RHD/RIHD/RILD); the full water-treatment x vegetable-treatment interaction cell values are not tabulated (only significance flagged for the WxV row), see trials.csv Experimental Remarks. Treatment label in paper: APW. Cycle 2."
nicolettoExtensionAquaponicWater2018,nicolettoExtensionAquaponicWater2018-T2,AP,mineral,Magnesium (Mg2+),5718,NR,mg/kg dw,c,"Table 6, p.13 (Second growth cycle, nutrient-solution-level means)","Nutrient-solution-level marginal mean, pooled across all 6 vegetable sub-treatments (MHD/MIHD/MILD/RHD/RIHD/RILD); the full water-treatment x vegetable-treatment interaction cell values are not tabulated (only significance flagged for the WxV row), see trials.csv Experimental Remarks. Treatment label in paper: CAPW. Cycle 2."
nicolettoExtensionAquaponicWater2018,nicolettoExtensionAquaponicWater2018-T2,HYD,mineral,Magnesium (Mg2+),7272,NR,mg/kg dw,b,"Table 6, p.13 (Second growth cycle, nutrient-solution-level means)","Nutrient-solution-level marginal mean, pooled across all 6 vegetable sub-treatments (MHD/MIHD/MILD/RHD/RIHD/RILD); the full water-treatment x vegetable-treatment interaction cell values are not tabulated (only significance flagged for the WxV row), see trials.csv Experimental Remarks. Treatment label in paper: HC (same value as T1 HYD row, shared control). Cycle 2."
nicolettoExtensionAquaponicWater2018,nicolettoExtensionAquaponicWater2018-T1,HYD,mineral,Calcium (Ca2+),14152,NR,mg/kg dw,b,"Table 6, p.13 (Second growth cycle, nutrient-solution-level means)","Nutrient-solution-level marginal mean, pooled across all 6 vegetable sub-treatments (MHD/MIHD/MILD/RHD/RIHD/RILD); the full water-treatment x vegetable-treatment interaction cell values are not tabulated (only significance flagged for the WxV row), see trials.csv Experimental Remarks. Treatment label in paper: HC. Cycle 2. No SD/SE given in Table 6, only letter groupings -- SD recorded NR."
nicolettoExtensionAquaponicWater2018,nicolettoExtensionAquaponicWater2018-T1,AP,mineral,Calcium (Ca2+),51625,NR,mg/kg dw,a,"Table 6, p.13 (Second growth cycle, nutrient-solution-level means)","Nutrient-solution-level marginal mean, pooled across all 6 vegetable sub-treatments (MHD/MIHD/MILD/RHD/RIHD/RILD); the full water-treatment x vegetable-treatment interaction cell values are not tabulated (only significance flagged for the WxV row), see trials.csv Experimental Remarks. Treatment label in paper: APW. Cycle 2."
nicolettoExtensionAquaponicWater2018,nicolettoExtensionAquaponicWater2018-T2,AP,mineral,Calcium (Ca2+),16511,NR,mg/kg dw,b,"Table 6, p.13 (Second growth cycle, nutrient-solution-level means)","Nutrient-solution-level marginal mean, pooled across all 6 vegetable sub-treatments (MHD/MIHD/MILD/RHD/RIHD/RILD); the full water-treatment x vegetable-treatment interaction cell values are not tabulated (only significance flagged for the WxV row), see trials.csv Experimental Remarks. Treatment label in paper: CAPW. Cycle 2."
nicolettoExtensionAquaponicWater2018,nicolettoExtensionAquaponicWater2018-T2,HYD,mineral,Calcium (Ca2+),14152,NR,mg/kg dw,b,"Table 6, p.13 (Second growth cycle, nutrient-solution-level means)","Nutrient-solution-level marginal mean, pooled across all 6 vegetable sub-treatments (MHD/MIHD/MILD/RHD/RIHD/RILD); the full water-treatment x vegetable-treatment interaction cell values are not tabulated (only significance flagged for the WxV row), see trials.csv Experimental Remarks. Treatment label in paper: HC (same value as T1 HYD row, shared control). Cycle 2."
nicolettoExtensionAquaponicWater2018,nicolettoExtensionAquaponicWater2018-T1,HYD,biochemistry,Antioxidant Capacity (FRAP),50.4,1.3,g Fe2+E/kg dw,a,"Table 4, p.12 (antioxidant components, nutrient-solution-level means)","Nutrient-solution-level marginal mean, pooled across all 6 vegetable sub-treatments (MHD/MIHD/MILD/RHD/RIHD/RILD); the full water-treatment x vegetable-treatment interaction cell values are not tabulated (only significance flagged for the WxV row), see trials.csv Experimental Remarks. Treatment label in paper: HC. Cycle 1."
nicolettoExtensionAquaponicWater2018,nicolettoExtensionAquaponicWater2018-T1,AP,biochemistry,Antioxidant Capacity (FRAP),49.6,4.6,g Fe2+E/kg dw,a,"Table 4, p.12 (antioxidant components, nutrient-solution-level means)","Nutrient-solution-level marginal mean, pooled across all 6 vegetable sub-treatments (MHD/MIHD/MILD/RHD/RIHD/RILD); the full water-treatment x vegetable-treatment interaction cell values are not tabulated (only significance flagged for the WxV row), see trials.csv Experimental Remarks. Treatment label in paper: APW. Cycle 1."
nicolettoExtensionAquaponicWater2018,nicolettoExtensionAquaponicWater2018-T2,AP,biochemistry,Antioxidant Capacity (FRAP),39.0,5.4,g Fe2+E/kg dw,b,"Table 4, p.12 (antioxidant components, nutrient-solution-level means)","Nutrient-solution-level marginal mean, pooled across all 6 vegetable sub-treatments (MHD/MIHD/MILD/RHD/RIHD/RILD); the full water-treatment x vegetable-treatment interaction cell values are not tabulated (only significance flagged for the WxV row), see trials.csv Experimental Remarks. Treatment label in paper: CAPW. Cycle 1."
nicolettoExtensionAquaponicWater2018,nicolettoExtensionAquaponicWater2018-T2,HYD,biochemistry,Antioxidant Capacity (FRAP),50.4,1.3,g Fe2+E/kg dw,a,"Table 4, p.12 (antioxidant components, nutrient-solution-level means)","Nutrient-solution-level marginal mean, pooled across all 6 vegetable sub-treatments (MHD/MIHD/MILD/RHD/RIHD/RILD); the full water-treatment x vegetable-treatment interaction cell values are not tabulated (only significance flagged for the WxV row), see trials.csv Experimental Remarks. Treatment label in paper: HC (same value as T1 HYD row, shared control). Cycle 1."
nicolettoExtensionAquaponicWater2018,nicolettoExtensionAquaponicWater2018-T1,HYD,biochemistry,Antioxidant Capacity (FRAP),45.2,4.7,g Fe2+E/kg dw,a,"Table 4, p.12 (antioxidant components, nutrient-solution-level means)","Nutrient-solution-level marginal mean, pooled across all 6 vegetable sub-treatments (MHD/MIHD/MILD/RHD/RIHD/RILD); the full water-treatment x vegetable-treatment interaction cell values are not tabulated (only significance flagged for the WxV row), see trials.csv Experimental Remarks. Treatment label in paper: HC. Cycle 2."
nicolettoExtensionAquaponicWater2018,nicolettoExtensionAquaponicWater2018-T1,AP,biochemistry,Antioxidant Capacity (FRAP),46.2,2.9,g Fe2+E/kg dw,a,"Table 4, p.12 (antioxidant components, nutrient-solution-level means)","Nutrient-solution-level marginal mean, pooled across all 6 vegetable sub-treatments (MHD/MIHD/MILD/RHD/RIHD/RILD); the full water-treatment x vegetable-treatment interaction cell values are not tabulated (only significance flagged for the WxV row), see trials.csv Experimental Remarks. Treatment label in paper: APW. Cycle 2."
nicolettoExtensionAquaponicWater2018,nicolettoExtensionAquaponicWater2018-T2,AP,biochemistry,Antioxidant Capacity (FRAP),35.6,3.3,g Fe2+E/kg dw,b,"Table 4, p.12 (antioxidant components, nutrient-solution-level means)","Nutrient-solution-level marginal mean, pooled across all 6 vegetable sub-treatments (MHD/MIHD/MILD/RHD/RIHD/RILD); the full water-treatment x vegetable-treatment interaction cell values are not tabulated (only significance flagged for the WxV row), see trials.csv Experimental Remarks. Treatment label in paper: CAPW. Cycle 2."
nicolettoExtensionAquaponicWater2018,nicolettoExtensionAquaponicWater2018-T2,HYD,biochemistry,Antioxidant Capacity (FRAP),45.2,4.7,g Fe2+E/kg dw,a,"Table 4, p.12 (antioxidant components, nutrient-solution-level means)","Nutrient-solution-level marginal mean, pooled across all 6 vegetable sub-treatments (MHD/MIHD/MILD/RHD/RIHD/RILD); the full water-treatment x vegetable-treatment interaction cell values are not tabulated (only significance flagged for the WxV row), see trials.csv Experimental Remarks. Treatment label in paper: HC (same value as T1 HYD row, shared control). Cycle 2."
nicolettoExtensionAquaponicWater2018,nicolettoExtensionAquaponicWater2018-T1,HYD,biochemistry,Total Phenols,5.12,0.98,g GAE/kg dw,a,"Table 4, p.12 (antioxidant components, nutrient-solution-level means)","Nutrient-solution-level marginal mean, pooled across all 6 vegetable sub-treatments (MHD/MIHD/MILD/RHD/RIHD/RILD); the full water-treatment x vegetable-treatment interaction cell values are not tabulated (only significance flagged for the WxV row), see trials.csv Experimental Remarks. Treatment label in paper: HC. Cycle 1."
nicolettoExtensionAquaponicWater2018,nicolettoExtensionAquaponicWater2018-T1,AP,biochemistry,Total Phenols,5.93,0.76,g GAE/kg dw,a,"Table 4, p.12 (antioxidant components, nutrient-solution-level means)","Nutrient-solution-level marginal mean, pooled across all 6 vegetable sub-treatments (MHD/MIHD/MILD/RHD/RIHD/RILD); the full water-treatment x vegetable-treatment interaction cell values are not tabulated (only significance flagged for the WxV row), see trials.csv Experimental Remarks. Treatment label in paper: APW. Cycle 1."
nicolettoExtensionAquaponicWater2018,nicolettoExtensionAquaponicWater2018-T2,AP,biochemistry,Total Phenols,4.34,0.59,g GAE/kg dw,b,"Table 4, p.12 (antioxidant components, nutrient-solution-level means)","Nutrient-solution-level marginal mean, pooled across all 6 vegetable sub-treatments (MHD/MIHD/MILD/RHD/RIHD/RILD); the full water-treatment x vegetable-treatment interaction cell values are not tabulated (only significance flagged for the WxV row), see trials.csv Experimental Remarks. Treatment label in paper: CAPW. Cycle 1."
nicolettoExtensionAquaponicWater2018,nicolettoExtensionAquaponicWater2018-T2,HYD,biochemistry,Total Phenols,5.12,0.98,g GAE/kg dw,a,"Table 4, p.12 (antioxidant components, nutrient-solution-level means)","Nutrient-solution-level marginal mean, pooled across all 6 vegetable sub-treatments (MHD/MIHD/MILD/RHD/RIHD/RILD); the full water-treatment x vegetable-treatment interaction cell values are not tabulated (only significance flagged for the WxV row), see trials.csv Experimental Remarks. Treatment label in paper: HC (same value as T1 HYD row, shared control). Cycle 1."
nicolettoExtensionAquaponicWater2018,nicolettoExtensionAquaponicWater2018-T1,HYD,biochemistry,Total Phenols,4.90,0.48,g GAE/kg dw,a,"Table 4, p.12 (antioxidant components, nutrient-solution-level means)","Nutrient-solution-level marginal mean, pooled across all 6 vegetable sub-treatments (MHD/MIHD/MILD/RHD/RIHD/RILD); the full water-treatment x vegetable-treatment interaction cell values are not tabulated (only significance flagged for the WxV row), see trials.csv Experimental Remarks. Treatment label in paper: HC. Cycle 2."
nicolettoExtensionAquaponicWater2018,nicolettoExtensionAquaponicWater2018-T1,AP,biochemistry,Total Phenols,5.55,0.57,g GAE/kg dw,a,"Table 4, p.12 (antioxidant components, nutrient-solution-level means)","Nutrient-solution-level marginal mean, pooled across all 6 vegetable sub-treatments (MHD/MIHD/MILD/RHD/RIHD/RILD); the full water-treatment x vegetable-treatment interaction cell values are not tabulated (only significance flagged for the WxV row), see trials.csv Experimental Remarks. Treatment label in paper: APW. Cycle 2."
nicolettoExtensionAquaponicWater2018,nicolettoExtensionAquaponicWater2018-T2,AP,biochemistry,Total Phenols,4.20,0.43,g GAE/kg dw,b,"Table 4, p.12 (antioxidant components, nutrient-solution-level means)","Nutrient-solution-level marginal mean, pooled across all 6 vegetable sub-treatments (MHD/MIHD/MILD/RHD/RIHD/RILD); the full water-treatment x vegetable-treatment interaction cell values are not tabulated (only significance flagged for the WxV row), see trials.csv Experimental Remarks. Treatment label in paper: CAPW. Cycle 2."
nicolettoExtensionAquaponicWater2018,nicolettoExtensionAquaponicWater2018-T2,HYD,biochemistry,Total Phenols,4.90,0.48,g GAE/kg dw,a,"Table 4, p.12 (antioxidant components, nutrient-solution-level means)","Nutrient-solution-level marginal mean, pooled across all 6 vegetable sub-treatments (MHD/MIHD/MILD/RHD/RIHD/RILD); the full water-treatment x vegetable-treatment interaction cell values are not tabulated (only significance flagged for the WxV row), see trials.csv Experimental Remarks. Treatment label in paper: HC (same value as T1 HYD row, shared control). Cycle 2."
nicolettoExtensionAquaponicWater2018,nicolettoExtensionAquaponicWater2018-T1,HYD,biochemistry,Vitamin C,3.31,0.12,g/kg dw,b,"Table 4, p.12 (antioxidant components, nutrient-solution-level means)","Nutrient-solution-level marginal mean, pooled across all 6 vegetable sub-treatments (MHD/MIHD/MILD/RHD/RIHD/RILD); the full water-treatment x vegetable-treatment interaction cell values are not tabulated (only significance flagged for the WxV row), see trials.csv Experimental Remarks. Treatment label in paper: HC. Cycle 1."
nicolettoExtensionAquaponicWater2018,nicolettoExtensionAquaponicWater2018-T1,AP,biochemistry,Vitamin C,4.15,0.18,g/kg dw,a,"Table 4, p.12 (antioxidant components, nutrient-solution-level means)","Nutrient-solution-level marginal mean, pooled across all 6 vegetable sub-treatments (MHD/MIHD/MILD/RHD/RIHD/RILD); the full water-treatment x vegetable-treatment interaction cell values are not tabulated (only significance flagged for the WxV row), see trials.csv Experimental Remarks. Treatment label in paper: APW. Cycle 1."
nicolettoExtensionAquaponicWater2018,nicolettoExtensionAquaponicWater2018-T2,AP,biochemistry,Vitamin C,3.69,0.13,g/kg dw,b,"Table 4, p.12 (antioxidant components, nutrient-solution-level means)","Nutrient-solution-level marginal mean, pooled across all 6 vegetable sub-treatments (MHD/MIHD/MILD/RHD/RIHD/RILD); the full water-treatment x vegetable-treatment interaction cell values are not tabulated (only significance flagged for the WxV row), see trials.csv Experimental Remarks. Treatment label in paper: CAPW. Cycle 1."
nicolettoExtensionAquaponicWater2018,nicolettoExtensionAquaponicWater2018-T2,HYD,biochemistry,Vitamin C,3.31,0.12,g/kg dw,b,"Table 4, p.12 (antioxidant components, nutrient-solution-level means)","Nutrient-solution-level marginal mean, pooled across all 6 vegetable sub-treatments (MHD/MIHD/MILD/RHD/RIHD/RILD); the full water-treatment x vegetable-treatment interaction cell values are not tabulated (only significance flagged for the WxV row), see trials.csv Experimental Remarks. Treatment label in paper: HC (same value as T1 HYD row, shared control). Cycle 1."
nicolettoExtensionAquaponicWater2018,nicolettoExtensionAquaponicWater2018-T1,HYD,biochemistry,Vitamin C,3.13,0.14,g/kg dw,b,"Table 4, p.12 (antioxidant components, nutrient-solution-level means)","Nutrient-solution-level marginal mean, pooled across all 6 vegetable sub-treatments (MHD/MIHD/MILD/RHD/RIHD/RILD); the full water-treatment x vegetable-treatment interaction cell values are not tabulated (only significance flagged for the WxV row), see trials.csv Experimental Remarks. Treatment label in paper: HC. Cycle 2."
nicolettoExtensionAquaponicWater2018,nicolettoExtensionAquaponicWater2018-T1,AP,biochemistry,Vitamin C,3.84,0.16,g/kg dw,a,"Table 4, p.12 (antioxidant components, nutrient-solution-level means)","Nutrient-solution-level marginal mean, pooled across all 6 vegetable sub-treatments (MHD/MIHD/MILD/RHD/RIHD/RILD); the full water-treatment x vegetable-treatment interaction cell values are not tabulated (only significance flagged for the WxV row), see trials.csv Experimental Remarks. Treatment label in paper: APW. Cycle 2."
nicolettoExtensionAquaponicWater2018,nicolettoExtensionAquaponicWater2018-T2,AP,biochemistry,Vitamin C,3.25,0.12,g/kg dw,b,"Table 4, p.12 (antioxidant components, nutrient-solution-level means)","Nutrient-solution-level marginal mean, pooled across all 6 vegetable sub-treatments (MHD/MIHD/MILD/RHD/RIHD/RILD); the full water-treatment x vegetable-treatment interaction cell values are not tabulated (only significance flagged for the WxV row), see trials.csv Experimental Remarks. Treatment label in paper: CAPW. Cycle 2."
nicolettoExtensionAquaponicWater2018,nicolettoExtensionAquaponicWater2018-T2,HYD,biochemistry,Vitamin C,3.13,0.14,g/kg dw,b,"Table 4, p.12 (antioxidant components, nutrient-solution-level means)","Nutrient-solution-level marginal mean, pooled across all 6 vegetable sub-treatments (MHD/MIHD/MILD/RHD/RIHD/RILD); the full water-treatment x vegetable-treatment interaction cell values are not tabulated (only significance flagged for the WxV row), see trials.csv Experimental Remarks. Treatment label in paper: HC (same value as T1 HYD row, shared control). Cycle 2."
pantanellaAquaponicsHydroponicsProduction2012,pantanellaAquaponicsHydroponicsProduction2012-T1,AP,mineral,Nitrogen (N),33.7,NR,g/kg DW,ns,"Table 3, 1st crop, harvest","Treatment label in paper: Aquaponics LD. Omnibus significance for this analyte/crop: ns. No SD/SE reported anywhere in Tables 1-5 of this paper -- only Duncan's multiple range test grouping letters (a/b/c) or an omnibus significance marker (ns/*/**/***) per column. SD recorded NR throughout plant_measurements.csv for this paper, not because it is absent from this specific value but because the paper never reports dispersion for any measurement."
pantanellaAquaponicsHydroponicsProduction2012,pantanellaAquaponicsHydroponicsProduction2012-T1,HYD,mineral,Nitrogen (N),31.8,NR,g/kg DW,ns,"Table 3, 1st crop, harvest","Treatment label in paper: Hydroponics (1st crop). Omnibus significance for this analyte/crop: ns. No SD/SE reported anywhere in Tables 1-5 of this paper -- only Duncan's multiple range test grouping letters (a/b/c) or an omnibus significance marker (ns/*/**/***) per column. SD recorded NR throughout plant_measurements.csv for this paper, not because it is absent from this specific value but because the paper never reports dispersion for any measurement."
pantanellaAquaponicsHydroponicsProduction2012,pantanellaAquaponicsHydroponicsProduction2012-T2,AP,mineral,Nitrogen (N),26.1,NR,g/kg DW,ns,"Table 3, 1st crop, harvest","Treatment label in paper: Aquaponics HD. Omnibus significance for this analyte/crop: ns. No SD/SE reported anywhere in Tables 1-5 of this paper -- only Duncan's multiple range test grouping letters (a/b/c) or an omnibus significance marker (ns/*/**/***) per column. SD recorded NR throughout plant_measurements.csv for this paper, not because it is absent from this specific value but because the paper never reports dispersion for any measurement."
pantanellaAquaponicsHydroponicsProduction2012,pantanellaAquaponicsHydroponicsProduction2012-T2,HYD,mineral,Nitrogen (N),31.8,NR,g/kg DW,ns,"Table 3, 1st crop, harvest","Treatment label in paper: Hydroponics (1st crop). Omnibus significance for this analyte/crop: ns. No SD/SE reported anywhere in Tables 1-5 of this paper -- only Duncan's multiple range test grouping letters (a/b/c) or an omnibus significance marker (ns/*/**/***) per column. SD recorded NR throughout plant_measurements.csv for this paper, not because it is absent from this specific value but because the paper never reports dispersion for any measurement. (same value as T1's HYD row, shared 1st-crop hydroponic control)."
pantanellaAquaponicsHydroponicsProduction2012,pantanellaAquaponicsHydroponicsProduction2012-T1,AP,mineral,Phosphorus (P),8.2,NR,g/kg DW,b,"Table 3, 1st crop, harvest","Treatment label in paper: Aquaponics LD. Omnibus significance for this analyte/crop: *. No SD/SE reported anywhere in Tables 1-5 of this paper -- only Duncan's multiple range test grouping letters (a/b/c) or an omnibus significance marker (ns/*/**/***) per column. SD recorded NR throughout plant_measurements.csv for this paper, not because it is absent from this specific value but because the paper never reports dispersion for any measurement."
pantanellaAquaponicsHydroponicsProduction2012,pantanellaAquaponicsHydroponicsProduction2012-T1,HYD,mineral,Phosphorus (P),8.1,NR,g/kg DW,b,"Table 3, 1st crop, harvest","Treatment label in paper: Hydroponics (1st crop). Omnibus significance for this analyte/crop: *. No SD/SE reported anywhere in Tables 1-5 of this paper -- only Duncan's multiple range test grouping letters (a/b/c) or an omnibus significance marker (ns/*/**/***) per column. SD recorded NR throughout plant_measurements.csv for this paper, not because it is absent from this specific value but because the paper never reports dispersion for any measurement."
pantanellaAquaponicsHydroponicsProduction2012,pantanellaAquaponicsHydroponicsProduction2012-T2,AP,mineral,Phosphorus (P),6.9,NR,g/kg DW,a,"Table 3, 1st crop, harvest","Treatment label in paper: Aquaponics HD. Omnibus significance for this analyte/crop: *. No SD/SE reported anywhere in Tables 1-5 of this paper -- only Duncan's multiple range test grouping letters (a/b/c) or an omnibus significance marker (ns/*/**/***) per column. SD recorded NR throughout plant_measurements.csv for this paper, not because it is absent from this specific value but because the paper never reports dispersion for any measurement."
pantanellaAquaponicsHydroponicsProduction2012,pantanellaAquaponicsHydroponicsProduction2012-T2,HYD,mineral,Phosphorus (P),8.1,NR,g/kg DW,b,"Table 3, 1st crop, harvest","Treatment label in paper: Hydroponics (1st crop). Omnibus significance for this analyte/crop: *. No SD/SE reported anywhere in Tables 1-5 of this paper -- only Duncan's multiple range test grouping letters (a/b/c) or an omnibus significance marker (ns/*/**/***) per column. SD recorded NR throughout plant_measurements.csv for this paper, not because it is absent from this specific value but because the paper never reports dispersion for any measurement. (same value as T1's HYD row, shared 1st-crop hydroponic control)."
pantanellaAquaponicsHydroponicsProduction2012,pantanellaAquaponicsHydroponicsProduction2012-T1,AP,mineral,Potassium (K),75.3,NR,g/kg DW,b,"Table 3, 1st crop, harvest","Treatment label in paper: Aquaponics LD. Omnibus significance for this analyte/crop: *. No SD/SE reported anywhere in Tables 1-5 of this paper -- only Duncan's multiple range test grouping letters (a/b/c) or an omnibus significance marker (ns/*/**/***) per column. SD recorded NR throughout plant_measurements.csv for this paper, not because it is absent from this specific value but because the paper never reports dispersion for any measurement."
pantanellaAquaponicsHydroponicsProduction2012,pantanellaAquaponicsHydroponicsProduction2012-T1,HYD,mineral,Potassium (K),65.7,NR,g/kg DW,a,"Table 3, 1st crop, harvest","Treatment label in paper: Hydroponics (1st crop). Omnibus significance for this analyte/crop: *. No SD/SE reported anywhere in Tables 1-5 of this paper -- only Duncan's multiple range test grouping letters (a/b/c) or an omnibus significance marker (ns/*/**/***) per column. SD recorded NR throughout plant_measurements.csv for this paper, not because it is absent from this specific value but because the paper never reports dispersion for any measurement."
pantanellaAquaponicsHydroponicsProduction2012,pantanellaAquaponicsHydroponicsProduction2012-T2,AP,mineral,Potassium (K),74.9,NR,g/kg DW,b,"Table 3, 1st crop, harvest","Treatment label in paper: Aquaponics HD. Omnibus significance for this analyte/crop: *. No SD/SE reported anywhere in Tables 1-5 of this paper -- only Duncan's multiple range test grouping letters (a/b/c) or an omnibus significance marker (ns/*/**/***) per column. SD recorded NR throughout plant_measurements.csv for this paper, not because it is absent from this specific value but because the paper never reports dispersion for any measurement."
pantanellaAquaponicsHydroponicsProduction2012,pantanellaAquaponicsHydroponicsProduction2012-T2,HYD,mineral,Potassium (K),65.7,NR,g/kg DW,a,"Table 3, 1st crop, harvest","Treatment label in paper: Hydroponics (1st crop). Omnibus significance for this analyte/crop: *. No SD/SE reported anywhere in Tables 1-5 of this paper -- only Duncan's multiple range test grouping letters (a/b/c) or an omnibus significance marker (ns/*/**/***) per column. SD recorded NR throughout plant_measurements.csv for this paper, not because it is absent from this specific value but because the paper never reports dispersion for any measurement. (same value as T1's HYD row, shared 1st-crop hydroponic control)."
pantanellaAquaponicsHydroponicsProduction2012,pantanellaAquaponicsHydroponicsProduction2012-T1,AP,mineral,Calcium (Ca),12.2,NR,g/kg DW,b,"Table 3, 1st crop, harvest","Treatment label in paper: Aquaponics LD. Omnibus significance for this analyte/crop: *. No SD/SE reported anywhere in Tables 1-5 of this paper -- only Duncan's multiple range test grouping letters (a/b/c) or an omnibus significance marker (ns/*/**/***) per column. SD recorded NR throughout plant_measurements.csv for this paper, not because it is absent from this specific value but because the paper never reports dispersion for any measurement."
pantanellaAquaponicsHydroponicsProduction2012,pantanellaAquaponicsHydroponicsProduction2012-T1,HYD,mineral,Calcium (Ca),10.7,NR,g/kg DW,a,"Table 3, 1st crop, harvest","Treatment label in paper: Hydroponics (1st crop). Omnibus significance for this analyte/crop: *. No SD/SE reported anywhere in Tables 1-5 of this paper -- only Duncan's multiple range test grouping letters (a/b/c) or an omnibus significance marker (ns/*/**/***) per column. SD recorded NR throughout plant_measurements.csv for this paper, not because it is absent from this specific value but because the paper never reports dispersion for any measurement."
pantanellaAquaponicsHydroponicsProduction2012,pantanellaAquaponicsHydroponicsProduction2012-T2,AP,mineral,Calcium (Ca),12.1,NR,g/kg DW,b,"Table 3, 1st crop, harvest","Treatment label in paper: Aquaponics HD. Omnibus significance for this analyte/crop: *. No SD/SE reported anywhere in Tables 1-5 of this paper -- only Duncan's multiple range test grouping letters (a/b/c) or an omnibus significance marker (ns/*/**/***) per column. SD recorded NR throughout plant_measurements.csv for this paper, not because it is absent from this specific value but because the paper never reports dispersion for any measurement."
pantanellaAquaponicsHydroponicsProduction2012,pantanellaAquaponicsHydroponicsProduction2012-T2,HYD,mineral,Calcium (Ca),10.7,NR,g/kg DW,a,"Table 3, 1st crop, harvest","Treatment label in paper: Hydroponics (1st crop). Omnibus significance for this analyte/crop: *. No SD/SE reported anywhere in Tables 1-5 of this paper -- only Duncan's multiple range test grouping letters (a/b/c) or an omnibus significance marker (ns/*/**/***) per column. SD recorded NR throughout plant_measurements.csv for this paper, not because it is absent from this specific value but because the paper never reports dispersion for any measurement. (same value as T1's HYD row, shared 1st-crop hydroponic control)."
pantanellaAquaponicsHydroponicsProduction2012,pantanellaAquaponicsHydroponicsProduction2012-T1,AP,mineral,Magnesium (Mg),7.7,NR,g/kg DW,b,"Table 3, 1st crop, harvest","Treatment label in paper: Aquaponics LD. Omnibus significance for this analyte/crop: *. No SD/SE reported anywhere in Tables 1-5 of this paper -- only Duncan's multiple range test grouping letters (a/b/c) or an omnibus significance marker (ns/*/**/***) per column. SD recorded NR throughout plant_measurements.csv for this paper, not because it is absent from this specific value but because the paper never reports dispersion for any measurement."
pantanellaAquaponicsHydroponicsProduction2012,pantanellaAquaponicsHydroponicsProduction2012-T1,HYD,mineral,Magnesium (Mg),6.5,NR,g/kg DW,a,"Table 3, 1st crop, harvest","Treatment label in paper: Hydroponics (1st crop). Omnibus significance for this analyte/crop: *. No SD/SE reported anywhere in Tables 1-5 of this paper -- only Duncan's multiple range test grouping letters (a/b/c) or an omnibus significance marker (ns/*/**/***) per column. SD recorded NR throughout plant_measurements.csv for this paper, not because it is absent from this specific value but because the paper never reports dispersion for any measurement."
pantanellaAquaponicsHydroponicsProduction2012,pantanellaAquaponicsHydroponicsProduction2012-T2,AP,mineral,Magnesium (Mg),6.4,NR,g/kg DW,a,"Table 3, 1st crop, harvest","Treatment label in paper: Aquaponics HD. Omnibus significance for this analyte/crop: *. No SD/SE reported anywhere in Tables 1-5 of this paper -- only Duncan's multiple range test grouping letters (a/b/c) or an omnibus significance marker (ns/*/**/***) per column. SD recorded NR throughout plant_measurements.csv for this paper, not because it is absent from this specific value but because the paper never reports dispersion for any measurement."
pantanellaAquaponicsHydroponicsProduction2012,pantanellaAquaponicsHydroponicsProduction2012-T2,HYD,mineral,Magnesium (Mg),6.5,NR,g/kg DW,a,"Table 3, 1st crop, harvest","Treatment label in paper: Hydroponics (1st crop). Omnibus significance for this analyte/crop: *. No SD/SE reported anywhere in Tables 1-5 of this paper -- only Duncan's multiple range test grouping letters (a/b/c) or an omnibus significance marker (ns/*/**/***) per column. SD recorded NR throughout plant_measurements.csv for this paper, not because it is absent from this specific value but because the paper never reports dispersion for any measurement. (same value as T1's HYD row, shared 1st-crop hydroponic control)."
pantanellaAquaponicsHydroponicsProduction2012,pantanellaAquaponicsHydroponicsProduction2012-T1,AP,mineral,Iron (Fe),0.12,NR,g/kg DW,a,"Table 3, 1st crop, harvest","Treatment label in paper: Aquaponics LD. Omnibus significance for this analyte/crop: *. No SD/SE reported anywhere in Tables 1-5 of this paper -- only Duncan's multiple range test grouping letters (a/b/c) or an omnibus significance marker (ns/*/**/***) per column. SD recorded NR throughout plant_measurements.csv for this paper, not because it is absent from this specific value but because the paper never reports dispersion for any measurement."
pantanellaAquaponicsHydroponicsProduction2012,pantanellaAquaponicsHydroponicsProduction2012-T1,HYD,mineral,Iron (Fe),0.23,NR,g/kg DW,b,"Table 3, 1st crop, harvest","Treatment label in paper: Hydroponics (1st crop). Omnibus significance for this analyte/crop: *. No SD/SE reported anywhere in Tables 1-5 of this paper -- only Duncan's multiple range test grouping letters (a/b/c) or an omnibus significance marker (ns/*/**/***) per column. SD recorded NR throughout plant_measurements.csv for this paper, not because it is absent from this specific value but because the paper never reports dispersion for any measurement."
pantanellaAquaponicsHydroponicsProduction2012,pantanellaAquaponicsHydroponicsProduction2012-T2,AP,mineral,Iron (Fe),0.16,NR,g/kg DW,a,"Table 3, 1st crop, harvest","Treatment label in paper: Aquaponics HD. Omnibus significance for this analyte/crop: *. No SD/SE reported anywhere in Tables 1-5 of this paper -- only Duncan's multiple range test grouping letters (a/b/c) or an omnibus significance marker (ns/*/**/***) per column. SD recorded NR throughout plant_measurements.csv for this paper, not because it is absent from this specific value but because the paper never reports dispersion for any measurement."
pantanellaAquaponicsHydroponicsProduction2012,pantanellaAquaponicsHydroponicsProduction2012-T2,HYD,mineral,Iron (Fe),0.23,NR,g/kg DW,b,"Table 3, 1st crop, harvest","Treatment label in paper: Hydroponics (1st crop). Omnibus significance for this analyte/crop: *. No SD/SE reported anywhere in Tables 1-5 of this paper -- only Duncan's multiple range test grouping letters (a/b/c) or an omnibus significance marker (ns/*/**/***) per column. SD recorded NR throughout plant_measurements.csv for this paper, not because it is absent from this specific value but because the paper never reports dispersion for any measurement. (same value as T1's HYD row, shared 1st-crop hydroponic control)."
pantanellaAquaponicsHydroponicsProduction2012,pantanellaAquaponicsHydroponicsProduction2012-T1,AP,mineral,Sodium (Na),1.9,NR,g/kg DW,c,"Table 3, 1st crop, harvest","Treatment label in paper: Aquaponics LD. Omnibus significance for this analyte/crop: ***. No SD/SE reported anywhere in Tables 1-5 of this paper -- only Duncan's multiple range test grouping letters (a/b/c) or an omnibus significance marker (ns/*/**/***) per column. SD recorded NR throughout plant_measurements.csv for this paper, not because it is absent from this specific value but because the paper never reports dispersion for any measurement."
pantanellaAquaponicsHydroponicsProduction2012,pantanellaAquaponicsHydroponicsProduction2012-T1,HYD,mineral,Sodium (Na),0.8,NR,g/kg DW,a,"Table 3, 1st crop, harvest","Treatment label in paper: Hydroponics (1st crop). Omnibus significance for this analyte/crop: ***. No SD/SE reported anywhere in Tables 1-5 of this paper -- only Duncan's multiple range test grouping letters (a/b/c) or an omnibus significance marker (ns/*/**/***) per column. SD recorded NR throughout plant_measurements.csv for this paper, not because it is absent from this specific value but because the paper never reports dispersion for any measurement."
pantanellaAquaponicsHydroponicsProduction2012,pantanellaAquaponicsHydroponicsProduction2012-T2,AP,mineral,Sodium (Na),1.2,NR,g/kg DW,b,"Table 3, 1st crop, harvest","Treatment label in paper: Aquaponics HD. Omnibus significance for this analyte/crop: ***. No SD/SE reported anywhere in Tables 1-5 of this paper -- only Duncan's multiple range test grouping letters (a/b/c) or an omnibus significance marker (ns/*/**/***) per column. SD recorded NR throughout plant_measurements.csv for this paper, not because it is absent from this specific value but because the paper never reports dispersion for any measurement."
pantanellaAquaponicsHydroponicsProduction2012,pantanellaAquaponicsHydroponicsProduction2012-T2,HYD,mineral,Sodium (Na),0.8,NR,g/kg DW,a,"Table 3, 1st crop, harvest","Treatment label in paper: Hydroponics (1st crop). Omnibus significance for this analyte/crop: ***. No SD/SE reported anywhere in Tables 1-5 of this paper -- only Duncan's multiple range test grouping letters (a/b/c) or an omnibus significance marker (ns/*/**/***) per column. SD recorded NR throughout plant_measurements.csv for this paper, not because it is absent from this specific value but because the paper never reports dispersion for any measurement. (same value as T1's HYD row, shared 1st-crop hydroponic control)."
pantanellaAquaponicsHydroponicsProduction2012,pantanellaAquaponicsHydroponicsProduction2012-T3,AP,mineral,Nitrogen (N),28.9,NR,g/kg DW,ns,"Table 3, 2nd crop, harvest","Treatment label in paper: Aquaponics LD. Omnibus significance for this analyte/crop: ns. No SD/SE reported anywhere in Tables 1-5 of this paper -- only Duncan's multiple range test grouping letters (a/b/c) or an omnibus significance marker (ns/*/**/***) per column. SD recorded NR throughout plant_measurements.csv for this paper, not because it is absent from this specific value but because the paper never reports dispersion for any measurement."
pantanellaAquaponicsHydroponicsProduction2012,pantanellaAquaponicsHydroponicsProduction2012-T3,HYD,mineral,Nitrogen (N),25.9,NR,g/kg DW,ns,"Table 3, 2nd crop, harvest","Treatment label in paper: Hydroponics (2nd crop). Omnibus significance for this analyte/crop: ns. No SD/SE reported anywhere in Tables 1-5 of this paper -- only Duncan's multiple range test grouping letters (a/b/c) or an omnibus significance marker (ns/*/**/***) per column. SD recorded NR throughout plant_measurements.csv for this paper, not because it is absent from this specific value but because the paper never reports dispersion for any measurement."
pantanellaAquaponicsHydroponicsProduction2012,pantanellaAquaponicsHydroponicsProduction2012-T4,AP,mineral,Nitrogen (N),30.0,NR,g/kg DW,ns,"Table 3, 2nd crop, harvest","Treatment label in paper: Aquaponics HD. Omnibus significance for this analyte/crop: ns. No SD/SE reported anywhere in Tables 1-5 of this paper -- only Duncan's multiple range test grouping letters (a/b/c) or an omnibus significance marker (ns/*/**/***) per column. SD recorded NR throughout plant_measurements.csv for this paper, not because it is absent from this specific value but because the paper never reports dispersion for any measurement."
pantanellaAquaponicsHydroponicsProduction2012,pantanellaAquaponicsHydroponicsProduction2012-T4,HYD,mineral,Nitrogen (N),25.9,NR,g/kg DW,ns,"Table 3, 2nd crop, harvest","Treatment label in paper: Hydroponics (2nd crop). Omnibus significance for this analyte/crop: ns. No SD/SE reported anywhere in Tables 1-5 of this paper -- only Duncan's multiple range test grouping letters (a/b/c) or an omnibus significance marker (ns/*/**/***) per column. SD recorded NR throughout plant_measurements.csv for this paper, not because it is absent from this specific value but because the paper never reports dispersion for any measurement. (same value as T3's HYD row, shared 2nd-crop hydroponic control)."
pantanellaAquaponicsHydroponicsProduction2012,pantanellaAquaponicsHydroponicsProduction2012-T3,AP,mineral,Phosphorus (P),7.0,NR,g/kg DW,ns,"Table 3, 2nd crop, harvest","Treatment label in paper: Aquaponics LD. Omnibus significance for this analyte/crop: ns. No SD/SE reported anywhere in Tables 1-5 of this paper -- only Duncan's multiple range test grouping letters (a/b/c) or an omnibus significance marker (ns/*/**/***) per column. SD recorded NR throughout plant_measurements.csv for this paper, not because it is absent from this specific value but because the paper never reports dispersion for any measurement."
pantanellaAquaponicsHydroponicsProduction2012,pantanellaAquaponicsHydroponicsProduction2012-T3,HYD,mineral,Phosphorus (P),7.5,NR,g/kg DW,ns,"Table 3, 2nd crop, harvest","Treatment label in paper: Hydroponics (2nd crop). Omnibus significance for this analyte/crop: ns. No SD/SE reported anywhere in Tables 1-5 of this paper -- only Duncan's multiple range test grouping letters (a/b/c) or an omnibus significance marker (ns/*/**/***) per column. SD recorded NR throughout plant_measurements.csv for this paper, not because it is absent from this specific value but because the paper never reports dispersion for any measurement."
pantanellaAquaponicsHydroponicsProduction2012,pantanellaAquaponicsHydroponicsProduction2012-T4,AP,mineral,Phosphorus (P),5.8,NR,g/kg DW,ns,"Table 3, 2nd crop, harvest","Treatment label in paper: Aquaponics HD. Omnibus significance for this analyte/crop: ns. No SD/SE reported anywhere in Tables 1-5 of this paper -- only Duncan's multiple range test grouping letters (a/b/c) or an omnibus significance marker (ns/*/**/***) per column. SD recorded NR throughout plant_measurements.csv for this paper, not because it is absent from this specific value but because the paper never reports dispersion for any measurement."
pantanellaAquaponicsHydroponicsProduction2012,pantanellaAquaponicsHydroponicsProduction2012-T4,HYD,mineral,Phosphorus (P),7.5,NR,g/kg DW,ns,"Table 3, 2nd crop, harvest","Treatment label in paper: Hydroponics (2nd crop). Omnibus significance for this analyte/crop: ns. No SD/SE reported anywhere in Tables 1-5 of this paper -- only Duncan's multiple range test grouping letters (a/b/c) or an omnibus significance marker (ns/*/**/***) per column. SD recorded NR throughout plant_measurements.csv for this paper, not because it is absent from this specific value but because the paper never reports dispersion for any measurement. (same value as T3's HYD row, shared 2nd-crop hydroponic control)."
pantanellaAquaponicsHydroponicsProduction2012,pantanellaAquaponicsHydroponicsProduction2012-T3,AP,mineral,Potassium (K),70.5,NR,g/kg DW,ns,"Table 3, 2nd crop, harvest","Treatment label in paper: Aquaponics LD. Omnibus significance for this analyte/crop: ns. No SD/SE reported anywhere in Tables 1-5 of this paper -- only Duncan's multiple range test grouping letters (a/b/c) or an omnibus significance marker (ns/*/**/***) per column. SD recorded NR throughout plant_measurements.csv for this paper, not because it is absent from this specific value but because the paper never reports dispersion for any measurement."
pantanellaAquaponicsHydroponicsProduction2012,pantanellaAquaponicsHydroponicsProduction2012-T3,HYD,mineral,Potassium (K),70.5,NR,g/kg DW,ns,"Table 3, 2nd crop, harvest","Treatment label in paper: Hydroponics (2nd crop). Omnibus significance for this analyte/crop: ns. No SD/SE reported anywhere in Tables 1-5 of this paper -- only Duncan's multiple range test grouping letters (a/b/c) or an omnibus significance marker (ns/*/**/***) per column. SD recorded NR throughout plant_measurements.csv for this paper, not because it is absent from this specific value but because the paper never reports dispersion for any measurement."
pantanellaAquaponicsHydroponicsProduction2012,pantanellaAquaponicsHydroponicsProduction2012-T4,AP,mineral,Potassium (K),59.0,NR,g/kg DW,ns,"Table 3, 2nd crop, harvest","Treatment label in paper: Aquaponics HD. Omnibus significance for this analyte/crop: ns. No SD/SE reported anywhere in Tables 1-5 of this paper -- only Duncan's multiple range test grouping letters (a/b/c) or an omnibus significance marker (ns/*/**/***) per column. SD recorded NR throughout plant_measurements.csv for this paper, not because it is absent from this specific value but because the paper never reports dispersion for any measurement."
pantanellaAquaponicsHydroponicsProduction2012,pantanellaAquaponicsHydroponicsProduction2012-T4,HYD,mineral,Potassium (K),70.5,NR,g/kg DW,ns,"Table 3, 2nd crop, harvest","Treatment label in paper: Hydroponics (2nd crop). Omnibus significance for this analyte/crop: ns. No SD/SE reported anywhere in Tables 1-5 of this paper -- only Duncan's multiple range test grouping letters (a/b/c) or an omnibus significance marker (ns/*/**/***) per column. SD recorded NR throughout plant_measurements.csv for this paper, not because it is absent from this specific value but because the paper never reports dispersion for any measurement. (same value as T3's HYD row, shared 2nd-crop hydroponic control)."
pantanellaAquaponicsHydroponicsProduction2012,pantanellaAquaponicsHydroponicsProduction2012-T3,AP,mineral,Calcium (Ca),10.7,NR,g/kg DW,ns,"Table 3, 2nd crop, harvest","Treatment label in paper: Aquaponics LD. Omnibus significance for this analyte/crop: ns. No SD/SE reported anywhere in Tables 1-5 of this paper -- only Duncan's multiple range test grouping letters (a/b/c) or an omnibus significance marker (ns/*/**/***) per column. SD recorded NR throughout plant_measurements.csv for this paper, not because it is absent from this specific value but because the paper never reports dispersion for any measurement."
pantanellaAquaponicsHydroponicsProduction2012,pantanellaAquaponicsHydroponicsProduction2012-T3,HYD,mineral,Calcium (Ca),9.4,NR,g/kg DW,ns,"Table 3, 2nd crop, harvest","Treatment label in paper: Hydroponics (2nd crop). Omnibus significance for this analyte/crop: ns. No SD/SE reported anywhere in Tables 1-5 of this paper -- only Duncan's multiple range test grouping letters (a/b/c) or an omnibus significance marker (ns/*/**/***) per column. SD recorded NR throughout plant_measurements.csv for this paper, not because it is absent from this specific value but because the paper never reports dispersion for any measurement."
pantanellaAquaponicsHydroponicsProduction2012,pantanellaAquaponicsHydroponicsProduction2012-T4,AP,mineral,Calcium (Ca),8.7,NR,g/kg DW,ns,"Table 3, 2nd crop, harvest","Treatment label in paper: Aquaponics HD. Omnibus significance for this analyte/crop: ns. No SD/SE reported anywhere in Tables 1-5 of this paper -- only Duncan's multiple range test grouping letters (a/b/c) or an omnibus significance marker (ns/*/**/***) per column. SD recorded NR throughout plant_measurements.csv for this paper, not because it is absent from this specific value but because the paper never reports dispersion for any measurement."
pantanellaAquaponicsHydroponicsProduction2012,pantanellaAquaponicsHydroponicsProduction2012-T4,HYD,mineral,Calcium (Ca),9.4,NR,g/kg DW,ns,"Table 3, 2nd crop, harvest","Treatment label in paper: Hydroponics (2nd crop). Omnibus significance for this analyte/crop: ns. No SD/SE reported anywhere in Tables 1-5 of this paper -- only Duncan's multiple range test grouping letters (a/b/c) or an omnibus significance marker (ns/*/**/***) per column. SD recorded NR throughout plant_measurements.csv for this paper, not because it is absent from this specific value but because the paper never reports dispersion for any measurement. (same value as T3's HYD row, shared 2nd-crop hydroponic control)."
pantanellaAquaponicsHydroponicsProduction2012,pantanellaAquaponicsHydroponicsProduction2012-T3,AP,mineral,Magnesium (Mg),5.9,NR,g/kg DW,ns,"Table 3, 2nd crop, harvest","Treatment label in paper: Aquaponics LD. Omnibus significance for this analyte/crop: ns. No SD/SE reported anywhere in Tables 1-5 of this paper -- only Duncan's multiple range test grouping letters (a/b/c) or an omnibus significance marker (ns/*/**/***) per column. SD recorded NR throughout plant_measurements.csv for this paper, not because it is absent from this specific value but because the paper never reports dispersion for any measurement."
pantanellaAquaponicsHydroponicsProduction2012,pantanellaAquaponicsHydroponicsProduction2012-T3,HYD,mineral,Magnesium (Mg),5.1,NR,g/kg DW,ns,"Table 3, 2nd crop, harvest","Treatment label in paper: Hydroponics (2nd crop). Omnibus significance for this analyte/crop: ns. No SD/SE reported anywhere in Tables 1-5 of this paper -- only Duncan's multiple range test grouping letters (a/b/c) or an omnibus significance marker (ns/*/**/***) per column. SD recorded NR throughout plant_measurements.csv for this paper, not because it is absent from this specific value but because the paper never reports dispersion for any measurement."
pantanellaAquaponicsHydroponicsProduction2012,pantanellaAquaponicsHydroponicsProduction2012-T4,AP,mineral,Magnesium (Mg),4.4,NR,g/kg DW,ns,"Table 3, 2nd crop, harvest","Treatment label in paper: Aquaponics HD. Omnibus significance for this analyte/crop: ns. No SD/SE reported anywhere in Tables 1-5 of this paper -- only Duncan's multiple range test grouping letters (a/b/c) or an omnibus significance marker (ns/*/**/***) per column. SD recorded NR throughout plant_measurements.csv for this paper, not because it is absent from this specific value but because the paper never reports dispersion for any measurement."
pantanellaAquaponicsHydroponicsProduction2012,pantanellaAquaponicsHydroponicsProduction2012-T4,HYD,mineral,Magnesium (Mg),5.1,NR,g/kg DW,ns,"Table 3, 2nd crop, harvest","Treatment label in paper: Hydroponics (2nd crop). Omnibus significance for this analyte/crop: ns. No SD/SE reported anywhere in Tables 1-5 of this paper -- only Duncan's multiple range test grouping letters (a/b/c) or an omnibus significance marker (ns/*/**/***) per column. SD recorded NR throughout plant_measurements.csv for this paper, not because it is absent from this specific value but because the paper never reports dispersion for any measurement. (same value as T3's HYD row, shared 2nd-crop hydroponic control)."
pantanellaAquaponicsHydroponicsProduction2012,pantanellaAquaponicsHydroponicsProduction2012-T3,AP,mineral,Iron (Fe),0.06,NR,g/kg DW,ns,"Table 3, 2nd crop, harvest","Treatment label in paper: Aquaponics LD. Omnibus significance for this analyte/crop: ns. No SD/SE reported anywhere in Tables 1-5 of this paper -- only Duncan's multiple range test grouping letters (a/b/c) or an omnibus significance marker (ns/*/**/***) per column. SD recorded NR throughout plant_measurements.csv for this paper, not because it is absent from this specific value but because the paper never reports dispersion for any measurement."
pantanellaAquaponicsHydroponicsProduction2012,pantanellaAquaponicsHydroponicsProduction2012-T3,HYD,mineral,Iron (Fe),0.06,NR,g/kg DW,ns,"Table 3, 2nd crop, harvest","Treatment label in paper: Hydroponics (2nd crop). Omnibus significance for this analyte/crop: ns. No SD/SE reported anywhere in Tables 1-5 of this paper -- only Duncan's multiple range test grouping letters (a/b/c) or an omnibus significance marker (ns/*/**/***) per column. SD recorded NR throughout plant_measurements.csv for this paper, not because it is absent from this specific value but because the paper never reports dispersion for any measurement."
pantanellaAquaponicsHydroponicsProduction2012,pantanellaAquaponicsHydroponicsProduction2012-T4,AP,mineral,Iron (Fe),0.06,NR,g/kg DW,ns,"Table 3, 2nd crop, harvest","Treatment label in paper: Aquaponics HD. Omnibus significance for this analyte/crop: ns. No SD/SE reported anywhere in Tables 1-5 of this paper -- only Duncan's multiple range test grouping letters (a/b/c) or an omnibus significance marker (ns/*/**/***) per column. SD recorded NR throughout plant_measurements.csv for this paper, not because it is absent from this specific value but because the paper never reports dispersion for any measurement."
pantanellaAquaponicsHydroponicsProduction2012,pantanellaAquaponicsHydroponicsProduction2012-T4,HYD,mineral,Iron (Fe),0.06,NR,g/kg DW,ns,"Table 3, 2nd crop, harvest","Treatment label in paper: Hydroponics (2nd crop). Omnibus significance for this analyte/crop: ns. No SD/SE reported anywhere in Tables 1-5 of this paper -- only Duncan's multiple range test grouping letters (a/b/c) or an omnibus significance marker (ns/*/**/***) per column. SD recorded NR throughout plant_measurements.csv for this paper, not because it is absent from this specific value but because the paper never reports dispersion for any measurement. (same value as T3's HYD row, shared 2nd-crop hydroponic control)."
pantanellaAquaponicsHydroponicsProduction2012,pantanellaAquaponicsHydroponicsProduction2012-T3,AP,mineral,Sodium (Na),1.2,NR,g/kg DW,b,"Table 3, 2nd crop, harvest","Treatment label in paper: Aquaponics LD. Omnibus significance for this analyte/crop: *. No SD/SE reported anywhere in Tables 1-5 of this paper -- only Duncan's multiple range test grouping letters (a/b/c) or an omnibus significance marker (ns/*/**/***) per column. SD recorded NR throughout plant_measurements.csv for this paper, not because it is absent from this specific value but because the paper never reports dispersion for any measurement."
pantanellaAquaponicsHydroponicsProduction2012,pantanellaAquaponicsHydroponicsProduction2012-T3,HYD,mineral,Sodium (Na),0.5,NR,g/kg DW,a,"Table 3, 2nd crop, harvest","Treatment label in paper: Hydroponics (2nd crop). Omnibus significance for this analyte/crop: *. No SD/SE reported anywhere in Tables 1-5 of this paper -- only Duncan's multiple range test grouping letters (a/b/c) or an omnibus significance marker (ns/*/**/***) per column. SD recorded NR throughout plant_measurements.csv for this paper, not because it is absent from this specific value but because the paper never reports dispersion for any measurement."
pantanellaAquaponicsHydroponicsProduction2012,pantanellaAquaponicsHydroponicsProduction2012-T4,AP,mineral,Sodium (Na),0.6,NR,g/kg DW,a,"Table 3, 2nd crop, harvest","Treatment label in paper: Aquaponics HD. Omnibus significance for this analyte/crop: *. No SD/SE reported anywhere in Tables 1-5 of this paper -- only Duncan's multiple range test grouping letters (a/b/c) or an omnibus significance marker (ns/*/**/***) per column. SD recorded NR throughout plant_measurements.csv for this paper, not because it is absent from this specific value but because the paper never reports dispersion for any measurement."
pantanellaAquaponicsHydroponicsProduction2012,pantanellaAquaponicsHydroponicsProduction2012-T4,HYD,mineral,Sodium (Na),0.5,NR,g/kg DW,a,"Table 3, 2nd crop, harvest","Treatment label in paper: Hydroponics (2nd crop). Omnibus significance for this analyte/crop: *. No SD/SE reported anywhere in Tables 1-5 of this paper -- only Duncan's multiple range test grouping letters (a/b/c) or an omnibus significance marker (ns/*/**/***) per column. SD recorded NR throughout plant_measurements.csv for this paper, not because it is absent from this specific value but because the paper never reports dispersion for any measurement. (same value as T3's HYD row, shared 2nd-crop hydroponic control)."
pantanellaAquaponicsHydroponicsProduction2012,pantanellaAquaponicsHydroponicsProduction2012-T1,AP,biochemistry,Chlorophyll (SPAD),28.0,NR,SPAD units,a,"Table 4, 1st crop, mid (2 weeks post-transplant)","Optical chlorophyll-meter reading (Minolta SPAD 502), not a wet-chemistry chlorophyll assay.   No SD/SE reported anywhere in Tables 1-5 of this paper -- only Duncan's multiple range test grouping letters (a/b/c) or an omnibus significance marker (ns/*/**/***) per column. SD recorded NR throughout plant_measurements.csv for this paper, not because it is absent from this specific value but because the paper never reports dispersion for any measurement."
pantanellaAquaponicsHydroponicsProduction2012,pantanellaAquaponicsHydroponicsProduction2012-T2,AP,biochemistry,Chlorophyll (SPAD),32.4,NR,SPAD units,b,"Table 4, 1st crop, mid (2 weeks post-transplant)","Optical chlorophyll-meter reading (Minolta SPAD 502), not a wet-chemistry chlorophyll assay.   No SD/SE reported anywhere in Tables 1-5 of this paper -- only Duncan's multiple range test grouping letters (a/b/c) or an omnibus significance marker (ns/*/**/***) per column. SD recorded NR throughout plant_measurements.csv for this paper, not because it is absent from this specific value but because the paper never reports dispersion for any measurement."
pantanellaAquaponicsHydroponicsProduction2012,pantanellaAquaponicsHydroponicsProduction2012-T1,HYD,biochemistry,Chlorophyll (SPAD),36.2,NR,SPAD units,c,"Table 4, 1st crop, mid (2 weeks post-transplant)","Optical chlorophyll-meter reading (Minolta SPAD 502), not a wet-chemistry chlorophyll assay.   No SD/SE reported anywhere in Tables 1-5 of this paper -- only Duncan's multiple range test grouping letters (a/b/c) or an omnibus significance marker (ns/*/**/***) per column. SD recorded NR throughout plant_measurements.csv for this paper, not because it is absent from this specific value but because the paper never reports dispersion for any measurement."
pantanellaAquaponicsHydroponicsProduction2012,pantanellaAquaponicsHydroponicsProduction2012-T2,HYD,biochemistry,Chlorophyll (SPAD),36.2,NR,SPAD units,c,"Table 4, 1st crop, mid (2 weeks post-transplant)","Optical chlorophyll-meter reading (Minolta SPAD 502), not a wet-chemistry chlorophyll assay.  Same value as T1's HYD row, shared 1st crop hydroponic control. No SD/SE reported anywhere in Tables 1-5 of this paper -- only Duncan's multiple range test grouping letters (a/b/c) or an omnibus significance marker (ns/*/**/***) per column. SD recorded NR throughout plant_measurements.csv for this paper, not because it is absent from this specific value but because the paper never reports dispersion for any measurement."
pantanellaAquaponicsHydroponicsProduction2012,pantanellaAquaponicsHydroponicsProduction2012-T1,AP,biochemistry,Chlorophyll (SPAD),28.8,NR,SPAD units,a,"Table 4, 1st crop, end (harvest)","Optical chlorophyll-meter reading (Minolta SPAD 502), not a wet-chemistry chlorophyll assay. Harvest/end-of-cycle value, also recorded in trials.csv SPAD (aquaponics) column for the AP system.  No SD/SE reported anywhere in Tables 1-5 of this paper -- only Duncan's multiple range test grouping letters (a/b/c) or an omnibus significance marker (ns/*/**/***) per column. SD recorded NR throughout plant_measurements.csv for this paper, not because it is absent from this specific value but because the paper never reports dispersion for any measurement."
pantanellaAquaponicsHydroponicsProduction2012,pantanellaAquaponicsHydroponicsProduction2012-T2,AP,biochemistry,Chlorophyll (SPAD),34.1,NR,SPAD units,b,"Table 4, 1st crop, end (harvest)","Optical chlorophyll-meter reading (Minolta SPAD 502), not a wet-chemistry chlorophyll assay. Harvest/end-of-cycle value, also recorded in trials.csv SPAD (aquaponics) column for the AP system.  No SD/SE reported anywhere in Tables 1-5 of this paper -- only Duncan's multiple range test grouping letters (a/b/c) or an omnibus significance marker (ns/*/**/***) per column. SD recorded NR throughout plant_measurements.csv for this paper, not because it is absent from this specific value but because the paper never reports dispersion for any measurement."
pantanellaAquaponicsHydroponicsProduction2012,pantanellaAquaponicsHydroponicsProduction2012-T1,HYD,biochemistry,Chlorophyll (SPAD),34.7,NR,SPAD units,b,"Table 4, 1st crop, end (harvest)","Optical chlorophyll-meter reading (Minolta SPAD 502), not a wet-chemistry chlorophyll assay.   No SD/SE reported anywhere in Tables 1-5 of this paper -- only Duncan's multiple range test grouping letters (a/b/c) or an omnibus significance marker (ns/*/**/***) per column. SD recorded NR throughout plant_measurements.csv for this paper, not because it is absent from this specific value but because the paper never reports dispersion for any measurement."
pantanellaAquaponicsHydroponicsProduction2012,pantanellaAquaponicsHydroponicsProduction2012-T2,HYD,biochemistry,Chlorophyll (SPAD),34.7,NR,SPAD units,b,"Table 4, 1st crop, end (harvest)","Optical chlorophyll-meter reading (Minolta SPAD 502), not a wet-chemistry chlorophyll assay.  Same value as T1's HYD row, shared 1st crop hydroponic control. No SD/SE reported anywhere in Tables 1-5 of this paper -- only Duncan's multiple range test grouping letters (a/b/c) or an omnibus significance marker (ns/*/**/***) per column. SD recorded NR throughout plant_measurements.csv for this paper, not because it is absent from this specific value but because the paper never reports dispersion for any measurement."
pantanellaAquaponicsHydroponicsProduction2012,pantanellaAquaponicsHydroponicsProduction2012-T3,AP,biochemistry,Chlorophyll (SPAD),29.7,NR,SPAD units,a,"Table 4, 2nd crop, mid (2 weeks post-transplant)","Optical chlorophyll-meter reading (Minolta SPAD 502), not a wet-chemistry chlorophyll assay.   No SD/SE reported anywhere in Tables 1-5 of this paper -- only Duncan's multiple range test grouping letters (a/b/c) or an omnibus significance marker (ns/*/**/***) per column. SD recorded NR throughout plant_measurements.csv for this paper, not because it is absent from this specific value but because the paper never reports dispersion for any measurement."
pantanellaAquaponicsHydroponicsProduction2012,pantanellaAquaponicsHydroponicsProduction2012-T4,AP,biochemistry,Chlorophyll (SPAD),31.8,NR,SPAD units,b,"Table 4, 2nd crop, mid (2 weeks post-transplant)","Optical chlorophyll-meter reading (Minolta SPAD 502), not a wet-chemistry chlorophyll assay.   No SD/SE reported anywhere in Tables 1-5 of this paper -- only Duncan's multiple range test grouping letters (a/b/c) or an omnibus significance marker (ns/*/**/***) per column. SD recorded NR throughout plant_measurements.csv for this paper, not because it is absent from this specific value but because the paper never reports dispersion for any measurement."
pantanellaAquaponicsHydroponicsProduction2012,pantanellaAquaponicsHydroponicsProduction2012-T3,HYD,biochemistry,Chlorophyll (SPAD),33.6,NR,SPAD units,c,"Table 4, 2nd crop, mid (2 weeks post-transplant)","Optical chlorophyll-meter reading (Minolta SPAD 502), not a wet-chemistry chlorophyll assay.   No SD/SE reported anywhere in Tables 1-5 of this paper -- only Duncan's multiple range test grouping letters (a/b/c) or an omnibus significance marker (ns/*/**/***) per column. SD recorded NR throughout plant_measurements.csv for this paper, not because it is absent from this specific value but because the paper never reports dispersion for any measurement."
pantanellaAquaponicsHydroponicsProduction2012,pantanellaAquaponicsHydroponicsProduction2012-T4,HYD,biochemistry,Chlorophyll (SPAD),33.6,NR,SPAD units,c,"Table 4, 2nd crop, mid (2 weeks post-transplant)","Optical chlorophyll-meter reading (Minolta SPAD 502), not a wet-chemistry chlorophyll assay.  Same value as T3's HYD row, shared 2nd crop hydroponic control. No SD/SE reported anywhere in Tables 1-5 of this paper -- only Duncan's multiple range test grouping letters (a/b/c) or an omnibus significance marker (ns/*/**/***) per column. SD recorded NR throughout plant_measurements.csv for this paper, not because it is absent from this specific value but because the paper never reports dispersion for any measurement."
pantanellaAquaponicsHydroponicsProduction2012,pantanellaAquaponicsHydroponicsProduction2012-T3,AP,biochemistry,Chlorophyll (SPAD),30.9,NR,SPAD units,a,"Table 4, 2nd crop, end (harvest)","Optical chlorophyll-meter reading (Minolta SPAD 502), not a wet-chemistry chlorophyll assay. Harvest/end-of-cycle value, also recorded in trials.csv SPAD (aquaponics) column for the AP system.  No SD/SE reported anywhere in Tables 1-5 of this paper -- only Duncan's multiple range test grouping letters (a/b/c) or an omnibus significance marker (ns/*/**/***) per column. SD recorded NR throughout plant_measurements.csv for this paper, not because it is absent from this specific value but because the paper never reports dispersion for any measurement."
pantanellaAquaponicsHydroponicsProduction2012,pantanellaAquaponicsHydroponicsProduction2012-T4,AP,biochemistry,Chlorophyll (SPAD),34.0,NR,SPAD units,b,"Table 4, 2nd crop, end (harvest)","Optical chlorophyll-meter reading (Minolta SPAD 502), not a wet-chemistry chlorophyll assay. Harvest/end-of-cycle value, also recorded in trials.csv SPAD (aquaponics) column for the AP system.  No SD/SE reported anywhere in Tables 1-5 of this paper -- only Duncan's multiple range test grouping letters (a/b/c) or an omnibus significance marker (ns/*/**/***) per column. SD recorded NR throughout plant_measurements.csv for this paper, not because it is absent from this specific value but because the paper never reports dispersion for any measurement."
pantanellaAquaponicsHydroponicsProduction2012,pantanellaAquaponicsHydroponicsProduction2012-T3,HYD,biochemistry,Chlorophyll (SPAD),30.2,NR,SPAD units,a,"Table 4, 2nd crop, end (harvest)","Optical chlorophyll-meter reading (Minolta SPAD 502), not a wet-chemistry chlorophyll assay.   No SD/SE reported anywhere in Tables 1-5 of this paper -- only Duncan's multiple range test grouping letters (a/b/c) or an omnibus significance marker (ns/*/**/***) per column. SD recorded NR throughout plant_measurements.csv for this paper, not because it is absent from this specific value but because the paper never reports dispersion for any measurement."
pantanellaAquaponicsHydroponicsProduction2012,pantanellaAquaponicsHydroponicsProduction2012-T4,HYD,biochemistry,Chlorophyll (SPAD),30.2,NR,SPAD units,a,"Table 4, 2nd crop, end (harvest)","Optical chlorophyll-meter reading (Minolta SPAD 502), not a wet-chemistry chlorophyll assay.  Same value as T3's HYD row, shared 2nd crop hydroponic control. No SD/SE reported anywhere in Tables 1-5 of this paper -- only Duncan's multiple range test grouping letters (a/b/c) or an omnibus significance marker (ns/*/**/***) per column. SD recorded NR throughout plant_measurements.csv for this paper, not because it is absent from this specific value but because the paper never reports dispersion for any measurement."
pastorarbuluEnhancingGrowthYield2025,pastorarbuluEnhancingGrowthYield2025-T1,Module I - Tropicana,biochemistry,Total chlorophyll content,NR,NR,NR,"p<0.05 (overall ANOVA, significant among treatments); module II highest regardless of cultivar (Results 3.3, p.5)","Figure 4A, p.6","No numeric value given anywhere in text or a table; per SCHEMA.md, values shown only in a bar chart are never read off a figure. Measured via spectrophotometry, Lichtenthaler and Wellburn (1983/1994) methods with modifications (Methods 2.5, p.3)."
pastorarbuluEnhancingGrowthYield2025,pastorarbuluEnhancingGrowthYield2025-T1,Module I - Tropicana,biochemistry,SPAD index (relative chlorophyll),NR,NR,NR,"ns, p>0.3 (Results 3.3, p.5)",Supplementary Figure S3,"No numeric SPAD values given anywhere in text or a table (not even in the main figures - only a Supplementary figure); differences among treatments were not significant. Figure-only, never read off a chart per SCHEMA.md."
pastorarbuluEnhancingGrowthYield2025,pastorarbuluEnhancingGrowthYield2025-T2,Module I - Starfighter,biochemistry,Total chlorophyll content,NR,NR,NR,"p<0.05 (overall ANOVA, significant among treatments); module II highest regardless of cultivar (Results 3.3, p.5)","Figure 4A, p.6","No numeric value given anywhere in text or a table; per SCHEMA.md, values shown only in a bar chart are never read off a figure. Measured via spectrophotometry, Lichtenthaler and Wellburn (1983/1994) methods with modifications (Methods 2.5, p.3)."
pastorarbuluEnhancingGrowthYield2025,pastorarbuluEnhancingGrowthYield2025-T2,Module I - Starfighter,biochemistry,SPAD index (relative chlorophyll),NR,NR,NR,"ns, p>0.3 (Results 3.3, p.5)",Supplementary Figure S3,"No numeric SPAD values given anywhere in text or a table (not even in the main figures - only a Supplementary figure); differences among treatments were not significant. Figure-only, never read off a chart per SCHEMA.md."
pastorarbuluEnhancingGrowthYield2025,pastorarbuluEnhancingGrowthYield2025-T3,Module II - Tropicana,biochemistry,Total chlorophyll content,NR,NR,NR,"p<0.05 (overall ANOVA, significant among treatments); module II highest regardless of cultivar (Results 3.3, p.5)","Figure 4A, p.6","No numeric value given anywhere in text or a table; per SCHEMA.md, values shown only in a bar chart are never read off a figure. Measured via spectrophotometry, Lichtenthaler and Wellburn (1983/1994) methods with modifications (Methods 2.5, p.3)."
pastorarbuluEnhancingGrowthYield2025,pastorarbuluEnhancingGrowthYield2025-T3,Module II - Tropicana,biochemistry,SPAD index (relative chlorophyll),NR,NR,NR,"ns, p>0.3 (Results 3.3, p.5)",Supplementary Figure S3,"No numeric SPAD values given anywhere in text or a table (not even in the main figures - only a Supplementary figure); differences among treatments were not significant. Figure-only, never read off a chart per SCHEMA.md."
pastorarbuluEnhancingGrowthYield2025,pastorarbuluEnhancingGrowthYield2025-T4,Module II - Starfighter,biochemistry,Total chlorophyll content,NR,NR,NR,"p<0.05 (overall ANOVA, significant among treatments); module II highest regardless of cultivar (Results 3.3, p.5)","Figure 4A, p.6","No numeric value given anywhere in text or a table; per SCHEMA.md, values shown only in a bar chart are never read off a figure. Measured via spectrophotometry, Lichtenthaler and Wellburn (1983/1994) methods with modifications (Methods 2.5, p.3)."
pastorarbuluEnhancingGrowthYield2025,pastorarbuluEnhancingGrowthYield2025-T4,Module II - Starfighter,biochemistry,SPAD index (relative chlorophyll),NR,NR,NR,"ns, p>0.3 (Results 3.3, p.5)",Supplementary Figure S3,"No numeric SPAD values given anywhere in text or a table (not even in the main figures - only a Supplementary figure); differences among treatments were not significant. Figure-only, never read off a chart per SCHEMA.md."
pastorarbuluEnhancingGrowthYield2025,pastorarbuluEnhancingGrowthYield2025-T5,Module III - Tropicana,biochemistry,Total chlorophyll content,NR,NR,NR,"p<0.05 (overall ANOVA, significant among treatments); module II highest regardless of cultivar (Results 3.3, p.5)","Figure 4A, p.6","No numeric value given anywhere in text or a table; per SCHEMA.md, values shown only in a bar chart are never read off a figure. Measured via spectrophotometry, Lichtenthaler and Wellburn (1983/1994) methods with modifications (Methods 2.5, p.3)."
pastorarbuluEnhancingGrowthYield2025,pastorarbuluEnhancingGrowthYield2025-T5,Module III - Tropicana,biochemistry,SPAD index (relative chlorophyll),NR,NR,NR,"ns, p>0.3 (Results 3.3, p.5)",Supplementary Figure S3,"No numeric SPAD values given anywhere in text or a table (not even in the main figures - only a Supplementary figure); differences among treatments were not significant. Figure-only, never read off a chart per SCHEMA.md."
pastorarbuluEnhancingGrowthYield2025,pastorarbuluEnhancingGrowthYield2025-T6,Module III - Starfighter,biochemistry,Total chlorophyll content,NR,NR,NR,"p<0.05 (overall ANOVA, significant among treatments); module II highest regardless of cultivar (Results 3.3, p.5)","Figure 4A, p.6","No numeric value given anywhere in text or a table; per SCHEMA.md, values shown only in a bar chart are never read off a figure. Measured via spectrophotometry, Lichtenthaler and Wellburn (1983/1994) methods with modifications (Methods 2.5, p.3)."
pastorarbuluEnhancingGrowthYield2025,pastorarbuluEnhancingGrowthYield2025-T6,Module III - Starfighter,biochemistry,SPAD index (relative chlorophyll),NR,NR,NR,"ns, p>0.3 (Results 3.3, p.5)",Supplementary Figure S3,"No numeric SPAD values given anywhere in text or a table (not even in the main figures - only a Supplementary figure); differences among treatments were not significant. Figure-only, never read off a chart per SCHEMA.md."
patlokovaOptimizationPlantNutrition2024,patlokovaOptimizationPlantNutrition2024-T1,AP,mineral,K,1220.7,212.1,mg/kg (basis unclear),AB,Table 4,"FW/DW basis not stated in Methods 3.1.6 or Table 4 caption; recorded as mg/kg with basis UNCLEAR (WARN-CHECK, see Experimental Remarks / REVIEW.md)"
patlokovaOptimizationPlantNutrition2024,patlokovaOptimizationPlantNutrition2024-T1,AP,mineral,Na,1352.5,149.04,mg/kg (basis unclear),A,Table 4,"FW/DW basis not stated in Methods 3.1.6 or Table 4 caption; recorded as mg/kg with basis UNCLEAR (WARN-CHECK, see Experimental Remarks / REVIEW.md)"
patlokovaOptimizationPlantNutrition2024,patlokovaOptimizationPlantNutrition2024-T1,AP,mineral,Ca,176.0,50.5,mg/kg (basis unclear),AB,Table 4,"FW/DW basis not stated in Methods 3.1.6 or Table 4 caption; recorded as mg/kg with basis UNCLEAR (WARN-CHECK, see Experimental Remarks / REVIEW.md)"
patlokovaOptimizationPlantNutrition2024,patlokovaOptimizationPlantNutrition2024-T1,AP,mineral,Mg,209.7,117.56,mg/kg (basis unclear),A,Table 4,"FW/DW basis not stated in Methods 3.1.6 or Table 4 caption; recorded as mg/kg with basis UNCLEAR (WARN-CHECK, see Experimental Remarks / REVIEW.md)"
patlokovaOptimizationPlantNutrition2024,patlokovaOptimizationPlantNutrition2024-T1,AP,mineral,P,21.0,1.98,mg/kg (basis unclear),AB,Table 4,"FW/DW basis not stated in Methods 3.1.6 or Table 4 caption; recorded as mg/kg with basis UNCLEAR (WARN-CHECK, see Experimental Remarks / REVIEW.md)"
patlokovaOptimizationPlantNutrition2024,patlokovaOptimizationPlantNutrition2024-T1,AP,biochemistry,Chlorophyll a,185.0,33.52,mg/kg (basis unclear),a,Table 4,"FW/DW basis not stated in Methods 3.1.6 or Table 4 caption; recorded as mg/kg with basis UNCLEAR (WARN-CHECK, see Experimental Remarks / REVIEW.md)"
patlokovaOptimizationPlantNutrition2024,patlokovaOptimizationPlantNutrition2024-T1,AP,biochemistry,Chlorophyll b,83.6,15.16,mg/kg (basis unclear),a,Table 4,"FW/DW basis not stated in Methods 3.1.6 or Table 4 caption; recorded as mg/kg with basis UNCLEAR (WARN-CHECK, see Experimental Remarks / REVIEW.md)"
patlokovaOptimizationPlantNutrition2024,patlokovaOptimizationPlantNutrition2024-T1,AP,biochemistry,Carotenoids,56.7,10.49,mg/kg (basis unclear),a,Table 4,"FW/DW basis not stated in Methods 3.1.6 or Table 4 caption; recorded as mg/kg with basis UNCLEAR (WARN-CHECK, see Experimental Remarks / REVIEW.md)"
patlokovaOptimizationPlantNutrition2024,patlokovaOptimizationPlantNutrition2024-T1,AP,biochemistry,Vitamin C,91.2,6.2,mg/kg (basis unclear),bc,Table 4,"FW/DW basis not stated in Methods 3.1.6 or Table 4 caption; recorded as mg/kg with basis UNCLEAR (WARN-CHECK, see Experimental Remarks / REVIEW.md)"
patlokovaOptimizationPlantNutrition2024,patlokovaOptimizationPlantNutrition2024-T1,HYD,mineral,K,3565.1,192.54,mg/kg (basis unclear),A,Table 4,"FW/DW basis not stated in Methods 3.1.6 or Table 4 caption; recorded as mg/kg with basis UNCLEAR (WARN-CHECK, see Experimental Remarks / REVIEW.md)"
patlokovaOptimizationPlantNutrition2024,patlokovaOptimizationPlantNutrition2024-T1,HYD,mineral,Na,39.7,6.02,mg/kg (basis unclear),B,Table 4,"FW/DW basis not stated in Methods 3.1.6 or Table 4 caption; recorded as mg/kg with basis UNCLEAR (WARN-CHECK, see Experimental Remarks / REVIEW.md)"
patlokovaOptimizationPlantNutrition2024,patlokovaOptimizationPlantNutrition2024-T1,HYD,mineral,Ca,0.0,0.0,mg/kg (basis unclear),B,Table 4,"FW/DW basis not stated in Methods 3.1.6 or Table 4 caption; recorded as mg/kg with basis UNCLEAR (WARN-CHECK, see Experimental Remarks / REVIEW.md)"
patlokovaOptimizationPlantNutrition2024,patlokovaOptimizationPlantNutrition2024-T1,HYD,mineral,Mg,0.0,0.0,mg/kg (basis unclear),A,Table 4,"FW/DW basis not stated in Methods 3.1.6 or Table 4 caption; recorded as mg/kg with basis UNCLEAR (WARN-CHECK, see Experimental Remarks / REVIEW.md)"
patlokovaOptimizationPlantNutrition2024,patlokovaOptimizationPlantNutrition2024-T1,HYD,mineral,P,35.6,1.97,mg/kg (basis unclear),A,Table 4,"FW/DW basis not stated in Methods 3.1.6 or Table 4 caption; recorded as mg/kg with basis UNCLEAR (WARN-CHECK, see Experimental Remarks / REVIEW.md)"
patlokovaOptimizationPlantNutrition2024,patlokovaOptimizationPlantNutrition2024-T1,HYD,biochemistry,Chlorophyll a,162.1,5.41,mg/kg (basis unclear),a,Table 4,"FW/DW basis not stated in Methods 3.1.6 or Table 4 caption; recorded as mg/kg with basis UNCLEAR (WARN-CHECK, see Experimental Remarks / REVIEW.md)"
patlokovaOptimizationPlantNutrition2024,patlokovaOptimizationPlantNutrition2024-T1,HYD,biochemistry,Chlorophyll b,76.8,2.52,mg/kg (basis unclear),a,Table 4,"FW/DW basis not stated in Methods 3.1.6 or Table 4 caption; recorded as mg/kg with basis UNCLEAR (WARN-CHECK, see Experimental Remarks / REVIEW.md)"
patlokovaOptimizationPlantNutrition2024,patlokovaOptimizationPlantNutrition2024-T1,HYD,biochemistry,Carotenoids,41.1,1.21,mg/kg (basis unclear),a,Table 4,"FW/DW basis not stated in Methods 3.1.6 or Table 4 caption; recorded as mg/kg with basis UNCLEAR (WARN-CHECK, see Experimental Remarks / REVIEW.md)"
patlokovaOptimizationPlantNutrition2024,patlokovaOptimizationPlantNutrition2024-T1,HYD,biochemistry,Vitamin C,50.6,5.59,mg/kg (basis unclear),d,Table 4,"FW/DW basis not stated in Methods 3.1.6 or Table 4 caption; recorded as mg/kg with basis UNCLEAR (WARN-CHECK, see Experimental Remarks / REVIEW.md)"
patlokovaOptimizationPlantNutrition2024,patlokovaOptimizationPlantNutrition2024-T2,AP,mineral,K,1089.6,66.01,mg/kg (basis unclear),B,Table 4,"FW/DW basis not stated in Methods 3.1.6 or Table 4 caption; recorded as mg/kg with basis UNCLEAR (WARN-CHECK, see Experimental Remarks / REVIEW.md)"
patlokovaOptimizationPlantNutrition2024,patlokovaOptimizationPlantNutrition2024-T2,AP,mineral,Na,1198.4,73.63,mg/kg (basis unclear),AB,Table 4,"FW/DW basis not stated in Methods 3.1.6 or Table 4 caption; recorded as mg/kg with basis UNCLEAR (WARN-CHECK, see Experimental Remarks / REVIEW.md)"
patlokovaOptimizationPlantNutrition2024,patlokovaOptimizationPlantNutrition2024-T2,AP,mineral,Ca,418.1,78.53,mg/kg (basis unclear),A,Table 4,"FW/DW basis not stated in Methods 3.1.6 or Table 4 caption; recorded as mg/kg with basis UNCLEAR (WARN-CHECK, see Experimental Remarks / REVIEW.md)"
patlokovaOptimizationPlantNutrition2024,patlokovaOptimizationPlantNutrition2024-T2,AP,mineral,Mg,82.5,6.93,mg/kg (basis unclear),A,Table 4,"FW/DW basis not stated in Methods 3.1.6 or Table 4 caption; recorded as mg/kg with basis UNCLEAR (WARN-CHECK, see Experimental Remarks / REVIEW.md)"
patlokovaOptimizationPlantNutrition2024,patlokovaOptimizationPlantNutrition2024-T2,AP,mineral,P,20.4,1.06,mg/kg (basis unclear),B,Table 4,"FW/DW basis not stated in Methods 3.1.6 or Table 4 caption; recorded as mg/kg with basis UNCLEAR (WARN-CHECK, see Experimental Remarks / REVIEW.md)"
patlokovaOptimizationPlantNutrition2024,patlokovaOptimizationPlantNutrition2024-T2,AP,biochemistry,Chlorophyll a,183.0,32.12,mg/kg (basis unclear),a,Table 4,"FW/DW basis not stated in Methods 3.1.6 or Table 4 caption; recorded as mg/kg with basis UNCLEAR (WARN-CHECK, see Experimental Remarks / REVIEW.md)"
patlokovaOptimizationPlantNutrition2024,patlokovaOptimizationPlantNutrition2024-T2,AP,biochemistry,Chlorophyll b,88.8,17.14,mg/kg (basis unclear),a,Table 4,"FW/DW basis not stated in Methods 3.1.6 or Table 4 caption; recorded as mg/kg with basis UNCLEAR (WARN-CHECK, see Experimental Remarks / REVIEW.md)"
patlokovaOptimizationPlantNutrition2024,patlokovaOptimizationPlantNutrition2024-T2,AP,biochemistry,Carotenoids,48.3,11.17,mg/kg (basis unclear),a,Table 4,"FW/DW basis not stated in Methods 3.1.6 or Table 4 caption; recorded as mg/kg with basis UNCLEAR (WARN-CHECK, see Experimental Remarks / REVIEW.md)"
patlokovaOptimizationPlantNutrition2024,patlokovaOptimizationPlantNutrition2024-T2,AP,biochemistry,Vitamin C,70.0,2.45,mg/kg (basis unclear),cd,Table 4,"FW/DW basis not stated in Methods 3.1.6 or Table 4 caption; recorded as mg/kg with basis UNCLEAR (WARN-CHECK, see Experimental Remarks / REVIEW.md)"
patlokovaOptimizationPlantNutrition2024,patlokovaOptimizationPlantNutrition2024-T2,HYD,mineral,K,3565.1,192.54,mg/kg (basis unclear),A,Table 4,"FW/DW basis not stated in Methods 3.1.6 or Table 4 caption; recorded as mg/kg with basis UNCLEAR (WARN-CHECK, see Experimental Remarks / REVIEW.md)"
patlokovaOptimizationPlantNutrition2024,patlokovaOptimizationPlantNutrition2024-T2,HYD,mineral,Na,39.7,6.02,mg/kg (basis unclear),B,Table 4,"FW/DW basis not stated in Methods 3.1.6 or Table 4 caption; recorded as mg/kg with basis UNCLEAR (WARN-CHECK, see Experimental Remarks / REVIEW.md)"
patlokovaOptimizationPlantNutrition2024,patlokovaOptimizationPlantNutrition2024-T2,HYD,mineral,Ca,0.0,0.0,mg/kg (basis unclear),B,Table 4,"FW/DW basis not stated in Methods 3.1.6 or Table 4 caption; recorded as mg/kg with basis UNCLEAR (WARN-CHECK, see Experimental Remarks / REVIEW.md)"
patlokovaOptimizationPlantNutrition2024,patlokovaOptimizationPlantNutrition2024-T2,HYD,mineral,Mg,0.0,0.0,mg/kg (basis unclear),A,Table 4,"FW/DW basis not stated in Methods 3.1.6 or Table 4 caption; recorded as mg/kg with basis UNCLEAR (WARN-CHECK, see Experimental Remarks / REVIEW.md)"
patlokovaOptimizationPlantNutrition2024,patlokovaOptimizationPlantNutrition2024-T2,HYD,mineral,P,35.6,1.97,mg/kg (basis unclear),A,Table 4,"FW/DW basis not stated in Methods 3.1.6 or Table 4 caption; recorded as mg/kg with basis UNCLEAR (WARN-CHECK, see Experimental Remarks / REVIEW.md)"
patlokovaOptimizationPlantNutrition2024,patlokovaOptimizationPlantNutrition2024-T2,HYD,biochemistry,Chlorophyll a,162.1,5.41,mg/kg (basis unclear),a,Table 4,"FW/DW basis not stated in Methods 3.1.6 or Table 4 caption; recorded as mg/kg with basis UNCLEAR (WARN-CHECK, see Experimental Remarks / REVIEW.md)"
patlokovaOptimizationPlantNutrition2024,patlokovaOptimizationPlantNutrition2024-T2,HYD,biochemistry,Chlorophyll b,76.8,2.52,mg/kg (basis unclear),a,Table 4,"FW/DW basis not stated in Methods 3.1.6 or Table 4 caption; recorded as mg/kg with basis UNCLEAR (WARN-CHECK, see Experimental Remarks / REVIEW.md)"
patlokovaOptimizationPlantNutrition2024,patlokovaOptimizationPlantNutrition2024-T2,HYD,biochemistry,Carotenoids,41.1,1.21,mg/kg (basis unclear),a,Table 4,"FW/DW basis not stated in Methods 3.1.6 or Table 4 caption; recorded as mg/kg with basis UNCLEAR (WARN-CHECK, see Experimental Remarks / REVIEW.md)"
patlokovaOptimizationPlantNutrition2024,patlokovaOptimizationPlantNutrition2024-T2,HYD,biochemistry,Vitamin C,50.6,5.59,mg/kg (basis unclear),d,Table 4,"FW/DW basis not stated in Methods 3.1.6 or Table 4 caption; recorded as mg/kg with basis UNCLEAR (WARN-CHECK, see Experimental Remarks / REVIEW.md)"
patlokovaOptimizationPlantNutrition2024,patlokovaOptimizationPlantNutrition2024-T3,AP,mineral,K,1174.6,143.02,mg/kg (basis unclear),AB,Table 4,"FW/DW basis not stated in Methods 3.1.6 or Table 4 caption; recorded as mg/kg with basis UNCLEAR (WARN-CHECK, see Experimental Remarks / REVIEW.md)"
patlokovaOptimizationPlantNutrition2024,patlokovaOptimizationPlantNutrition2024-T3,AP,mineral,Na,1162.7,120.01,mg/kg (basis unclear),AB,Table 4,"FW/DW basis not stated in Methods 3.1.6 or Table 4 caption; recorded as mg/kg with basis UNCLEAR (WARN-CHECK, see Experimental Remarks / REVIEW.md)"
patlokovaOptimizationPlantNutrition2024,patlokovaOptimizationPlantNutrition2024-T3,AP,mineral,Ca,167.7,252.83,mg/kg (basis unclear),AB,Table 4,"FW/DW basis not stated in Methods 3.1.6 or Table 4 caption; recorded as mg/kg with basis UNCLEAR (WARN-CHECK, see Experimental Remarks / REVIEW.md)"
patlokovaOptimizationPlantNutrition2024,patlokovaOptimizationPlantNutrition2024-T3,AP,mineral,Mg,111.5,164.5,mg/kg (basis unclear),A,Table 4,"FW/DW basis not stated in Methods 3.1.6 or Table 4 caption; recorded as mg/kg with basis UNCLEAR (WARN-CHECK, see Experimental Remarks / REVIEW.md)"
patlokovaOptimizationPlantNutrition2024,patlokovaOptimizationPlantNutrition2024-T3,AP,mineral,P,21.8,0.9,mg/kg (basis unclear),AB,Table 4,"FW/DW basis not stated in Methods 3.1.6 or Table 4 caption; recorded as mg/kg with basis UNCLEAR (WARN-CHECK, see Experimental Remarks / REVIEW.md)"
patlokovaOptimizationPlantNutrition2024,patlokovaOptimizationPlantNutrition2024-T3,AP,biochemistry,Chlorophyll a,203.4,14.61,mg/kg (basis unclear),a,Table 4,"FW/DW basis not stated in Methods 3.1.6 or Table 4 caption; recorded as mg/kg with basis UNCLEAR (WARN-CHECK, see Experimental Remarks / REVIEW.md)"
patlokovaOptimizationPlantNutrition2024,patlokovaOptimizationPlantNutrition2024-T3,AP,biochemistry,Chlorophyll b,98.7,6.51,mg/kg (basis unclear),a,Table 4,"FW/DW basis not stated in Methods 3.1.6 or Table 4 caption; recorded as mg/kg with basis UNCLEAR (WARN-CHECK, see Experimental Remarks / REVIEW.md)"
patlokovaOptimizationPlantNutrition2024,patlokovaOptimizationPlantNutrition2024-T3,AP,biochemistry,Carotenoids,61.8,3.14,mg/kg (basis unclear),a,Table 4,"FW/DW basis not stated in Methods 3.1.6 or Table 4 caption; recorded as mg/kg with basis UNCLEAR (WARN-CHECK, see Experimental Remarks / REVIEW.md)"
patlokovaOptimizationPlantNutrition2024,patlokovaOptimizationPlantNutrition2024-T3,AP,biochemistry,Vitamin C,100.9,7.89,mg/kg (basis unclear),ab,Table 4,"FW/DW basis not stated in Methods 3.1.6 or Table 4 caption; recorded as mg/kg with basis UNCLEAR (WARN-CHECK, see Experimental Remarks / REVIEW.md)"
patlokovaOptimizationPlantNutrition2024,patlokovaOptimizationPlantNutrition2024-T3,HYD,mineral,K,3565.1,192.54,mg/kg (basis unclear),A,Table 4,"FW/DW basis not stated in Methods 3.1.6 or Table 4 caption; recorded as mg/kg with basis UNCLEAR (WARN-CHECK, see Experimental Remarks / REVIEW.md)"
patlokovaOptimizationPlantNutrition2024,patlokovaOptimizationPlantNutrition2024-T3,HYD,mineral,Na,39.7,6.02,mg/kg (basis unclear),B,Table 4,"FW/DW basis not stated in Methods 3.1.6 or Table 4 caption; recorded as mg/kg with basis UNCLEAR (WARN-CHECK, see Experimental Remarks / REVIEW.md)"
patlokovaOptimizationPlantNutrition2024,patlokovaOptimizationPlantNutrition2024-T3,HYD,mineral,Ca,0.0,0.0,mg/kg (basis unclear),B,Table 4,"FW/DW basis not stated in Methods 3.1.6 or Table 4 caption; recorded as mg/kg with basis UNCLEAR (WARN-CHECK, see Experimental Remarks / REVIEW.md)"
patlokovaOptimizationPlantNutrition2024,patlokovaOptimizationPlantNutrition2024-T3,HYD,mineral,Mg,0.0,0.0,mg/kg (basis unclear),A,Table 4,"FW/DW basis not stated in Methods 3.1.6 or Table 4 caption; recorded as mg/kg with basis UNCLEAR (WARN-CHECK, see Experimental Remarks / REVIEW.md)"
patlokovaOptimizationPlantNutrition2024,patlokovaOptimizationPlantNutrition2024-T3,HYD,mineral,P,35.6,1.97,mg/kg (basis unclear),A,Table 4,"FW/DW basis not stated in Methods 3.1.6 or Table 4 caption; recorded as mg/kg with basis UNCLEAR (WARN-CHECK, see Experimental Remarks / REVIEW.md)"
patlokovaOptimizationPlantNutrition2024,patlokovaOptimizationPlantNutrition2024-T3,HYD,biochemistry,Chlorophyll a,162.1,5.41,mg/kg (basis unclear),a,Table 4,"FW/DW basis not stated in Methods 3.1.6 or Table 4 caption; recorded as mg/kg with basis UNCLEAR (WARN-CHECK, see Experimental Remarks / REVIEW.md)"
patlokovaOptimizationPlantNutrition2024,patlokovaOptimizationPlantNutrition2024-T3,HYD,biochemistry,Chlorophyll b,76.8,2.52,mg/kg (basis unclear),a,Table 4,"FW/DW basis not stated in Methods 3.1.6 or Table 4 caption; recorded as mg/kg with basis UNCLEAR (WARN-CHECK, see Experimental Remarks / REVIEW.md)"
patlokovaOptimizationPlantNutrition2024,patlokovaOptimizationPlantNutrition2024-T3,HYD,biochemistry,Carotenoids,41.1,1.21,mg/kg (basis unclear),a,Table 4,"FW/DW basis not stated in Methods 3.1.6 or Table 4 caption; recorded as mg/kg with basis UNCLEAR (WARN-CHECK, see Experimental Remarks / REVIEW.md)"
patlokovaOptimizationPlantNutrition2024,patlokovaOptimizationPlantNutrition2024-T3,HYD,biochemistry,Vitamin C,50.6,5.59,mg/kg (basis unclear),d,Table 4,"FW/DW basis not stated in Methods 3.1.6 or Table 4 caption; recorded as mg/kg with basis UNCLEAR (WARN-CHECK, see Experimental Remarks / REVIEW.md)"
patlokovaOptimizationPlantNutrition2024,patlokovaOptimizationPlantNutrition2024-T4,AP,mineral,K,1353.9,104.4,mg/kg (basis unclear),AB,Table 4,"FW/DW basis not stated in Methods 3.1.6 or Table 4 caption; recorded as mg/kg with basis UNCLEAR (WARN-CHECK, see Experimental Remarks / REVIEW.md)"
patlokovaOptimizationPlantNutrition2024,patlokovaOptimizationPlantNutrition2024-T4,AP,mineral,Na,63.9,12.26,mg/kg (basis unclear),a,Table 4,"FW/DW basis not stated in Methods 3.1.6 or Table 4 caption; recorded as mg/kg with basis UNCLEAR (WARN-CHECK, see Experimental Remarks / REVIEW.md)"
patlokovaOptimizationPlantNutrition2024,patlokovaOptimizationPlantNutrition2024-T4,AP,mineral,Ca,160.3,12.59,mg/kg (basis unclear),B,Table 4,"FW/DW basis not stated in Methods 3.1.6 or Table 4 caption; recorded as mg/kg with basis UNCLEAR (WARN-CHECK, see Experimental Remarks / REVIEW.md)"
patlokovaOptimizationPlantNutrition2024,patlokovaOptimizationPlantNutrition2024-T4,AP,mineral,Mg,819.3,61.14,mg/kg (basis unclear),AB,Table 4,"FW/DW basis not stated in Methods 3.1.6 or Table 4 caption; recorded as mg/kg with basis UNCLEAR (WARN-CHECK, see Experimental Remarks / REVIEW.md)"
patlokovaOptimizationPlantNutrition2024,patlokovaOptimizationPlantNutrition2024-T4,AP,mineral,P,33.2,2.52,mg/kg (basis unclear),B,Table 4,"FW/DW basis not stated in Methods 3.1.6 or Table 4 caption; recorded as mg/kg with basis UNCLEAR (WARN-CHECK, see Experimental Remarks / REVIEW.md)"
patlokovaOptimizationPlantNutrition2024,patlokovaOptimizationPlantNutrition2024-T4,AP,biochemistry,Chlorophyll a,295.0,24.08,mg/kg (basis unclear),a,Table 4,"FW/DW basis not stated in Methods 3.1.6 or Table 4 caption; recorded as mg/kg with basis UNCLEAR (WARN-CHECK, see Experimental Remarks / REVIEW.md)"
patlokovaOptimizationPlantNutrition2024,patlokovaOptimizationPlantNutrition2024-T4,AP,biochemistry,Chlorophyll b,126.6,11.86,mg/kg (basis unclear),a,Table 4,"FW/DW basis not stated in Methods 3.1.6 or Table 4 caption; recorded as mg/kg with basis UNCLEAR (WARN-CHECK, see Experimental Remarks / REVIEW.md)"
patlokovaOptimizationPlantNutrition2024,patlokovaOptimizationPlantNutrition2024-T4,AP,biochemistry,Carotenoids,86.0,5.88,mg/kg (basis unclear),ab,Table 4,"FW/DW basis not stated in Methods 3.1.6 or Table 4 caption; recorded as mg/kg with basis UNCLEAR (WARN-CHECK, see Experimental Remarks / REVIEW.md)"
patlokovaOptimizationPlantNutrition2024,patlokovaOptimizationPlantNutrition2024-T4,AP,biochemistry,Vitamin C,23.6,4.64,mg/kg (basis unclear),b,Table 4,"FW/DW basis not stated in Methods 3.1.6 or Table 4 caption; recorded as mg/kg with basis UNCLEAR (WARN-CHECK, see Experimental Remarks / REVIEW.md)"
patlokovaOptimizationPlantNutrition2024,patlokovaOptimizationPlantNutrition2024-T4,HYD,mineral,K,4647.6,640.86,mg/kg (basis unclear),A,Table 4,"FW/DW basis not stated in Methods 3.1.6 or Table 4 caption; recorded as mg/kg with basis UNCLEAR (WARN-CHECK, see Experimental Remarks / REVIEW.md)"
patlokovaOptimizationPlantNutrition2024,patlokovaOptimizationPlantNutrition2024-T4,HYD,mineral,Na,61.0,8.42,mg/kg (basis unclear),a,Table 4,"FW/DW basis not stated in Methods 3.1.6 or Table 4 caption; recorded as mg/kg with basis UNCLEAR (WARN-CHECK, see Experimental Remarks / REVIEW.md)"
patlokovaOptimizationPlantNutrition2024,patlokovaOptimizationPlantNutrition2024-T4,HYD,mineral,Ca,622.2,36.54,mg/kg (basis unclear),A,Table 4,"FW/DW basis not stated in Methods 3.1.6 or Table 4 caption; recorded as mg/kg with basis UNCLEAR (WARN-CHECK, see Experimental Remarks / REVIEW.md)"
patlokovaOptimizationPlantNutrition2024,patlokovaOptimizationPlantNutrition2024-T4,HYD,mineral,Mg,131.2,15.61,mg/kg (basis unclear),B,Table 4,"FW/DW basis not stated in Methods 3.1.6 or Table 4 caption; recorded as mg/kg with basis UNCLEAR (WARN-CHECK, see Experimental Remarks / REVIEW.md)"
patlokovaOptimizationPlantNutrition2024,patlokovaOptimizationPlantNutrition2024-T4,HYD,mineral,P,92.7,17.03,mg/kg (basis unclear),A,Table 4,"FW/DW basis not stated in Methods 3.1.6 or Table 4 caption; recorded as mg/kg with basis UNCLEAR (WARN-CHECK, see Experimental Remarks / REVIEW.md)"
patlokovaOptimizationPlantNutrition2024,patlokovaOptimizationPlantNutrition2024-T4,HYD,biochemistry,Chlorophyll a,287.4,29.93,mg/kg (basis unclear),a,Table 4,"FW/DW basis not stated in Methods 3.1.6 or Table 4 caption; recorded as mg/kg with basis UNCLEAR (WARN-CHECK, see Experimental Remarks / REVIEW.md)"
patlokovaOptimizationPlantNutrition2024,patlokovaOptimizationPlantNutrition2024-T4,HYD,biochemistry,Chlorophyll b,125.9,9.66,mg/kg (basis unclear),a,Table 4,"FW/DW basis not stated in Methods 3.1.6 or Table 4 caption; recorded as mg/kg with basis UNCLEAR (WARN-CHECK, see Experimental Remarks / REVIEW.md)"
patlokovaOptimizationPlantNutrition2024,patlokovaOptimizationPlantNutrition2024-T4,HYD,biochemistry,Carotenoids,73.0,9.27,mg/kg (basis unclear),b,Table 4,"FW/DW basis not stated in Methods 3.1.6 or Table 4 caption; recorded as mg/kg with basis UNCLEAR (WARN-CHECK, see Experimental Remarks / REVIEW.md)"
patlokovaOptimizationPlantNutrition2024,patlokovaOptimizationPlantNutrition2024-T4,HYD,biochemistry,Vitamin C,5.5,2.86,mg/kg (basis unclear),b,Table 4,"FW/DW basis not stated in Methods 3.1.6 or Table 4 caption; recorded as mg/kg with basis UNCLEAR (WARN-CHECK, see Experimental Remarks / REVIEW.md)"
patlokovaOptimizationPlantNutrition2024,patlokovaOptimizationPlantNutrition2024-T5,AP,mineral,K,1458.2,219.66,mg/kg (basis unclear),AB,Table 4,"FW/DW basis not stated in Methods 3.1.6 or Table 4 caption; recorded as mg/kg with basis UNCLEAR (WARN-CHECK, see Experimental Remarks / REVIEW.md)"
patlokovaOptimizationPlantNutrition2024,patlokovaOptimizationPlantNutrition2024-T5,AP,mineral,Na,80.8,11.26,mg/kg (basis unclear),a,Table 4,"FW/DW basis not stated in Methods 3.1.6 or Table 4 caption; recorded as mg/kg with basis UNCLEAR (WARN-CHECK, see Experimental Remarks / REVIEW.md)"
patlokovaOptimizationPlantNutrition2024,patlokovaOptimizationPlantNutrition2024-T5,AP,mineral,Ca,200.1,42.66,mg/kg (basis unclear),AB,Table 4,"FW/DW basis not stated in Methods 3.1.6 or Table 4 caption; recorded as mg/kg with basis UNCLEAR (WARN-CHECK, see Experimental Remarks / REVIEW.md)"
patlokovaOptimizationPlantNutrition2024,patlokovaOptimizationPlantNutrition2024-T5,AP,mineral,Mg,1043.2,205.27,mg/kg (basis unclear),A,Table 4,"FW/DW basis not stated in Methods 3.1.6 or Table 4 caption; recorded as mg/kg with basis UNCLEAR (WARN-CHECK, see Experimental Remarks / REVIEW.md)"
patlokovaOptimizationPlantNutrition2024,patlokovaOptimizationPlantNutrition2024-T5,AP,mineral,P,45.1,7.45,mg/kg (basis unclear),AB,Table 4,"FW/DW basis not stated in Methods 3.1.6 or Table 4 caption; recorded as mg/kg with basis UNCLEAR (WARN-CHECK, see Experimental Remarks / REVIEW.md)"
patlokovaOptimizationPlantNutrition2024,patlokovaOptimizationPlantNutrition2024-T5,AP,biochemistry,Chlorophyll a,319.1,62.2,mg/kg (basis unclear),a,Table 4,"FW/DW basis not stated in Methods 3.1.6 or Table 4 caption; recorded as mg/kg with basis UNCLEAR (WARN-CHECK, see Experimental Remarks / REVIEW.md)"
patlokovaOptimizationPlantNutrition2024,patlokovaOptimizationPlantNutrition2024-T5,AP,biochemistry,Chlorophyll b,135.9,29.26,mg/kg (basis unclear),a,Table 4,"FW/DW basis not stated in Methods 3.1.6 or Table 4 caption; recorded as mg/kg with basis UNCLEAR (WARN-CHECK, see Experimental Remarks / REVIEW.md)"
patlokovaOptimizationPlantNutrition2024,patlokovaOptimizationPlantNutrition2024-T5,AP,biochemistry,Carotenoids,106.8,18.33,mg/kg (basis unclear),a,Table 4,"FW/DW basis not stated in Methods 3.1.6 or Table 4 caption; recorded as mg/kg with basis UNCLEAR (WARN-CHECK, see Experimental Remarks / REVIEW.md)"
patlokovaOptimizationPlantNutrition2024,patlokovaOptimizationPlantNutrition2024-T5,AP,biochemistry,Vitamin C,53.4,8.58,mg/kg (basis unclear),a,Table 4,"FW/DW basis not stated in Methods 3.1.6 or Table 4 caption; recorded as mg/kg with basis UNCLEAR (WARN-CHECK, see Experimental Remarks / REVIEW.md)"
patlokovaOptimizationPlantNutrition2024,patlokovaOptimizationPlantNutrition2024-T5,HYD,mineral,K,4647.6,640.86,mg/kg (basis unclear),A,Table 4,"FW/DW basis not stated in Methods 3.1.6 or Table 4 caption; recorded as mg/kg with basis UNCLEAR (WARN-CHECK, see Experimental Remarks / REVIEW.md)"
patlokovaOptimizationPlantNutrition2024,patlokovaOptimizationPlantNutrition2024-T5,HYD,mineral,Na,61.0,8.42,mg/kg (basis unclear),a,Table 4,"FW/DW basis not stated in Methods 3.1.6 or Table 4 caption; recorded as mg/kg with basis UNCLEAR (WARN-CHECK, see Experimental Remarks / REVIEW.md)"
patlokovaOptimizationPlantNutrition2024,patlokovaOptimizationPlantNutrition2024-T5,HYD,mineral,Ca,622.2,36.54,mg/kg (basis unclear),A,Table 4,"FW/DW basis not stated in Methods 3.1.6 or Table 4 caption; recorded as mg/kg with basis UNCLEAR (WARN-CHECK, see Experimental Remarks / REVIEW.md)"
patlokovaOptimizationPlantNutrition2024,patlokovaOptimizationPlantNutrition2024-T5,HYD,mineral,Mg,131.2,15.61,mg/kg (basis unclear),B,Table 4,"FW/DW basis not stated in Methods 3.1.6 or Table 4 caption; recorded as mg/kg with basis UNCLEAR (WARN-CHECK, see Experimental Remarks / REVIEW.md)"
patlokovaOptimizationPlantNutrition2024,patlokovaOptimizationPlantNutrition2024-T5,HYD,mineral,P,92.7,17.03,mg/kg (basis unclear),A,Table 4,"FW/DW basis not stated in Methods 3.1.6 or Table 4 caption; recorded as mg/kg with basis UNCLEAR (WARN-CHECK, see Experimental Remarks / REVIEW.md)"
patlokovaOptimizationPlantNutrition2024,patlokovaOptimizationPlantNutrition2024-T5,HYD,biochemistry,Chlorophyll a,287.4,29.93,mg/kg (basis unclear),a,Table 4,"FW/DW basis not stated in Methods 3.1.6 or Table 4 caption; recorded as mg/kg with basis UNCLEAR (WARN-CHECK, see Experimental Remarks / REVIEW.md)"
patlokovaOptimizationPlantNutrition2024,patlokovaOptimizationPlantNutrition2024-T5,HYD,biochemistry,Chlorophyll b,125.9,9.66,mg/kg (basis unclear),a,Table 4,"FW/DW basis not stated in Methods 3.1.6 or Table 4 caption; recorded as mg/kg with basis UNCLEAR (WARN-CHECK, see Experimental Remarks / REVIEW.md)"
patlokovaOptimizationPlantNutrition2024,patlokovaOptimizationPlantNutrition2024-T5,HYD,biochemistry,Carotenoids,73.0,9.27,mg/kg (basis unclear),b,Table 4,"FW/DW basis not stated in Methods 3.1.6 or Table 4 caption; recorded as mg/kg with basis UNCLEAR (WARN-CHECK, see Experimental Remarks / REVIEW.md)"
patlokovaOptimizationPlantNutrition2024,patlokovaOptimizationPlantNutrition2024-T5,HYD,biochemistry,Vitamin C,5.5,2.86,mg/kg (basis unclear),b,Table 4,"FW/DW basis not stated in Methods 3.1.6 or Table 4 caption; recorded as mg/kg with basis UNCLEAR (WARN-CHECK, see Experimental Remarks / REVIEW.md)"
patlokovaOptimizationPlantNutrition2024,patlokovaOptimizationPlantNutrition2024-T6,AP,mineral,K,1226.6,191.66,mg/kg (basis unclear),B,Table 4,"FW/DW basis not stated in Methods 3.1.6 or Table 4 caption; recorded as mg/kg with basis UNCLEAR (WARN-CHECK, see Experimental Remarks / REVIEW.md)"
patlokovaOptimizationPlantNutrition2024,patlokovaOptimizationPlantNutrition2024-T6,AP,mineral,Na,60.8,21.56,mg/kg (basis unclear),a,Table 4,"FW/DW basis not stated in Methods 3.1.6 or Table 4 caption; recorded as mg/kg with basis UNCLEAR (WARN-CHECK, see Experimental Remarks / REVIEW.md)"
patlokovaOptimizationPlantNutrition2024,patlokovaOptimizationPlantNutrition2024-T6,AP,mineral,Ca,189.7,19.29,mg/kg (basis unclear),AB,Table 4,"FW/DW basis not stated in Methods 3.1.6 or Table 4 caption; recorded as mg/kg with basis UNCLEAR (WARN-CHECK, see Experimental Remarks / REVIEW.md)"
patlokovaOptimizationPlantNutrition2024,patlokovaOptimizationPlantNutrition2024-T6,AP,mineral,Mg,950.3,54.99,mg/kg (basis unclear),A,Table 4,"FW/DW basis not stated in Methods 3.1.6 or Table 4 caption; recorded as mg/kg with basis UNCLEAR (WARN-CHECK, see Experimental Remarks / REVIEW.md)"
patlokovaOptimizationPlantNutrition2024,patlokovaOptimizationPlantNutrition2024-T6,AP,mineral,P,42.8,5.56,mg/kg (basis unclear),AB,Table 4,"FW/DW basis not stated in Methods 3.1.6 or Table 4 caption; recorded as mg/kg with basis UNCLEAR (WARN-CHECK, see Experimental Remarks / REVIEW.md)"
patlokovaOptimizationPlantNutrition2024,patlokovaOptimizationPlantNutrition2024-T6,AP,biochemistry,Chlorophyll a,268.4,29.1,mg/kg (basis unclear),a,Table 4,"FW/DW basis not stated in Methods 3.1.6 or Table 4 caption; recorded as mg/kg with basis UNCLEAR (WARN-CHECK, see Experimental Remarks / REVIEW.md)"
patlokovaOptimizationPlantNutrition2024,patlokovaOptimizationPlantNutrition2024-T6,AP,biochemistry,Chlorophyll b,112.7,14.08,mg/kg (basis unclear),a,Table 4,"FW/DW basis not stated in Methods 3.1.6 or Table 4 caption; recorded as mg/kg with basis UNCLEAR (WARN-CHECK, see Experimental Remarks / REVIEW.md)"
patlokovaOptimizationPlantNutrition2024,patlokovaOptimizationPlantNutrition2024-T6,AP,biochemistry,Carotenoids,88.5,8.84,mg/kg (basis unclear),ab,Table 4,"FW/DW basis not stated in Methods 3.1.6 or Table 4 caption; recorded as mg/kg with basis UNCLEAR (WARN-CHECK, see Experimental Remarks / REVIEW.md)"
patlokovaOptimizationPlantNutrition2024,patlokovaOptimizationPlantNutrition2024-T6,AP,biochemistry,Vitamin C,63.4,7.25,mg/kg (basis unclear),a,Table 4,"FW/DW basis not stated in Methods 3.1.6 or Table 4 caption; recorded as mg/kg with basis UNCLEAR (WARN-CHECK, see Experimental Remarks / REVIEW.md)"
patlokovaOptimizationPlantNutrition2024,patlokovaOptimizationPlantNutrition2024-T6,HYD,mineral,K,4647.6,640.86,mg/kg (basis unclear),A,Table 4,"FW/DW basis not stated in Methods 3.1.6 or Table 4 caption; recorded as mg/kg with basis UNCLEAR (WARN-CHECK, see Experimental Remarks / REVIEW.md)"
patlokovaOptimizationPlantNutrition2024,patlokovaOptimizationPlantNutrition2024-T6,HYD,mineral,Na,61.0,8.42,mg/kg (basis unclear),a,Table 4,"FW/DW basis not stated in Methods 3.1.6 or Table 4 caption; recorded as mg/kg with basis UNCLEAR (WARN-CHECK, see Experimental Remarks / REVIEW.md)"
patlokovaOptimizationPlantNutrition2024,patlokovaOptimizationPlantNutrition2024-T6,HYD,mineral,Ca,622.2,36.54,mg/kg (basis unclear),A,Table 4,"FW/DW basis not stated in Methods 3.1.6 or Table 4 caption; recorded as mg/kg with basis UNCLEAR (WARN-CHECK, see Experimental Remarks / REVIEW.md)"
patlokovaOptimizationPlantNutrition2024,patlokovaOptimizationPlantNutrition2024-T6,HYD,mineral,Mg,131.2,15.61,mg/kg (basis unclear),B,Table 4,"FW/DW basis not stated in Methods 3.1.6 or Table 4 caption; recorded as mg/kg with basis UNCLEAR (WARN-CHECK, see Experimental Remarks / REVIEW.md)"
patlokovaOptimizationPlantNutrition2024,patlokovaOptimizationPlantNutrition2024-T6,HYD,mineral,P,92.7,17.03,mg/kg (basis unclear),A,Table 4,"FW/DW basis not stated in Methods 3.1.6 or Table 4 caption; recorded as mg/kg with basis UNCLEAR (WARN-CHECK, see Experimental Remarks / REVIEW.md)"
patlokovaOptimizationPlantNutrition2024,patlokovaOptimizationPlantNutrition2024-T6,HYD,biochemistry,Chlorophyll a,287.4,29.93,mg/kg (basis unclear),a,Table 4,"FW/DW basis not stated in Methods 3.1.6 or Table 4 caption; recorded as mg/kg with basis UNCLEAR (WARN-CHECK, see Experimental Remarks / REVIEW.md)"
patlokovaOptimizationPlantNutrition2024,patlokovaOptimizationPlantNutrition2024-T6,HYD,biochemistry,Chlorophyll b,125.9,9.66,mg/kg (basis unclear),a,Table 4,"FW/DW basis not stated in Methods 3.1.6 or Table 4 caption; recorded as mg/kg with basis UNCLEAR (WARN-CHECK, see Experimental Remarks / REVIEW.md)"
patlokovaOptimizationPlantNutrition2024,patlokovaOptimizationPlantNutrition2024-T6,HYD,biochemistry,Carotenoids,73.0,9.27,mg/kg (basis unclear),b,Table 4,"FW/DW basis not stated in Methods 3.1.6 or Table 4 caption; recorded as mg/kg with basis UNCLEAR (WARN-CHECK, see Experimental Remarks / REVIEW.md)"
patlokovaOptimizationPlantNutrition2024,patlokovaOptimizationPlantNutrition2024-T6,HYD,biochemistry,Vitamin C,5.5,2.86,mg/kg (basis unclear),b,Table 4,"FW/DW basis not stated in Methods 3.1.6 or Table 4 caption; recorded as mg/kg with basis UNCLEAR (WARN-CHECK, see Experimental Remarks / REVIEW.md)"
patlokovaOptimizationPlantNutrition2024,patlokovaOptimizationPlantNutrition2024-T7,AP,mineral,K,1324.3,105.02,mg/kg (basis unclear),A,Table 4,"FW/DW basis not stated in Methods 3.1.6 or Table 4 caption; recorded as mg/kg with basis UNCLEAR (WARN-CHECK, see Experimental Remarks / REVIEW.md)"
patlokovaOptimizationPlantNutrition2024,patlokovaOptimizationPlantNutrition2024-T7,AP,mineral,Na,1162.8,195.15,mg/kg (basis unclear),A,Table 4,"FW/DW basis not stated in Methods 3.1.6 or Table 4 caption; recorded as mg/kg with basis UNCLEAR (WARN-CHECK, see Experimental Remarks / REVIEW.md)"
patlokovaOptimizationPlantNutrition2024,patlokovaOptimizationPlantNutrition2024-T7,AP,mineral,Ca,496.1,83.8,mg/kg (basis unclear),A,Table 4,"FW/DW basis not stated in Methods 3.1.6 or Table 4 caption; recorded as mg/kg with basis UNCLEAR (WARN-CHECK, see Experimental Remarks / REVIEW.md)"
patlokovaOptimizationPlantNutrition2024,patlokovaOptimizationPlantNutrition2024-T7,AP,mineral,Mg,92.4,11.19,mg/kg (basis unclear),A,Table 4,"FW/DW basis not stated in Methods 3.1.6 or Table 4 caption; recorded as mg/kg with basis UNCLEAR (WARN-CHECK, see Experimental Remarks / REVIEW.md)"
patlokovaOptimizationPlantNutrition2024,patlokovaOptimizationPlantNutrition2024-T7,AP,mineral,P,21.3,1.46,mg/kg (basis unclear),A,Table 4,"FW/DW basis not stated in Methods 3.1.6 or Table 4 caption; recorded as mg/kg with basis UNCLEAR (WARN-CHECK, see Experimental Remarks / REVIEW.md)"
patlokovaOptimizationPlantNutrition2024,patlokovaOptimizationPlantNutrition2024-T7,AP,biochemistry,Chlorophyll a,276.9,31.3,mg/kg (basis unclear),a,Table 4,"FW/DW basis not stated in Methods 3.1.6 or Table 4 caption; recorded as mg/kg with basis UNCLEAR (WARN-CHECK, see Experimental Remarks / REVIEW.md)"
patlokovaOptimizationPlantNutrition2024,patlokovaOptimizationPlantNutrition2024-T7,AP,biochemistry,Chlorophyll b,164.3,22.58,mg/kg (basis unclear),a,Table 4,"FW/DW basis not stated in Methods 3.1.6 or Table 4 caption; recorded as mg/kg with basis UNCLEAR (WARN-CHECK, see Experimental Remarks / REVIEW.md)"
patlokovaOptimizationPlantNutrition2024,patlokovaOptimizationPlantNutrition2024-T7,AP,biochemistry,Carotenoids,67.4,4.54,mg/kg (basis unclear),a,Table 4,"FW/DW basis not stated in Methods 3.1.6 or Table 4 caption; recorded as mg/kg with basis UNCLEAR (WARN-CHECK, see Experimental Remarks / REVIEW.md)"
patlokovaOptimizationPlantNutrition2024,patlokovaOptimizationPlantNutrition2024-T7,AP,biochemistry,Vitamin C,87.5,20.45,mg/kg (basis unclear),bc,Table 4,"FW/DW basis not stated in Methods 3.1.6 or Table 4 caption; recorded as mg/kg with basis UNCLEAR (WARN-CHECK, see Experimental Remarks / REVIEW.md)"
patlokovaOptimizationPlantNutrition2024,patlokovaOptimizationPlantNutrition2024-T7,HYD,mineral,K,3606.1,435.51,mg/kg (basis unclear),A,Table 4,"FW/DW basis not stated in Methods 3.1.6 or Table 4 caption; recorded as mg/kg with basis UNCLEAR (WARN-CHECK, see Experimental Remarks / REVIEW.md)"
patlokovaOptimizationPlantNutrition2024,patlokovaOptimizationPlantNutrition2024-T7,HYD,mineral,Na,32.5,7.78,mg/kg (basis unclear),B,Table 4,"FW/DW basis not stated in Methods 3.1.6 or Table 4 caption; recorded as mg/kg with basis UNCLEAR (WARN-CHECK, see Experimental Remarks / REVIEW.md)"
patlokovaOptimizationPlantNutrition2024,patlokovaOptimizationPlantNutrition2024-T7,HYD,mineral,Ca,281.9,192.37,mg/kg (basis unclear),A,Table 4,"FW/DW basis not stated in Methods 3.1.6 or Table 4 caption; recorded as mg/kg with basis UNCLEAR (WARN-CHECK, see Experimental Remarks / REVIEW.md)"
patlokovaOptimizationPlantNutrition2024,patlokovaOptimizationPlantNutrition2024-T7,HYD,mineral,Mg,60.6,41.87,mg/kg (basis unclear),A,Table 4,"FW/DW basis not stated in Methods 3.1.6 or Table 4 caption; recorded as mg/kg with basis UNCLEAR (WARN-CHECK, see Experimental Remarks / REVIEW.md)"
patlokovaOptimizationPlantNutrition2024,patlokovaOptimizationPlantNutrition2024-T7,HYD,mineral,P,36.3,5.8,mg/kg (basis unclear),A,Table 4,"FW/DW basis not stated in Methods 3.1.6 or Table 4 caption; recorded as mg/kg with basis UNCLEAR (WARN-CHECK, see Experimental Remarks / REVIEW.md)"
patlokovaOptimizationPlantNutrition2024,patlokovaOptimizationPlantNutrition2024-T7,HYD,biochemistry,Chlorophyll a,242.5,39.05,mg/kg (basis unclear),a,Table 4,"FW/DW basis not stated in Methods 3.1.6 or Table 4 caption; recorded as mg/kg with basis UNCLEAR (WARN-CHECK, see Experimental Remarks / REVIEW.md)"
patlokovaOptimizationPlantNutrition2024,patlokovaOptimizationPlantNutrition2024-T7,HYD,biochemistry,Chlorophyll b,140.3,24.58,mg/kg (basis unclear),a,Table 4,"FW/DW basis not stated in Methods 3.1.6 or Table 4 caption; recorded as mg/kg with basis UNCLEAR (WARN-CHECK, see Experimental Remarks / REVIEW.md)"
patlokovaOptimizationPlantNutrition2024,patlokovaOptimizationPlantNutrition2024-T7,HYD,biochemistry,Carotenoids,56.7,7.93,mg/kg (basis unclear),a,Table 4,"FW/DW basis not stated in Methods 3.1.6 or Table 4 caption; recorded as mg/kg with basis UNCLEAR (WARN-CHECK, see Experimental Remarks / REVIEW.md)"
patlokovaOptimizationPlantNutrition2024,patlokovaOptimizationPlantNutrition2024-T7,HYD,biochemistry,Vitamin C,67.6,12.88,mg/kg (basis unclear),c,Table 4,"FW/DW basis not stated in Methods 3.1.6 or Table 4 caption; recorded as mg/kg with basis UNCLEAR (WARN-CHECK, see Experimental Remarks / REVIEW.md)"
patlokovaOptimizationPlantNutrition2024,patlokovaOptimizationPlantNutrition2024-T8,AP,mineral,K,1194.7,160.31,mg/kg (basis unclear),A,Table 4,"FW/DW basis not stated in Methods 3.1.6 or Table 4 caption; recorded as mg/kg with basis UNCLEAR (WARN-CHECK, see Experimental Remarks / REVIEW.md)"
patlokovaOptimizationPlantNutrition2024,patlokovaOptimizationPlantNutrition2024-T8,AP,mineral,Na,970.1,118.61,mg/kg (basis unclear),AB,Table 4,"FW/DW basis not stated in Methods 3.1.6 or Table 4 caption; recorded as mg/kg with basis UNCLEAR (WARN-CHECK, see Experimental Remarks / REVIEW.md)"
patlokovaOptimizationPlantNutrition2024,patlokovaOptimizationPlantNutrition2024-T8,AP,mineral,Ca,228.2,154.02,mg/kg (basis unclear),A,Table 4,"FW/DW basis not stated in Methods 3.1.6 or Table 4 caption; recorded as mg/kg with basis UNCLEAR (WARN-CHECK, see Experimental Remarks / REVIEW.md)"
patlokovaOptimizationPlantNutrition2024,patlokovaOptimizationPlantNutrition2024-T8,AP,mineral,Mg,270.5,128.27,mg/kg (basis unclear),A,Table 4,"FW/DW basis not stated in Methods 3.1.6 or Table 4 caption; recorded as mg/kg with basis UNCLEAR (WARN-CHECK, see Experimental Remarks / REVIEW.md)"
patlokovaOptimizationPlantNutrition2024,patlokovaOptimizationPlantNutrition2024-T8,AP,mineral,P,21.6,2.47,mg/kg (basis unclear),A,Table 4,"FW/DW basis not stated in Methods 3.1.6 or Table 4 caption; recorded as mg/kg with basis UNCLEAR (WARN-CHECK, see Experimental Remarks / REVIEW.md)"
patlokovaOptimizationPlantNutrition2024,patlokovaOptimizationPlantNutrition2024-T8,AP,biochemistry,Chlorophyll a,236.7,18.38,mg/kg (basis unclear),a,Table 4,"FW/DW basis not stated in Methods 3.1.6 or Table 4 caption; recorded as mg/kg with basis UNCLEAR (WARN-CHECK, see Experimental Remarks / REVIEW.md)"
patlokovaOptimizationPlantNutrition2024,patlokovaOptimizationPlantNutrition2024-T8,AP,biochemistry,Chlorophyll b,138.5,13.43,mg/kg (basis unclear),a,Table 4,"FW/DW basis not stated in Methods 3.1.6 or Table 4 caption; recorded as mg/kg with basis UNCLEAR (WARN-CHECK, see Experimental Remarks / REVIEW.md)"
patlokovaOptimizationPlantNutrition2024,patlokovaOptimizationPlantNutrition2024-T8,AP,biochemistry,Carotenoids,63.9,5.03,mg/kg (basis unclear),a,Table 4,"FW/DW basis not stated in Methods 3.1.6 or Table 4 caption; recorded as mg/kg with basis UNCLEAR (WARN-CHECK, see Experimental Remarks / REVIEW.md)"
patlokovaOptimizationPlantNutrition2024,patlokovaOptimizationPlantNutrition2024-T8,AP,biochemistry,Vitamin C,94.6,14.98,mg/kg (basis unclear),b,Table 4,"FW/DW basis not stated in Methods 3.1.6 or Table 4 caption; recorded as mg/kg with basis UNCLEAR (WARN-CHECK, see Experimental Remarks / REVIEW.md)"
patlokovaOptimizationPlantNutrition2024,patlokovaOptimizationPlantNutrition2024-T8,HYD,mineral,K,3606.1,435.51,mg/kg (basis unclear),A,Table 4,"FW/DW basis not stated in Methods 3.1.6 or Table 4 caption; recorded as mg/kg with basis UNCLEAR (WARN-CHECK, see Experimental Remarks / REVIEW.md)"
patlokovaOptimizationPlantNutrition2024,patlokovaOptimizationPlantNutrition2024-T8,HYD,mineral,Na,32.5,7.78,mg/kg (basis unclear),B,Table 4,"FW/DW basis not stated in Methods 3.1.6 or Table 4 caption; recorded as mg/kg with basis UNCLEAR (WARN-CHECK, see Experimental Remarks / REVIEW.md)"
patlokovaOptimizationPlantNutrition2024,patlokovaOptimizationPlantNutrition2024-T8,HYD,mineral,Ca,281.9,192.37,mg/kg (basis unclear),A,Table 4,"FW/DW basis not stated in Methods 3.1.6 or Table 4 caption; recorded as mg/kg with basis UNCLEAR (WARN-CHECK, see Experimental Remarks / REVIEW.md)"
patlokovaOptimizationPlantNutrition2024,patlokovaOptimizationPlantNutrition2024-T8,HYD,mineral,Mg,60.6,41.87,mg/kg (basis unclear),A,Table 4,"FW/DW basis not stated in Methods 3.1.6 or Table 4 caption; recorded as mg/kg with basis UNCLEAR (WARN-CHECK, see Experimental Remarks / REVIEW.md)"
patlokovaOptimizationPlantNutrition2024,patlokovaOptimizationPlantNutrition2024-T8,HYD,mineral,P,36.3,5.8,mg/kg (basis unclear),A,Table 4,"FW/DW basis not stated in Methods 3.1.6 or Table 4 caption; recorded as mg/kg with basis UNCLEAR (WARN-CHECK, see Experimental Remarks / REVIEW.md)"
patlokovaOptimizationPlantNutrition2024,patlokovaOptimizationPlantNutrition2024-T8,HYD,biochemistry,Chlorophyll a,242.5,39.05,mg/kg (basis unclear),a,Table 4,"FW/DW basis not stated in Methods 3.1.6 or Table 4 caption; recorded as mg/kg with basis UNCLEAR (WARN-CHECK, see Experimental Remarks / REVIEW.md)"
patlokovaOptimizationPlantNutrition2024,patlokovaOptimizationPlantNutrition2024-T8,HYD,biochemistry,Chlorophyll b,140.3,24.58,mg/kg (basis unclear),a,Table 4,"FW/DW basis not stated in Methods 3.1.6 or Table 4 caption; recorded as mg/kg with basis UNCLEAR (WARN-CHECK, see Experimental Remarks / REVIEW.md)"
patlokovaOptimizationPlantNutrition2024,patlokovaOptimizationPlantNutrition2024-T8,HYD,biochemistry,Carotenoids,56.7,7.93,mg/kg (basis unclear),a,Table 4,"FW/DW basis not stated in Methods 3.1.6 or Table 4 caption; recorded as mg/kg with basis UNCLEAR (WARN-CHECK, see Experimental Remarks / REVIEW.md)"
patlokovaOptimizationPlantNutrition2024,patlokovaOptimizationPlantNutrition2024-T8,HYD,biochemistry,Vitamin C,67.6,12.88,mg/kg (basis unclear),c,Table 4,"FW/DW basis not stated in Methods 3.1.6 or Table 4 caption; recorded as mg/kg with basis UNCLEAR (WARN-CHECK, see Experimental Remarks / REVIEW.md)"
patlokovaOptimizationPlantNutrition2024,patlokovaOptimizationPlantNutrition2024-T9,AP,mineral,K,1253.1,257.79,mg/kg (basis unclear),A,Table 4,"FW/DW basis not stated in Methods 3.1.6 or Table 4 caption; recorded as mg/kg with basis UNCLEAR (WARN-CHECK, see Experimental Remarks / REVIEW.md)"
patlokovaOptimizationPlantNutrition2024,patlokovaOptimizationPlantNutrition2024-T9,AP,mineral,Na,868.4,78.98,mg/kg (basis unclear),AB,Table 4,"FW/DW basis not stated in Methods 3.1.6 or Table 4 caption; recorded as mg/kg with basis UNCLEAR (WARN-CHECK, see Experimental Remarks / REVIEW.md)"
patlokovaOptimizationPlantNutrition2024,patlokovaOptimizationPlantNutrition2024-T9,AP,mineral,Ca,351.1,239.15,mg/kg (basis unclear),A,Table 4,"FW/DW basis not stated in Methods 3.1.6 or Table 4 caption; recorded as mg/kg with basis UNCLEAR (WARN-CHECK, see Experimental Remarks / REVIEW.md)"
patlokovaOptimizationPlantNutrition2024,patlokovaOptimizationPlantNutrition2024-T9,AP,mineral,Mg,65.3,44.16,mg/kg (basis unclear),A,Table 4,"FW/DW basis not stated in Methods 3.1.6 or Table 4 caption; recorded as mg/kg with basis UNCLEAR (WARN-CHECK, see Experimental Remarks / REVIEW.md)"
patlokovaOptimizationPlantNutrition2024,patlokovaOptimizationPlantNutrition2024-T9,AP,mineral,P,22.2,2.49,mg/kg (basis unclear),A,Table 4,"FW/DW basis not stated in Methods 3.1.6 or Table 4 caption; recorded as mg/kg with basis UNCLEAR (WARN-CHECK, see Experimental Remarks / REVIEW.md)"
patlokovaOptimizationPlantNutrition2024,patlokovaOptimizationPlantNutrition2024-T9,AP,biochemistry,Chlorophyll a,278.2,40.12,mg/kg (basis unclear),a,Table 4,"FW/DW basis not stated in Methods 3.1.6 or Table 4 caption; recorded as mg/kg with basis UNCLEAR (WARN-CHECK, see Experimental Remarks / REVIEW.md)"
patlokovaOptimizationPlantNutrition2024,patlokovaOptimizationPlantNutrition2024-T9,AP,biochemistry,Chlorophyll b,165.1,29.0,mg/kg (basis unclear),a,Table 4,"FW/DW basis not stated in Methods 3.1.6 or Table 4 caption; recorded as mg/kg with basis UNCLEAR (WARN-CHECK, see Experimental Remarks / REVIEW.md)"
patlokovaOptimizationPlantNutrition2024,patlokovaOptimizationPlantNutrition2024-T9,AP,biochemistry,Carotenoids,66.2,5.95,mg/kg (basis unclear),a,Table 4,"FW/DW basis not stated in Methods 3.1.6 or Table 4 caption; recorded as mg/kg with basis UNCLEAR (WARN-CHECK, see Experimental Remarks / REVIEW.md)"
patlokovaOptimizationPlantNutrition2024,patlokovaOptimizationPlantNutrition2024-T9,AP,biochemistry,Vitamin C,126.8,17.73,mg/kg (basis unclear),a,Table 4,"FW/DW basis not stated in Methods 3.1.6 or Table 4 caption; recorded as mg/kg with basis UNCLEAR (WARN-CHECK, see Experimental Remarks / REVIEW.md)"
patlokovaOptimizationPlantNutrition2024,patlokovaOptimizationPlantNutrition2024-T9,HYD,mineral,K,3606.1,435.51,mg/kg (basis unclear),A,Table 4,"FW/DW basis not stated in Methods 3.1.6 or Table 4 caption; recorded as mg/kg with basis UNCLEAR (WARN-CHECK, see Experimental Remarks / REVIEW.md)"
patlokovaOptimizationPlantNutrition2024,patlokovaOptimizationPlantNutrition2024-T9,HYD,mineral,Na,32.5,7.78,mg/kg (basis unclear),B,Table 4,"FW/DW basis not stated in Methods 3.1.6 or Table 4 caption; recorded as mg/kg with basis UNCLEAR (WARN-CHECK, see Experimental Remarks / REVIEW.md)"
patlokovaOptimizationPlantNutrition2024,patlokovaOptimizationPlantNutrition2024-T9,HYD,mineral,Ca,281.9,192.37,mg/kg (basis unclear),A,Table 4,"FW/DW basis not stated in Methods 3.1.6 or Table 4 caption; recorded as mg/kg with basis UNCLEAR (WARN-CHECK, see Experimental Remarks / REVIEW.md)"
patlokovaOptimizationPlantNutrition2024,patlokovaOptimizationPlantNutrition2024-T9,HYD,mineral,Mg,60.6,41.87,mg/kg (basis unclear),A,Table 4,"FW/DW basis not stated in Methods 3.1.6 or Table 4 caption; recorded as mg/kg with basis UNCLEAR (WARN-CHECK, see Experimental Remarks / REVIEW.md)"
patlokovaOptimizationPlantNutrition2024,patlokovaOptimizationPlantNutrition2024-T9,HYD,mineral,P,36.3,5.8,mg/kg (basis unclear),A,Table 4,"FW/DW basis not stated in Methods 3.1.6 or Table 4 caption; recorded as mg/kg with basis UNCLEAR (WARN-CHECK, see Experimental Remarks / REVIEW.md)"
patlokovaOptimizationPlantNutrition2024,patlokovaOptimizationPlantNutrition2024-T9,HYD,biochemistry,Chlorophyll a,242.5,39.05,mg/kg (basis unclear),a,Table 4,"FW/DW basis not stated in Methods 3.1.6 or Table 4 caption; recorded as mg/kg with basis UNCLEAR (WARN-CHECK, see Experimental Remarks / REVIEW.md)"
patlokovaOptimizationPlantNutrition2024,patlokovaOptimizationPlantNutrition2024-T9,HYD,biochemistry,Chlorophyll b,140.3,24.58,mg/kg (basis unclear),a,Table 4,"FW/DW basis not stated in Methods 3.1.6 or Table 4 caption; recorded as mg/kg with basis UNCLEAR (WARN-CHECK, see Experimental Remarks / REVIEW.md)"
patlokovaOptimizationPlantNutrition2024,patlokovaOptimizationPlantNutrition2024-T9,HYD,biochemistry,Carotenoids,56.7,7.93,mg/kg (basis unclear),a,Table 4,"FW/DW basis not stated in Methods 3.1.6 or Table 4 caption; recorded as mg/kg with basis UNCLEAR (WARN-CHECK, see Experimental Remarks / REVIEW.md)"
patlokovaOptimizationPlantNutrition2024,patlokovaOptimizationPlantNutrition2024-T9,HYD,biochemistry,Vitamin C,67.6,12.88,mg/kg (basis unclear),c,Table 4,"FW/DW basis not stated in Methods 3.1.6 or Table 4 caption; recorded as mg/kg with basis UNCLEAR (WARN-CHECK, see Experimental Remarks / REVIEW.md)"
pinedapinedaResponseTilapiaTomato2020,pinedapinedaResponseTilapiaTomato2020-T1,AP,mineral,Nitrogen (N) in fruit,2.19,NR,%,a,"Table 2, p.2 (poster)","Treatment label in paper: T2. Tukey grouping letters (p<=0.05) from Table 2 used as the Significance column value. CV/DMS/Pr>F for this analyte-tissue combination given in Extraction notes of the paper's markdown note, not repeated per row here."
pinedapinedaResponseTilapiaTomato2020,pinedapinedaResponseTilapiaTomato2020-T1,HYD,mineral,Nitrogen (N) in fruit,2.43,NR,%,a,"Table 2, p.2 (poster)","Treatment label in paper: T1. Tukey grouping letters (p<=0.05) from Table 2 used as the Significance column value. CV/DMS/Pr>F for this analyte-tissue combination given in Extraction notes of the paper's markdown note, not repeated per row here. Same HYD value repeated across all three trials (shared hydroponic control, paper's own T1), per vault convention."
pinedapinedaResponseTilapiaTomato2020,pinedapinedaResponseTilapiaTomato2020-T1,AP,mineral,Phosphorus (P) in fruit,0.87,NR,%,a,"Table 2, p.2 (poster)","Treatment label in paper: T2. Tukey grouping letters (p<=0.05) from Table 2 used as the Significance column value. CV/DMS/Pr>F for this analyte-tissue combination given in Extraction notes of the paper's markdown note, not repeated per row here."
pinedapinedaResponseTilapiaTomato2020,pinedapinedaResponseTilapiaTomato2020-T1,HYD,mineral,Phosphorus (P) in fruit,0.47,NR,%,b,"Table 2, p.2 (poster)","Treatment label in paper: T1. Tukey grouping letters (p<=0.05) from Table 2 used as the Significance column value. CV/DMS/Pr>F for this analyte-tissue combination given in Extraction notes of the paper's markdown note, not repeated per row here. Same HYD value repeated across all three trials (shared hydroponic control, paper's own T1), per vault convention."
pinedapinedaResponseTilapiaTomato2020,pinedapinedaResponseTilapiaTomato2020-T1,AP,mineral,Potassium (K) in fruit,5.59,NR,%,b,"Table 2, p.2 (poster)","Treatment label in paper: T2. Tukey grouping letters (p<=0.05) from Table 2 used as the Significance column value. CV/DMS/Pr>F for this analyte-tissue combination given in Extraction notes of the paper's markdown note, not repeated per row here."
pinedapinedaResponseTilapiaTomato2020,pinedapinedaResponseTilapiaTomato2020-T1,HYD,mineral,Potassium (K) in fruit,5.04,NR,%,b,"Table 2, p.2 (poster)","Treatment label in paper: T1. Tukey grouping letters (p<=0.05) from Table 2 used as the Significance column value. CV/DMS/Pr>F for this analyte-tissue combination given in Extraction notes of the paper's markdown note, not repeated per row here. Same HYD value repeated across all three trials (shared hydroponic control, paper's own T1), per vault convention."
pinedapinedaResponseTilapiaTomato2020,pinedapinedaResponseTilapiaTomato2020-T1,AP,mineral,Calcium (Ca) in fruit,0.58,NR,%,a,"Table 2, p.2 (poster)","Treatment label in paper: T2. Tukey grouping letters (p<=0.05) from Table 2 used as the Significance column value. CV/DMS/Pr>F for this analyte-tissue combination given in Extraction notes of the paper's markdown note, not repeated per row here."
pinedapinedaResponseTilapiaTomato2020,pinedapinedaResponseTilapiaTomato2020-T1,HYD,mineral,Calcium (Ca) in fruit,0.35,NR,%,b,"Table 2, p.2 (poster)","Treatment label in paper: T1. Tukey grouping letters (p<=0.05) from Table 2 used as the Significance column value. CV/DMS/Pr>F for this analyte-tissue combination given in Extraction notes of the paper's markdown note, not repeated per row here. Same HYD value repeated across all three trials (shared hydroponic control, paper's own T1), per vault convention."
pinedapinedaResponseTilapiaTomato2020,pinedapinedaResponseTilapiaTomato2020-T1,AP,mineral,Magnesium (Mg) in fruit,0.75,NR,%,a,"Table 2, p.2 (poster)","Treatment label in paper: T2. Tukey grouping letters (p<=0.05) from Table 2 used as the Significance column value. CV/DMS/Pr>F for this analyte-tissue combination given in Extraction notes of the paper's markdown note, not repeated per row here."
pinedapinedaResponseTilapiaTomato2020,pinedapinedaResponseTilapiaTomato2020-T1,HYD,mineral,Magnesium (Mg) in fruit,0.2,NR,%,b,"Table 2, p.2 (poster)","Treatment label in paper: T1. Tukey grouping letters (p<=0.05) from Table 2 used as the Significance column value. CV/DMS/Pr>F for this analyte-tissue combination given in Extraction notes of the paper's markdown note, not repeated per row here. Same HYD value repeated across all three trials (shared hydroponic control, paper's own T1), per vault convention."
pinedapinedaResponseTilapiaTomato2020,pinedapinedaResponseTilapiaTomato2020-T1,AP,mineral,Nitrogen (N) in leaf,2.31,NR,%,a,"Table 2, p.2 (poster)","Treatment label in paper: T2. Tukey grouping letters (p<=0.05) from Table 2 used as the Significance column value. CV/DMS/Pr>F for this analyte-tissue combination given in Extraction notes of the paper's markdown note, not repeated per row here."
pinedapinedaResponseTilapiaTomato2020,pinedapinedaResponseTilapiaTomato2020-T1,HYD,mineral,Nitrogen (N) in leaf,2.57,NR,%,a,"Table 2, p.2 (poster)","Treatment label in paper: T1. Tukey grouping letters (p<=0.05) from Table 2 used as the Significance column value. CV/DMS/Pr>F for this analyte-tissue combination given in Extraction notes of the paper's markdown note, not repeated per row here. Same HYD value repeated across all three trials (shared hydroponic control, paper's own T1), per vault convention."
pinedapinedaResponseTilapiaTomato2020,pinedapinedaResponseTilapiaTomato2020-T1,AP,mineral,Phosphorus (P) in leaf,0.8,NR,%,a,"Table 2, p.2 (poster)","Treatment label in paper: T2. Tukey grouping letters (p<=0.05) from Table 2 used as the Significance column value. CV/DMS/Pr>F for this analyte-tissue combination given in Extraction notes of the paper's markdown note, not repeated per row here."
pinedapinedaResponseTilapiaTomato2020,pinedapinedaResponseTilapiaTomato2020-T1,HYD,mineral,Phosphorus (P) in leaf,0.18,NR,%,c,"Table 2, p.2 (poster)","Treatment label in paper: T1. Tukey grouping letters (p<=0.05) from Table 2 used as the Significance column value. CV/DMS/Pr>F for this analyte-tissue combination given in Extraction notes of the paper's markdown note, not repeated per row here. Same HYD value repeated across all three trials (shared hydroponic control, paper's own T1), per vault convention."
pinedapinedaResponseTilapiaTomato2020,pinedapinedaResponseTilapiaTomato2020-T1,AP,mineral,Potassium (K) in leaf,3.6,NR,%,b,"Table 2, p.2 (poster)","Treatment label in paper: T2. Tukey grouping letters (p<=0.05) from Table 2 used as the Significance column value. CV/DMS/Pr>F for this analyte-tissue combination given in Extraction notes of the paper's markdown note, not repeated per row here."
pinedapinedaResponseTilapiaTomato2020,pinedapinedaResponseTilapiaTomato2020-T1,HYD,mineral,Potassium (K) in leaf,4.63,NR,%,a,"Table 2, p.2 (poster)","Treatment label in paper: T1. Tukey grouping letters (p<=0.05) from Table 2 used as the Significance column value. CV/DMS/Pr>F for this analyte-tissue combination given in Extraction notes of the paper's markdown note, not repeated per row here. Same HYD value repeated across all three trials (shared hydroponic control, paper's own T1), per vault convention."
pinedapinedaResponseTilapiaTomato2020,pinedapinedaResponseTilapiaTomato2020-T1,AP,mineral,Calcium (Ca) in leaf,5.31,NR,%,a,"Table 2, p.2 (poster)","Treatment label in paper: T2. Tukey grouping letters (p<=0.05) from Table 2 used as the Significance column value. CV/DMS/Pr>F for this analyte-tissue combination given in Extraction notes of the paper's markdown note, not repeated per row here."
pinedapinedaResponseTilapiaTomato2020,pinedapinedaResponseTilapiaTomato2020-T1,HYD,mineral,Calcium (Ca) in leaf,1.16,NR,%,d,"Table 2, p.2 (poster)","Treatment label in paper: T1. Tukey grouping letters (p<=0.05) from Table 2 used as the Significance column value. CV/DMS/Pr>F for this analyte-tissue combination given in Extraction notes of the paper's markdown note, not repeated per row here. Same HYD value repeated across all three trials (shared hydroponic control, paper's own T1), per vault convention."
pinedapinedaResponseTilapiaTomato2020,pinedapinedaResponseTilapiaTomato2020-T1,AP,mineral,Magnesium (Mg) in leaf,1.87,NR,%,b,"Table 2, p.2 (poster)","Treatment label in paper: T2. Tukey grouping letters (p<=0.05) from Table 2 used as the Significance column value. CV/DMS/Pr>F for this analyte-tissue combination given in Extraction notes of the paper's markdown note, not repeated per row here."
pinedapinedaResponseTilapiaTomato2020,pinedapinedaResponseTilapiaTomato2020-T1,HYD,mineral,Magnesium (Mg) in leaf,1.47,NR,%,b,"Table 2, p.2 (poster)","Treatment label in paper: T1. Tukey grouping letters (p<=0.05) from Table 2 used as the Significance column value. CV/DMS/Pr>F for this analyte-tissue combination given in Extraction notes of the paper's markdown note, not repeated per row here. Same HYD value repeated across all three trials (shared hydroponic control, paper's own T1), per vault convention."
pinedapinedaResponseTilapiaTomato2020,pinedapinedaResponseTilapiaTomato2020-T2,AP,mineral,Nitrogen (N) in fruit,2.68,NR,%,a,"Table 2, p.2 (poster)","Treatment label in paper: T3. Tukey grouping letters (p<=0.05) from Table 2 used as the Significance column value. CV/DMS/Pr>F for this analyte-tissue combination given in Extraction notes of the paper's markdown note, not repeated per row here."
pinedapinedaResponseTilapiaTomato2020,pinedapinedaResponseTilapiaTomato2020-T2,HYD,mineral,Nitrogen (N) in fruit,2.43,NR,%,a,"Table 2, p.2 (poster)","Treatment label in paper: T1. Tukey grouping letters (p<=0.05) from Table 2 used as the Significance column value. CV/DMS/Pr>F for this analyte-tissue combination given in Extraction notes of the paper's markdown note, not repeated per row here. Same HYD value repeated across all three trials (shared hydroponic control, paper's own T1), per vault convention."
pinedapinedaResponseTilapiaTomato2020,pinedapinedaResponseTilapiaTomato2020-T2,AP,mineral,Phosphorus (P) in fruit,0.82,NR,%,a,"Table 2, p.2 (poster)","Treatment label in paper: T3. Tukey grouping letters (p<=0.05) from Table 2 used as the Significance column value. CV/DMS/Pr>F for this analyte-tissue combination given in Extraction notes of the paper's markdown note, not repeated per row here."
pinedapinedaResponseTilapiaTomato2020,pinedapinedaResponseTilapiaTomato2020-T2,HYD,mineral,Phosphorus (P) in fruit,0.47,NR,%,b,"Table 2, p.2 (poster)","Treatment label in paper: T1. Tukey grouping letters (p<=0.05) from Table 2 used as the Significance column value. CV/DMS/Pr>F for this analyte-tissue combination given in Extraction notes of the paper's markdown note, not repeated per row here. Same HYD value repeated across all three trials (shared hydroponic control, paper's own T1), per vault convention."
pinedapinedaResponseTilapiaTomato2020,pinedapinedaResponseTilapiaTomato2020-T2,AP,mineral,Potassium (K) in fruit,6.35,NR,%,a,"Table 2, p.2 (poster)","Treatment label in paper: T3. Tukey grouping letters (p<=0.05) from Table 2 used as the Significance column value. CV/DMS/Pr>F for this analyte-tissue combination given in Extraction notes of the paper's markdown note, not repeated per row here."
pinedapinedaResponseTilapiaTomato2020,pinedapinedaResponseTilapiaTomato2020-T2,HYD,mineral,Potassium (K) in fruit,5.04,NR,%,b,"Table 2, p.2 (poster)","Treatment label in paper: T1. Tukey grouping letters (p<=0.05) from Table 2 used as the Significance column value. CV/DMS/Pr>F for this analyte-tissue combination given in Extraction notes of the paper's markdown note, not repeated per row here. Same HYD value repeated across all three trials (shared hydroponic control, paper's own T1), per vault convention."
pinedapinedaResponseTilapiaTomato2020,pinedapinedaResponseTilapiaTomato2020-T2,AP,mineral,Calcium (Ca) in fruit,0.54,NR,%,a,"Table 2, p.2 (poster)","Treatment label in paper: T3. Tukey grouping letters (p<=0.05) from Table 2 used as the Significance column value. CV/DMS/Pr>F for this analyte-tissue combination given in Extraction notes of the paper's markdown note, not repeated per row here."
pinedapinedaResponseTilapiaTomato2020,pinedapinedaResponseTilapiaTomato2020-T2,HYD,mineral,Calcium (Ca) in fruit,0.35,NR,%,b,"Table 2, p.2 (poster)","Treatment label in paper: T1. Tukey grouping letters (p<=0.05) from Table 2 used as the Significance column value. CV/DMS/Pr>F for this analyte-tissue combination given in Extraction notes of the paper's markdown note, not repeated per row here. Same HYD value repeated across all three trials (shared hydroponic control, paper's own T1), per vault convention."
pinedapinedaResponseTilapiaTomato2020,pinedapinedaResponseTilapiaTomato2020-T2,AP,mineral,Magnesium (Mg) in fruit,0.39,NR,%,b,"Table 2, p.2 (poster)","Treatment label in paper: T3. Tukey grouping letters (p<=0.05) from Table 2 used as the Significance column value. CV/DMS/Pr>F for this analyte-tissue combination given in Extraction notes of the paper's markdown note, not repeated per row here."
pinedapinedaResponseTilapiaTomato2020,pinedapinedaResponseTilapiaTomato2020-T2,HYD,mineral,Magnesium (Mg) in fruit,0.2,NR,%,b,"Table 2, p.2 (poster)","Treatment label in paper: T1. Tukey grouping letters (p<=0.05) from Table 2 used as the Significance column value. CV/DMS/Pr>F for this analyte-tissue combination given in Extraction notes of the paper's markdown note, not repeated per row here. Same HYD value repeated across all three trials (shared hydroponic control, paper's own T1), per vault convention."
pinedapinedaResponseTilapiaTomato2020,pinedapinedaResponseTilapiaTomato2020-T2,AP,mineral,Nitrogen (N) in leaf,2.45,NR,%,a,"Table 2, p.2 (poster)","Treatment label in paper: T3. Tukey grouping letters (p<=0.05) from Table 2 used as the Significance column value. CV/DMS/Pr>F for this analyte-tissue combination given in Extraction notes of the paper's markdown note, not repeated per row here."
pinedapinedaResponseTilapiaTomato2020,pinedapinedaResponseTilapiaTomato2020-T2,HYD,mineral,Nitrogen (N) in leaf,2.57,NR,%,a,"Table 2, p.2 (poster)","Treatment label in paper: T1. Tukey grouping letters (p<=0.05) from Table 2 used as the Significance column value. CV/DMS/Pr>F for this analyte-tissue combination given in Extraction notes of the paper's markdown note, not repeated per row here. Same HYD value repeated across all three trials (shared hydroponic control, paper's own T1), per vault convention."
pinedapinedaResponseTilapiaTomato2020,pinedapinedaResponseTilapiaTomato2020-T2,AP,mineral,Phosphorus (P) in leaf,0.42,NR,%,b,"Table 2, p.2 (poster)","Treatment label in paper: T3. Tukey grouping letters (p<=0.05) from Table 2 used as the Significance column value. CV/DMS/Pr>F for this analyte-tissue combination given in Extraction notes of the paper's markdown note, not repeated per row here."
pinedapinedaResponseTilapiaTomato2020,pinedapinedaResponseTilapiaTomato2020-T2,HYD,mineral,Phosphorus (P) in leaf,0.18,NR,%,c,"Table 2, p.2 (poster)","Treatment label in paper: T1. Tukey grouping letters (p<=0.05) from Table 2 used as the Significance column value. CV/DMS/Pr>F for this analyte-tissue combination given in Extraction notes of the paper's markdown note, not repeated per row here. Same HYD value repeated across all three trials (shared hydroponic control, paper's own T1), per vault convention."
pinedapinedaResponseTilapiaTomato2020,pinedapinedaResponseTilapiaTomato2020-T2,AP,mineral,Potassium (K) in leaf,3.62,NR,%,b,"Table 2, p.2 (poster)","Treatment label in paper: T3. Tukey grouping letters (p<=0.05) from Table 2 used as the Significance column value. CV/DMS/Pr>F for this analyte-tissue combination given in Extraction notes of the paper's markdown note, not repeated per row here."
pinedapinedaResponseTilapiaTomato2020,pinedapinedaResponseTilapiaTomato2020-T2,HYD,mineral,Potassium (K) in leaf,4.63,NR,%,a,"Table 2, p.2 (poster)","Treatment label in paper: T1. Tukey grouping letters (p<=0.05) from Table 2 used as the Significance column value. CV/DMS/Pr>F for this analyte-tissue combination given in Extraction notes of the paper's markdown note, not repeated per row here. Same HYD value repeated across all three trials (shared hydroponic control, paper's own T1), per vault convention."
pinedapinedaResponseTilapiaTomato2020,pinedapinedaResponseTilapiaTomato2020-T2,AP,mineral,Calcium (Ca) in leaf,3.84,NR,%,b,"Table 2, p.2 (poster)","Treatment label in paper: T3. Tukey grouping letters (p<=0.05) from Table 2 used as the Significance column value. CV/DMS/Pr>F for this analyte-tissue combination given in Extraction notes of the paper's markdown note, not repeated per row here."
pinedapinedaResponseTilapiaTomato2020,pinedapinedaResponseTilapiaTomato2020-T2,HYD,mineral,Calcium (Ca) in leaf,1.16,NR,%,d,"Table 2, p.2 (poster)","Treatment label in paper: T1. Tukey grouping letters (p<=0.05) from Table 2 used as the Significance column value. CV/DMS/Pr>F for this analyte-tissue combination given in Extraction notes of the paper's markdown note, not repeated per row here. Same HYD value repeated across all three trials (shared hydroponic control, paper's own T1), per vault convention."
pinedapinedaResponseTilapiaTomato2020,pinedapinedaResponseTilapiaTomato2020-T2,AP,mineral,Magnesium (Mg) in leaf,1.76,NR,%,b,"Table 2, p.2 (poster)","Treatment label in paper: T3. Tukey grouping letters (p<=0.05) from Table 2 used as the Significance column value. CV/DMS/Pr>F for this analyte-tissue combination given in Extraction notes of the paper's markdown note, not repeated per row here."
pinedapinedaResponseTilapiaTomato2020,pinedapinedaResponseTilapiaTomato2020-T2,HYD,mineral,Magnesium (Mg) in leaf,1.47,NR,%,b,"Table 2, p.2 (poster)","Treatment label in paper: T1. Tukey grouping letters (p<=0.05) from Table 2 used as the Significance column value. CV/DMS/Pr>F for this analyte-tissue combination given in Extraction notes of the paper's markdown note, not repeated per row here. Same HYD value repeated across all three trials (shared hydroponic control, paper's own T1), per vault convention."
pinedapinedaResponseTilapiaTomato2020,pinedapinedaResponseTilapiaTomato2020-T3,AP,mineral,Nitrogen (N) in fruit,2.55,NR,%,a,"Table 2, p.2 (poster)","Treatment label in paper: T4. Tukey grouping letters (p<=0.05) from Table 2 used as the Significance column value. CV/DMS/Pr>F for this analyte-tissue combination given in Extraction notes of the paper's markdown note, not repeated per row here."
pinedapinedaResponseTilapiaTomato2020,pinedapinedaResponseTilapiaTomato2020-T3,HYD,mineral,Nitrogen (N) in fruit,2.43,NR,%,a,"Table 2, p.2 (poster)","Treatment label in paper: T1. Tukey grouping letters (p<=0.05) from Table 2 used as the Significance column value. CV/DMS/Pr>F for this analyte-tissue combination given in Extraction notes of the paper's markdown note, not repeated per row here. Same HYD value repeated across all three trials (shared hydroponic control, paper's own T1), per vault convention."
pinedapinedaResponseTilapiaTomato2020,pinedapinedaResponseTilapiaTomato2020-T3,AP,mineral,Phosphorus (P) in fruit,0.38,NR,%,c,"Table 2, p.2 (poster)","Treatment label in paper: T4. Tukey grouping letters (p<=0.05) from Table 2 used as the Significance column value. CV/DMS/Pr>F for this analyte-tissue combination given in Extraction notes of the paper's markdown note, not repeated per row here."
pinedapinedaResponseTilapiaTomato2020,pinedapinedaResponseTilapiaTomato2020-T3,HYD,mineral,Phosphorus (P) in fruit,0.47,NR,%,b,"Table 2, p.2 (poster)","Treatment label in paper: T1. Tukey grouping letters (p<=0.05) from Table 2 used as the Significance column value. CV/DMS/Pr>F for this analyte-tissue combination given in Extraction notes of the paper's markdown note, not repeated per row here. Same HYD value repeated across all three trials (shared hydroponic control, paper's own T1), per vault convention."
pinedapinedaResponseTilapiaTomato2020,pinedapinedaResponseTilapiaTomato2020-T3,AP,mineral,Potassium (K) in fruit,4.76,NR,%,b,"Table 2, p.2 (poster)","Treatment label in paper: T4. Tukey grouping letters (p<=0.05) from Table 2 used as the Significance column value. CV/DMS/Pr>F for this analyte-tissue combination given in Extraction notes of the paper's markdown note, not repeated per row here."
pinedapinedaResponseTilapiaTomato2020,pinedapinedaResponseTilapiaTomato2020-T3,HYD,mineral,Potassium (K) in fruit,5.04,NR,%,b,"Table 2, p.2 (poster)","Treatment label in paper: T1. Tukey grouping letters (p<=0.05) from Table 2 used as the Significance column value. CV/DMS/Pr>F for this analyte-tissue combination given in Extraction notes of the paper's markdown note, not repeated per row here. Same HYD value repeated across all three trials (shared hydroponic control, paper's own T1), per vault convention."
pinedapinedaResponseTilapiaTomato2020,pinedapinedaResponseTilapiaTomato2020-T3,AP,mineral,Calcium (Ca) in fruit,0.25,NR,%,b,"Table 2, p.2 (poster)","Treatment label in paper: T4. Tukey grouping letters (p<=0.05) from Table 2 used as the Significance column value. CV/DMS/Pr>F for this analyte-tissue combination given in Extraction notes of the paper's markdown note, not repeated per row here."
pinedapinedaResponseTilapiaTomato2020,pinedapinedaResponseTilapiaTomato2020-T3,HYD,mineral,Calcium (Ca) in fruit,0.35,NR,%,b,"Table 2, p.2 (poster)","Treatment label in paper: T1. Tukey grouping letters (p<=0.05) from Table 2 used as the Significance column value. CV/DMS/Pr>F for this analyte-tissue combination given in Extraction notes of the paper's markdown note, not repeated per row here. Same HYD value repeated across all three trials (shared hydroponic control, paper's own T1), per vault convention."
pinedapinedaResponseTilapiaTomato2020,pinedapinedaResponseTilapiaTomato2020-T3,AP,mineral,Magnesium (Mg) in fruit,0.31,NR,%,b,"Table 2, p.2 (poster)","Treatment label in paper: T4. Tukey grouping letters (p<=0.05) from Table 2 used as the Significance column value. CV/DMS/Pr>F for this analyte-tissue combination given in Extraction notes of the paper's markdown note, not repeated per row here."
pinedapinedaResponseTilapiaTomato2020,pinedapinedaResponseTilapiaTomato2020-T3,HYD,mineral,Magnesium (Mg) in fruit,0.2,NR,%,b,"Table 2, p.2 (poster)","Treatment label in paper: T1. Tukey grouping letters (p<=0.05) from Table 2 used as the Significance column value. CV/DMS/Pr>F for this analyte-tissue combination given in Extraction notes of the paper's markdown note, not repeated per row here. Same HYD value repeated across all three trials (shared hydroponic control, paper's own T1), per vault convention."
pinedapinedaResponseTilapiaTomato2020,pinedapinedaResponseTilapiaTomato2020-T3,AP,mineral,Nitrogen (N) in leaf,1.97,NR,%,a,"Table 2, p.2 (poster)","Treatment label in paper: T4. Tukey grouping letters (p<=0.05) from Table 2 used as the Significance column value. CV/DMS/Pr>F for this analyte-tissue combination given in Extraction notes of the paper's markdown note, not repeated per row here."
pinedapinedaResponseTilapiaTomato2020,pinedapinedaResponseTilapiaTomato2020-T3,HYD,mineral,Nitrogen (N) in leaf,2.57,NR,%,a,"Table 2, p.2 (poster)","Treatment label in paper: T1. Tukey grouping letters (p<=0.05) from Table 2 used as the Significance column value. CV/DMS/Pr>F for this analyte-tissue combination given in Extraction notes of the paper's markdown note, not repeated per row here. Same HYD value repeated across all three trials (shared hydroponic control, paper's own T1), per vault convention."
pinedapinedaResponseTilapiaTomato2020,pinedapinedaResponseTilapiaTomato2020-T3,AP,mineral,Phosphorus (P) in leaf,0.32,NR,%,b,"Table 2, p.2 (poster)","Treatment label in paper: T4. Tukey grouping letters (p<=0.05) from Table 2 used as the Significance column value. CV/DMS/Pr>F for this analyte-tissue combination given in Extraction notes of the paper's markdown note, not repeated per row here."
pinedapinedaResponseTilapiaTomato2020,pinedapinedaResponseTilapiaTomato2020-T3,HYD,mineral,Phosphorus (P) in leaf,0.18,NR,%,c,"Table 2, p.2 (poster)","Treatment label in paper: T1. Tukey grouping letters (p<=0.05) from Table 2 used as the Significance column value. CV/DMS/Pr>F for this analyte-tissue combination given in Extraction notes of the paper's markdown note, not repeated per row here. Same HYD value repeated across all three trials (shared hydroponic control, paper's own T1), per vault convention."
pinedapinedaResponseTilapiaTomato2020,pinedapinedaResponseTilapiaTomato2020-T3,AP,mineral,Potassium (K) in leaf,0.84,NR,%,c,"Table 2, p.2 (poster)","Treatment label in paper: T4. Tukey grouping letters (p<=0.05) from Table 2 used as the Significance column value. CV/DMS/Pr>F for this analyte-tissue combination given in Extraction notes of the paper's markdown note, not repeated per row here."
pinedapinedaResponseTilapiaTomato2020,pinedapinedaResponseTilapiaTomato2020-T3,HYD,mineral,Potassium (K) in leaf,4.63,NR,%,a,"Table 2, p.2 (poster)","Treatment label in paper: T1. Tukey grouping letters (p<=0.05) from Table 2 used as the Significance column value. CV/DMS/Pr>F for this analyte-tissue combination given in Extraction notes of the paper's markdown note, not repeated per row here. Same HYD value repeated across all three trials (shared hydroponic control, paper's own T1), per vault convention."
pinedapinedaResponseTilapiaTomato2020,pinedapinedaResponseTilapiaTomato2020-T3,AP,mineral,Calcium (Ca) in leaf,3.22,NR,%,c,"Table 2, p.2 (poster)","Treatment label in paper: T4. Tukey grouping letters (p<=0.05) from Table 2 used as the Significance column value. CV/DMS/Pr>F for this analyte-tissue combination given in Extraction notes of the paper's markdown note, not repeated per row here."
pinedapinedaResponseTilapiaTomato2020,pinedapinedaResponseTilapiaTomato2020-T3,HYD,mineral,Calcium (Ca) in leaf,1.16,NR,%,d,"Table 2, p.2 (poster)","Treatment label in paper: T1. Tukey grouping letters (p<=0.05) from Table 2 used as the Significance column value. CV/DMS/Pr>F for this analyte-tissue combination given in Extraction notes of the paper's markdown note, not repeated per row here. Same HYD value repeated across all three trials (shared hydroponic control, paper's own T1), per vault convention."
pinedapinedaResponseTilapiaTomato2020,pinedapinedaResponseTilapiaTomato2020-T3,AP,mineral,Magnesium (Mg) in leaf,2.87,NR,%,a,"Table 2, p.2 (poster)","Treatment label in paper: T4. Tukey grouping letters (p<=0.05) from Table 2 used as the Significance column value. CV/DMS/Pr>F for this analyte-tissue combination given in Extraction notes of the paper's markdown note, not repeated per row here."
pinedapinedaResponseTilapiaTomato2020,pinedapinedaResponseTilapiaTomato2020-T3,HYD,mineral,Magnesium (Mg) in leaf,1.47,NR,%,b,"Table 2, p.2 (poster)","Treatment label in paper: T1. Tukey grouping letters (p<=0.05) from Table 2 used as the Significance column value. CV/DMS/Pr>F for this analyte-tissue combination given in Extraction notes of the paper's markdown note, not repeated per row here. Same HYD value repeated across all three trials (shared hydroponic control, paper's own T1), per vault convention."
pinedapinedaYieldTwoCultivars2018,pinedapinedaYieldTwoCultivars2018-T1,AP,mineral,Nitrogen (N),4.1,NR,%,a,"Table 6, p.351 (second growing cycle only)","Fresh vs dry weight basis not stated anywhere in the paper for leaf tissue analysis (WARN-CHECK, see Extraction notes / REVIEW.md). Significance letters taken from Table 6's own Tukey groupings; Results-section prose (p.350-351) states an inverted significant/non-significant pairing for this analyte relative to this table -- see WARN-MATERIAL in trials.csv Experimental Remarks and the paper's Extraction notes."
pinedapinedaYieldTwoCultivars2018,pinedapinedaYieldTwoCultivars2018-T1,HYD,mineral,Nitrogen (N),4.26,NR,%,a,"Table 6, p.351 (second growing cycle only)","Fresh vs dry weight basis not stated anywhere in the paper for leaf tissue analysis (WARN-CHECK, see Extraction notes / REVIEW.md). Significance letters taken from Table 6's own Tukey groupings; Results-section prose (p.350-351) states an inverted significant/non-significant pairing for this analyte relative to this table -- see WARN-MATERIAL in trials.csv Experimental Remarks and the paper's Extraction notes."
pinedapinedaYieldTwoCultivars2018,pinedapinedaYieldTwoCultivars2018-T1,AP,mineral,Phosphorus (P),0.71,NR,%,a,"Table 6, p.351 (second growing cycle only)","Fresh vs dry weight basis not stated anywhere in the paper for leaf tissue analysis (WARN-CHECK, see Extraction notes / REVIEW.md). Significance letters taken from Table 6's own Tukey groupings; Results-section prose (p.350-351) states an inverted significant/non-significant pairing for this analyte relative to this table -- see WARN-MATERIAL in trials.csv Experimental Remarks and the paper's Extraction notes."
pinedapinedaYieldTwoCultivars2018,pinedapinedaYieldTwoCultivars2018-T1,HYD,mineral,Phosphorus (P),0.54,NR,%,b,"Table 6, p.351 (second growing cycle only)","Fresh vs dry weight basis not stated anywhere in the paper for leaf tissue analysis (WARN-CHECK, see Extraction notes / REVIEW.md). Significance letters taken from Table 6's own Tukey groupings; Results-section prose (p.350-351) states an inverted significant/non-significant pairing for this analyte relative to this table -- see WARN-MATERIAL in trials.csv Experimental Remarks and the paper's Extraction notes."
pinedapinedaYieldTwoCultivars2018,pinedapinedaYieldTwoCultivars2018-T1,AP,mineral,Calcium (Ca),1.88,NR,%,a,"Table 6, p.351 (second growing cycle only)","Fresh vs dry weight basis not stated anywhere in the paper for leaf tissue analysis (WARN-CHECK, see Extraction notes / REVIEW.md). Significance letters taken from Table 6's own Tukey groupings; Results-section prose (p.350-351) states an inverted significant/non-significant pairing for this analyte relative to this table -- see WARN-MATERIAL in trials.csv Experimental Remarks and the paper's Extraction notes."
pinedapinedaYieldTwoCultivars2018,pinedapinedaYieldTwoCultivars2018-T1,HYD,mineral,Calcium (Ca),1.94,NR,%,a,"Table 6, p.351 (second growing cycle only)","Fresh vs dry weight basis not stated anywhere in the paper for leaf tissue analysis (WARN-CHECK, see Extraction notes / REVIEW.md). Significance letters taken from Table 6's own Tukey groupings; Results-section prose (p.350-351) states an inverted significant/non-significant pairing for this analyte relative to this table -- see WARN-MATERIAL in trials.csv Experimental Remarks and the paper's Extraction notes."
pinedapinedaYieldTwoCultivars2018,pinedapinedaYieldTwoCultivars2018-T1,AP,mineral,Magnesium (Mg),0.74,NR,%,a,"Table 6, p.351 (second growing cycle only)","Fresh vs dry weight basis not stated anywhere in the paper for leaf tissue analysis (WARN-CHECK, see Extraction notes / REVIEW.md). Significance letters taken from Table 6's own Tukey groupings; Results-section prose (p.350-351) states an inverted significant/non-significant pairing for this analyte relative to this table -- see WARN-MATERIAL in trials.csv Experimental Remarks and the paper's Extraction notes."
pinedapinedaYieldTwoCultivars2018,pinedapinedaYieldTwoCultivars2018-T1,HYD,mineral,Magnesium (Mg),0.92,NR,%,a,"Table 6, p.351 (second growing cycle only)","Fresh vs dry weight basis not stated anywhere in the paper for leaf tissue analysis (WARN-CHECK, see Extraction notes / REVIEW.md). Significance letters taken from Table 6's own Tukey groupings; Results-section prose (p.350-351) states an inverted significant/non-significant pairing for this analyte relative to this table -- see WARN-MATERIAL in trials.csv Experimental Remarks and the paper's Extraction notes."
pinedapinedaYieldTwoCultivars2018,pinedapinedaYieldTwoCultivars2018-T1,AP,mineral,Potassium (K),7.5,NR,%,a,"Table 6, p.351 (second growing cycle only)","Fresh vs dry weight basis not stated anywhere in the paper for leaf tissue analysis (WARN-CHECK, see Extraction notes / REVIEW.md). Significance letters taken from Table 6's own Tukey groupings; Results-section prose (p.350-351) states an inverted significant/non-significant pairing for this analyte relative to this table -- see WARN-MATERIAL in trials.csv Experimental Remarks and the paper's Extraction notes."
pinedapinedaYieldTwoCultivars2018,pinedapinedaYieldTwoCultivars2018-T1,HYD,mineral,Potassium (K),4.95,NR,%,b,"Table 6, p.351 (second growing cycle only)","Fresh vs dry weight basis not stated anywhere in the paper for leaf tissue analysis (WARN-CHECK, see Extraction notes / REVIEW.md). Significance letters taken from Table 6's own Tukey groupings; Results-section prose (p.350-351) states an inverted significant/non-significant pairing for this analyte relative to this table -- see WARN-MATERIAL in trials.csv Experimental Remarks and the paper's Extraction notes."
pinedapinedaYieldTwoCultivars2018,pinedapinedaYieldTwoCultivars2018-T1,AP,mineral,Iron (Fe),455.5,NR,mg/kg,a,"Table 6, p.351 (second growing cycle only)","Fresh vs dry weight basis not stated anywhere in the paper for leaf tissue analysis (WARN-CHECK, see Extraction notes / REVIEW.md). Significance letters taken from Table 6's own Tukey groupings; Results-section prose (p.350-351) states an inverted significant/non-significant pairing for this analyte relative to this table -- see WARN-MATERIAL in trials.csv Experimental Remarks and the paper's Extraction notes."
pinedapinedaYieldTwoCultivars2018,pinedapinedaYieldTwoCultivars2018-T1,HYD,mineral,Iron (Fe),345.25,NR,mg/kg,a,"Table 6, p.351 (second growing cycle only)","Fresh vs dry weight basis not stated anywhere in the paper for leaf tissue analysis (WARN-CHECK, see Extraction notes / REVIEW.md). Significance letters taken from Table 6's own Tukey groupings; Results-section prose (p.350-351) states an inverted significant/non-significant pairing for this analyte relative to this table -- see WARN-MATERIAL in trials.csv Experimental Remarks and the paper's Extraction notes."
pinedapinedaYieldTwoCultivars2018,pinedapinedaYieldTwoCultivars2018-T1,AP,mineral,Copper (Cu),18.5,NR,mg/kg,b,"Table 6, p.351 (second growing cycle only)","Fresh vs dry weight basis not stated anywhere in the paper for leaf tissue analysis (WARN-CHECK, see Extraction notes / REVIEW.md). Significance letters taken from Table 6's own Tukey groupings; Results-section prose (p.350-351) states an inverted significant/non-significant pairing for this analyte relative to this table -- see WARN-MATERIAL in trials.csv Experimental Remarks and the paper's Extraction notes."
pinedapinedaYieldTwoCultivars2018,pinedapinedaYieldTwoCultivars2018-T1,HYD,mineral,Copper (Cu),23.75,NR,mg/kg,ab,"Table 6, p.351 (second growing cycle only)","Fresh vs dry weight basis not stated anywhere in the paper for leaf tissue analysis (WARN-CHECK, see Extraction notes / REVIEW.md). Significance letters taken from Table 6's own Tukey groupings; Results-section prose (p.350-351) states an inverted significant/non-significant pairing for this analyte relative to this table -- see WARN-MATERIAL in trials.csv Experimental Remarks and the paper's Extraction notes."
pinedapinedaYieldTwoCultivars2018,pinedapinedaYieldTwoCultivars2018-T1,AP,mineral,Zinc (Zn),48.25,NR,mg/kg,b,"Table 6, p.351 (second growing cycle only)","Fresh vs dry weight basis not stated anywhere in the paper for leaf tissue analysis (WARN-CHECK, see Extraction notes / REVIEW.md). Significance letters taken from Table 6's own Tukey groupings; Results-section prose (p.350-351) states an inverted significant/non-significant pairing for this analyte relative to this table -- see WARN-MATERIAL in trials.csv Experimental Remarks and the paper's Extraction notes."
pinedapinedaYieldTwoCultivars2018,pinedapinedaYieldTwoCultivars2018-T1,HYD,mineral,Zinc (Zn),68.5,NR,mg/kg,ab,"Table 6, p.351 (second growing cycle only)","Fresh vs dry weight basis not stated anywhere in the paper for leaf tissue analysis (WARN-CHECK, see Extraction notes / REVIEW.md). Significance letters taken from Table 6's own Tukey groupings; Results-section prose (p.350-351) states an inverted significant/non-significant pairing for this analyte relative to this table -- see WARN-MATERIAL in trials.csv Experimental Remarks and the paper's Extraction notes."
pinedapinedaYieldTwoCultivars2018,pinedapinedaYieldTwoCultivars2018-T1,AP,mineral,Manganese (Mn),60.0,NR,mg/kg,b,"Table 6, p.351 (second growing cycle only)","Fresh vs dry weight basis not stated anywhere in the paper for leaf tissue analysis (WARN-CHECK, see Extraction notes / REVIEW.md). Significance letters taken from Table 6's own Tukey groupings; Results-section prose (p.350-351) states an inverted significant/non-significant pairing for this analyte relative to this table -- see WARN-MATERIAL in trials.csv Experimental Remarks and the paper's Extraction notes. Optimal range cited by paper is 25-130 mg/kg (Mills and Jones 1996); 100%, 80% and HYD values exceed this upper bound; paper reports no visible toxicity symptoms (Howeler 1991) -- out-of-range value per SCHEMA.md"
pinedapinedaYieldTwoCultivars2018,pinedapinedaYieldTwoCultivars2018-T1,HYD,mineral,Manganese (Mn),323.25,NR,mg/kg,a,"Table 6, p.351 (second growing cycle only)","Fresh vs dry weight basis not stated anywhere in the paper for leaf tissue analysis (WARN-CHECK, see Extraction notes / REVIEW.md). Significance letters taken from Table 6's own Tukey groupings; Results-section prose (p.350-351) states an inverted significant/non-significant pairing for this analyte relative to this table -- see WARN-MATERIAL in trials.csv Experimental Remarks and the paper's Extraction notes. Optimal range cited by paper is 25-130 mg/kg (Mills and Jones 1996); 100%, 80% and HYD values exceed this upper bound; paper reports no visible toxicity symptoms (Howeler 1991) -- out-of-range value per SCHEMA.md"
pinedapinedaYieldTwoCultivars2018,pinedapinedaYieldTwoCultivars2018-T2,AP,mineral,Nitrogen (N),4.16,NR,%,a,"Table 6, p.351 (second growing cycle only)","Fresh vs dry weight basis not stated anywhere in the paper for leaf tissue analysis (WARN-CHECK, see Extraction notes / REVIEW.md). Significance letters taken from Table 6's own Tukey groupings; Results-section prose (p.350-351) states an inverted significant/non-significant pairing for this analyte relative to this table -- see WARN-MATERIAL in trials.csv Experimental Remarks and the paper's Extraction notes."
pinedapinedaYieldTwoCultivars2018,pinedapinedaYieldTwoCultivars2018-T2,HYD,mineral,Nitrogen (N),4.26,NR,%,a,"Table 6, p.351 (second growing cycle only)","Fresh vs dry weight basis not stated anywhere in the paper for leaf tissue analysis (WARN-CHECK, see Extraction notes / REVIEW.md). Significance letters taken from Table 6's own Tukey groupings; Results-section prose (p.350-351) states an inverted significant/non-significant pairing for this analyte relative to this table -- see WARN-MATERIAL in trials.csv Experimental Remarks and the paper's Extraction notes."
pinedapinedaYieldTwoCultivars2018,pinedapinedaYieldTwoCultivars2018-T2,AP,mineral,Phosphorus (P),0.51,NR,%,b,"Table 6, p.351 (second growing cycle only)","Fresh vs dry weight basis not stated anywhere in the paper for leaf tissue analysis (WARN-CHECK, see Extraction notes / REVIEW.md). Significance letters taken from Table 6's own Tukey groupings; Results-section prose (p.350-351) states an inverted significant/non-significant pairing for this analyte relative to this table -- see WARN-MATERIAL in trials.csv Experimental Remarks and the paper's Extraction notes."
pinedapinedaYieldTwoCultivars2018,pinedapinedaYieldTwoCultivars2018-T2,HYD,mineral,Phosphorus (P),0.54,NR,%,b,"Table 6, p.351 (second growing cycle only)","Fresh vs dry weight basis not stated anywhere in the paper for leaf tissue analysis (WARN-CHECK, see Extraction notes / REVIEW.md). Significance letters taken from Table 6's own Tukey groupings; Results-section prose (p.350-351) states an inverted significant/non-significant pairing for this analyte relative to this table -- see WARN-MATERIAL in trials.csv Experimental Remarks and the paper's Extraction notes."
pinedapinedaYieldTwoCultivars2018,pinedapinedaYieldTwoCultivars2018-T2,AP,mineral,Calcium (Ca),1.8,NR,%,a,"Table 6, p.351 (second growing cycle only)","Fresh vs dry weight basis not stated anywhere in the paper for leaf tissue analysis (WARN-CHECK, see Extraction notes / REVIEW.md). Significance letters taken from Table 6's own Tukey groupings; Results-section prose (p.350-351) states an inverted significant/non-significant pairing for this analyte relative to this table -- see WARN-MATERIAL in trials.csv Experimental Remarks and the paper's Extraction notes."
pinedapinedaYieldTwoCultivars2018,pinedapinedaYieldTwoCultivars2018-T2,HYD,mineral,Calcium (Ca),1.94,NR,%,a,"Table 6, p.351 (second growing cycle only)","Fresh vs dry weight basis not stated anywhere in the paper for leaf tissue analysis (WARN-CHECK, see Extraction notes / REVIEW.md). Significance letters taken from Table 6's own Tukey groupings; Results-section prose (p.350-351) states an inverted significant/non-significant pairing for this analyte relative to this table -- see WARN-MATERIAL in trials.csv Experimental Remarks and the paper's Extraction notes."
pinedapinedaYieldTwoCultivars2018,pinedapinedaYieldTwoCultivars2018-T2,AP,mineral,Magnesium (Mg),0.88,NR,%,a,"Table 6, p.351 (second growing cycle only)","Fresh vs dry weight basis not stated anywhere in the paper for leaf tissue analysis (WARN-CHECK, see Extraction notes / REVIEW.md). Significance letters taken from Table 6's own Tukey groupings; Results-section prose (p.350-351) states an inverted significant/non-significant pairing for this analyte relative to this table -- see WARN-MATERIAL in trials.csv Experimental Remarks and the paper's Extraction notes."
pinedapinedaYieldTwoCultivars2018,pinedapinedaYieldTwoCultivars2018-T2,HYD,mineral,Magnesium (Mg),0.92,NR,%,a,"Table 6, p.351 (second growing cycle only)","Fresh vs dry weight basis not stated anywhere in the paper for leaf tissue analysis (WARN-CHECK, see Extraction notes / REVIEW.md). Significance letters taken from Table 6's own Tukey groupings; Results-section prose (p.350-351) states an inverted significant/non-significant pairing for this analyte relative to this table -- see WARN-MATERIAL in trials.csv Experimental Remarks and the paper's Extraction notes."
pinedapinedaYieldTwoCultivars2018,pinedapinedaYieldTwoCultivars2018-T2,AP,mineral,Potassium (K),6.18,NR,%,ab,"Table 6, p.351 (second growing cycle only)","Fresh vs dry weight basis not stated anywhere in the paper for leaf tissue analysis (WARN-CHECK, see Extraction notes / REVIEW.md). Significance letters taken from Table 6's own Tukey groupings; Results-section prose (p.350-351) states an inverted significant/non-significant pairing for this analyte relative to this table -- see WARN-MATERIAL in trials.csv Experimental Remarks and the paper's Extraction notes."
pinedapinedaYieldTwoCultivars2018,pinedapinedaYieldTwoCultivars2018-T2,HYD,mineral,Potassium (K),4.95,NR,%,b,"Table 6, p.351 (second growing cycle only)","Fresh vs dry weight basis not stated anywhere in the paper for leaf tissue analysis (WARN-CHECK, see Extraction notes / REVIEW.md). Significance letters taken from Table 6's own Tukey groupings; Results-section prose (p.350-351) states an inverted significant/non-significant pairing for this analyte relative to this table -- see WARN-MATERIAL in trials.csv Experimental Remarks and the paper's Extraction notes."
pinedapinedaYieldTwoCultivars2018,pinedapinedaYieldTwoCultivars2018-T2,AP,mineral,Iron (Fe),388.0,NR,mg/kg,a,"Table 6, p.351 (second growing cycle only)","Fresh vs dry weight basis not stated anywhere in the paper for leaf tissue analysis (WARN-CHECK, see Extraction notes / REVIEW.md). Significance letters taken from Table 6's own Tukey groupings; Results-section prose (p.350-351) states an inverted significant/non-significant pairing for this analyte relative to this table -- see WARN-MATERIAL in trials.csv Experimental Remarks and the paper's Extraction notes."
pinedapinedaYieldTwoCultivars2018,pinedapinedaYieldTwoCultivars2018-T2,HYD,mineral,Iron (Fe),345.25,NR,mg/kg,a,"Table 6, p.351 (second growing cycle only)","Fresh vs dry weight basis not stated anywhere in the paper for leaf tissue analysis (WARN-CHECK, see Extraction notes / REVIEW.md). Significance letters taken from Table 6's own Tukey groupings; Results-section prose (p.350-351) states an inverted significant/non-significant pairing for this analyte relative to this table -- see WARN-MATERIAL in trials.csv Experimental Remarks and the paper's Extraction notes."
pinedapinedaYieldTwoCultivars2018,pinedapinedaYieldTwoCultivars2018-T2,AP,mineral,Copper (Cu),20.37,NR,mg/kg,ab,"Table 6, p.351 (second growing cycle only)","Fresh vs dry weight basis not stated anywhere in the paper for leaf tissue analysis (WARN-CHECK, see Extraction notes / REVIEW.md). Significance letters taken from Table 6's own Tukey groupings; Results-section prose (p.350-351) states an inverted significant/non-significant pairing for this analyte relative to this table -- see WARN-MATERIAL in trials.csv Experimental Remarks and the paper's Extraction notes."
pinedapinedaYieldTwoCultivars2018,pinedapinedaYieldTwoCultivars2018-T2,HYD,mineral,Copper (Cu),23.75,NR,mg/kg,ab,"Table 6, p.351 (second growing cycle only)","Fresh vs dry weight basis not stated anywhere in the paper for leaf tissue analysis (WARN-CHECK, see Extraction notes / REVIEW.md). Significance letters taken from Table 6's own Tukey groupings; Results-section prose (p.350-351) states an inverted significant/non-significant pairing for this analyte relative to this table -- see WARN-MATERIAL in trials.csv Experimental Remarks and the paper's Extraction notes."
pinedapinedaYieldTwoCultivars2018,pinedapinedaYieldTwoCultivars2018-T2,AP,mineral,Zinc (Zn),76.38,NR,mg/kg,ab,"Table 6, p.351 (second growing cycle only)","Fresh vs dry weight basis not stated anywhere in the paper for leaf tissue analysis (WARN-CHECK, see Extraction notes / REVIEW.md). Significance letters taken from Table 6's own Tukey groupings; Results-section prose (p.350-351) states an inverted significant/non-significant pairing for this analyte relative to this table -- see WARN-MATERIAL in trials.csv Experimental Remarks and the paper's Extraction notes."
pinedapinedaYieldTwoCultivars2018,pinedapinedaYieldTwoCultivars2018-T2,HYD,mineral,Zinc (Zn),68.5,NR,mg/kg,ab,"Table 6, p.351 (second growing cycle only)","Fresh vs dry weight basis not stated anywhere in the paper for leaf tissue analysis (WARN-CHECK, see Extraction notes / REVIEW.md). Significance letters taken from Table 6's own Tukey groupings; Results-section prose (p.350-351) states an inverted significant/non-significant pairing for this analyte relative to this table -- see WARN-MATERIAL in trials.csv Experimental Remarks and the paper's Extraction notes."
pinedapinedaYieldTwoCultivars2018,pinedapinedaYieldTwoCultivars2018-T2,AP,mineral,Manganese (Mn),239.63,NR,mg/kg,a,"Table 6, p.351 (second growing cycle only)","Fresh vs dry weight basis not stated anywhere in the paper for leaf tissue analysis (WARN-CHECK, see Extraction notes / REVIEW.md). Significance letters taken from Table 6's own Tukey groupings; Results-section prose (p.350-351) states an inverted significant/non-significant pairing for this analyte relative to this table -- see WARN-MATERIAL in trials.csv Experimental Remarks and the paper's Extraction notes. Optimal range cited by paper is 25-130 mg/kg (Mills and Jones 1996); 100%, 80% and HYD values exceed this upper bound; paper reports no visible toxicity symptoms (Howeler 1991) -- out-of-range value per SCHEMA.md"
pinedapinedaYieldTwoCultivars2018,pinedapinedaYieldTwoCultivars2018-T2,HYD,mineral,Manganese (Mn),323.25,NR,mg/kg,a,"Table 6, p.351 (second growing cycle only)","Fresh vs dry weight basis not stated anywhere in the paper for leaf tissue analysis (WARN-CHECK, see Extraction notes / REVIEW.md). Significance letters taken from Table 6's own Tukey groupings; Results-section prose (p.350-351) states an inverted significant/non-significant pairing for this analyte relative to this table -- see WARN-MATERIAL in trials.csv Experimental Remarks and the paper's Extraction notes. Optimal range cited by paper is 25-130 mg/kg (Mills and Jones 1996); 100%, 80% and HYD values exceed this upper bound; paper reports no visible toxicity symptoms (Howeler 1991) -- out-of-range value per SCHEMA.md"
pinedapinedaYieldTwoCultivars2018,pinedapinedaYieldTwoCultivars2018-T3,AP,mineral,Nitrogen (N),3.58,NR,%,a,"Table 6, p.351 (second growing cycle only)","Fresh vs dry weight basis not stated anywhere in the paper for leaf tissue analysis (WARN-CHECK, see Extraction notes / REVIEW.md). Significance letters taken from Table 6's own Tukey groupings; Results-section prose (p.350-351) states an inverted significant/non-significant pairing for this analyte relative to this table -- see WARN-MATERIAL in trials.csv Experimental Remarks and the paper's Extraction notes."
pinedapinedaYieldTwoCultivars2018,pinedapinedaYieldTwoCultivars2018-T3,HYD,mineral,Nitrogen (N),4.26,NR,%,a,"Table 6, p.351 (second growing cycle only)","Fresh vs dry weight basis not stated anywhere in the paper for leaf tissue analysis (WARN-CHECK, see Extraction notes / REVIEW.md). Significance letters taken from Table 6's own Tukey groupings; Results-section prose (p.350-351) states an inverted significant/non-significant pairing for this analyte relative to this table -- see WARN-MATERIAL in trials.csv Experimental Remarks and the paper's Extraction notes."
pinedapinedaYieldTwoCultivars2018,pinedapinedaYieldTwoCultivars2018-T3,AP,mineral,Phosphorus (P),0.58,NR,%,ab,"Table 6, p.351 (second growing cycle only)","Fresh vs dry weight basis not stated anywhere in the paper for leaf tissue analysis (WARN-CHECK, see Extraction notes / REVIEW.md). Significance letters taken from Table 6's own Tukey groupings; Results-section prose (p.350-351) states an inverted significant/non-significant pairing for this analyte relative to this table -- see WARN-MATERIAL in trials.csv Experimental Remarks and the paper's Extraction notes."
pinedapinedaYieldTwoCultivars2018,pinedapinedaYieldTwoCultivars2018-T3,HYD,mineral,Phosphorus (P),0.54,NR,%,b,"Table 6, p.351 (second growing cycle only)","Fresh vs dry weight basis not stated anywhere in the paper for leaf tissue analysis (WARN-CHECK, see Extraction notes / REVIEW.md). Significance letters taken from Table 6's own Tukey groupings; Results-section prose (p.350-351) states an inverted significant/non-significant pairing for this analyte relative to this table -- see WARN-MATERIAL in trials.csv Experimental Remarks and the paper's Extraction notes."
pinedapinedaYieldTwoCultivars2018,pinedapinedaYieldTwoCultivars2018-T3,AP,mineral,Calcium (Ca),1.9,NR,%,a,"Table 6, p.351 (second growing cycle only)","Fresh vs dry weight basis not stated anywhere in the paper for leaf tissue analysis (WARN-CHECK, see Extraction notes / REVIEW.md). Significance letters taken from Table 6's own Tukey groupings; Results-section prose (p.350-351) states an inverted significant/non-significant pairing for this analyte relative to this table -- see WARN-MATERIAL in trials.csv Experimental Remarks and the paper's Extraction notes."
pinedapinedaYieldTwoCultivars2018,pinedapinedaYieldTwoCultivars2018-T3,HYD,mineral,Calcium (Ca),1.94,NR,%,a,"Table 6, p.351 (second growing cycle only)","Fresh vs dry weight basis not stated anywhere in the paper for leaf tissue analysis (WARN-CHECK, see Extraction notes / REVIEW.md). Significance letters taken from Table 6's own Tukey groupings; Results-section prose (p.350-351) states an inverted significant/non-significant pairing for this analyte relative to this table -- see WARN-MATERIAL in trials.csv Experimental Remarks and the paper's Extraction notes."
pinedapinedaYieldTwoCultivars2018,pinedapinedaYieldTwoCultivars2018-T3,AP,mineral,Magnesium (Mg),0.92,NR,%,a,"Table 6, p.351 (second growing cycle only)","Fresh vs dry weight basis not stated anywhere in the paper for leaf tissue analysis (WARN-CHECK, see Extraction notes / REVIEW.md). Significance letters taken from Table 6's own Tukey groupings; Results-section prose (p.350-351) states an inverted significant/non-significant pairing for this analyte relative to this table -- see WARN-MATERIAL in trials.csv Experimental Remarks and the paper's Extraction notes."
pinedapinedaYieldTwoCultivars2018,pinedapinedaYieldTwoCultivars2018-T3,HYD,mineral,Magnesium (Mg),0.92,NR,%,a,"Table 6, p.351 (second growing cycle only)","Fresh vs dry weight basis not stated anywhere in the paper for leaf tissue analysis (WARN-CHECK, see Extraction notes / REVIEW.md). Significance letters taken from Table 6's own Tukey groupings; Results-section prose (p.350-351) states an inverted significant/non-significant pairing for this analyte relative to this table -- see WARN-MATERIAL in trials.csv Experimental Remarks and the paper's Extraction notes."
pinedapinedaYieldTwoCultivars2018,pinedapinedaYieldTwoCultivars2018-T3,AP,mineral,Potassium (K),5.11,NR,%,b,"Table 6, p.351 (second growing cycle only)","Fresh vs dry weight basis not stated anywhere in the paper for leaf tissue analysis (WARN-CHECK, see Extraction notes / REVIEW.md). Significance letters taken from Table 6's own Tukey groupings; Results-section prose (p.350-351) states an inverted significant/non-significant pairing for this analyte relative to this table -- see WARN-MATERIAL in trials.csv Experimental Remarks and the paper's Extraction notes."
pinedapinedaYieldTwoCultivars2018,pinedapinedaYieldTwoCultivars2018-T3,HYD,mineral,Potassium (K),4.95,NR,%,b,"Table 6, p.351 (second growing cycle only)","Fresh vs dry weight basis not stated anywhere in the paper for leaf tissue analysis (WARN-CHECK, see Extraction notes / REVIEW.md). Significance letters taken from Table 6's own Tukey groupings; Results-section prose (p.350-351) states an inverted significant/non-significant pairing for this analyte relative to this table -- see WARN-MATERIAL in trials.csv Experimental Remarks and the paper's Extraction notes."
pinedapinedaYieldTwoCultivars2018,pinedapinedaYieldTwoCultivars2018-T3,AP,mineral,Iron (Fe),404.5,NR,mg/kg,a,"Table 6, p.351 (second growing cycle only)","Fresh vs dry weight basis not stated anywhere in the paper for leaf tissue analysis (WARN-CHECK, see Extraction notes / REVIEW.md). Significance letters taken from Table 6's own Tukey groupings; Results-section prose (p.350-351) states an inverted significant/non-significant pairing for this analyte relative to this table -- see WARN-MATERIAL in trials.csv Experimental Remarks and the paper's Extraction notes."
pinedapinedaYieldTwoCultivars2018,pinedapinedaYieldTwoCultivars2018-T3,HYD,mineral,Iron (Fe),345.25,NR,mg/kg,a,"Table 6, p.351 (second growing cycle only)","Fresh vs dry weight basis not stated anywhere in the paper for leaf tissue analysis (WARN-CHECK, see Extraction notes / REVIEW.md). Significance letters taken from Table 6's own Tukey groupings; Results-section prose (p.350-351) states an inverted significant/non-significant pairing for this analyte relative to this table -- see WARN-MATERIAL in trials.csv Experimental Remarks and the paper's Extraction notes."
pinedapinedaYieldTwoCultivars2018,pinedapinedaYieldTwoCultivars2018-T3,AP,mineral,Copper (Cu),27.75,NR,mg/kg,a,"Table 6, p.351 (second growing cycle only)","Fresh vs dry weight basis not stated anywhere in the paper for leaf tissue analysis (WARN-CHECK, see Extraction notes / REVIEW.md). Significance letters taken from Table 6's own Tukey groupings; Results-section prose (p.350-351) states an inverted significant/non-significant pairing for this analyte relative to this table -- see WARN-MATERIAL in trials.csv Experimental Remarks and the paper's Extraction notes."
pinedapinedaYieldTwoCultivars2018,pinedapinedaYieldTwoCultivars2018-T3,HYD,mineral,Copper (Cu),23.75,NR,mg/kg,ab,"Table 6, p.351 (second growing cycle only)","Fresh vs dry weight basis not stated anywhere in the paper for leaf tissue analysis (WARN-CHECK, see Extraction notes / REVIEW.md). Significance letters taken from Table 6's own Tukey groupings; Results-section prose (p.350-351) states an inverted significant/non-significant pairing for this analyte relative to this table -- see WARN-MATERIAL in trials.csv Experimental Remarks and the paper's Extraction notes."
pinedapinedaYieldTwoCultivars2018,pinedapinedaYieldTwoCultivars2018-T3,AP,mineral,Zinc (Zn),104.88,NR,mg/kg,a,"Table 6, p.351 (second growing cycle only)","Fresh vs dry weight basis not stated anywhere in the paper for leaf tissue analysis (WARN-CHECK, see Extraction notes / REVIEW.md). Significance letters taken from Table 6's own Tukey groupings; Results-section prose (p.350-351) states an inverted significant/non-significant pairing for this analyte relative to this table -- see WARN-MATERIAL in trials.csv Experimental Remarks and the paper's Extraction notes."
pinedapinedaYieldTwoCultivars2018,pinedapinedaYieldTwoCultivars2018-T3,HYD,mineral,Zinc (Zn),68.5,NR,mg/kg,ab,"Table 6, p.351 (second growing cycle only)","Fresh vs dry weight basis not stated anywhere in the paper for leaf tissue analysis (WARN-CHECK, see Extraction notes / REVIEW.md). Significance letters taken from Table 6's own Tukey groupings; Results-section prose (p.350-351) states an inverted significant/non-significant pairing for this analyte relative to this table -- see WARN-MATERIAL in trials.csv Experimental Remarks and the paper's Extraction notes."
pinedapinedaYieldTwoCultivars2018,pinedapinedaYieldTwoCultivars2018-T3,AP,mineral,Manganese (Mn),300.25,NR,mg/kg,a,"Table 6, p.351 (second growing cycle only)","Fresh vs dry weight basis not stated anywhere in the paper for leaf tissue analysis (WARN-CHECK, see Extraction notes / REVIEW.md). Significance letters taken from Table 6's own Tukey groupings; Results-section prose (p.350-351) states an inverted significant/non-significant pairing for this analyte relative to this table -- see WARN-MATERIAL in trials.csv Experimental Remarks and the paper's Extraction notes. Optimal range cited by paper is 25-130 mg/kg (Mills and Jones 1996); 100%, 80% and HYD values exceed this upper bound; paper reports no visible toxicity symptoms (Howeler 1991) -- out-of-range value per SCHEMA.md"
pinedapinedaYieldTwoCultivars2018,pinedapinedaYieldTwoCultivars2018-T3,HYD,mineral,Manganese (Mn),323.25,NR,mg/kg,a,"Table 6, p.351 (second growing cycle only)","Fresh vs dry weight basis not stated anywhere in the paper for leaf tissue analysis (WARN-CHECK, see Extraction notes / REVIEW.md). Significance letters taken from Table 6's own Tukey groupings; Results-section prose (p.350-351) states an inverted significant/non-significant pairing for this analyte relative to this table -- see WARN-MATERIAL in trials.csv Experimental Remarks and the paper's Extraction notes. Optimal range cited by paper is 25-130 mg/kg (Mills and Jones 1996); 100%, 80% and HYD values exceed this upper bound; paper reports no visible toxicity symptoms (Howeler 1991) -- out-of-range value per SCHEMA.md"
prayogoGrowthPerformanceNutrient2021,prayogoGrowthPerformanceNutrient2021-T1,AP,proximate,Water content,97.70,0.91,%,ns,Table 2,
prayogoGrowthPerformanceNutrient2021,prayogoGrowthPerformanceNutrient2021-T1,HYD,proximate,Water content,91.68,0.16,%,ns,Table 2,
prayogoGrowthPerformanceNutrient2021,prayogoGrowthPerformanceNutrient2021-T1,AP,proximate,Crude protein,30.22,3.22,%,ns,Table 2,
prayogoGrowthPerformanceNutrient2021,prayogoGrowthPerformanceNutrient2021-T1,HYD,proximate,Crude protein,26.15,2.85,%,ns,Table 2,
prayogoGrowthPerformanceNutrient2021,prayogoGrowthPerformanceNutrient2021-T1,AP,proximate,Crude fat,0.40,0.13,%,ns,Table 2,
prayogoGrowthPerformanceNutrient2021,prayogoGrowthPerformanceNutrient2021-T1,HYD,proximate,Crude fat,0.37,0.18,%,ns,Table 2,
prayogoGrowthPerformanceNutrient2021,prayogoGrowthPerformanceNutrient2021-T1,AP,proximate,Energy content,3227.00,409.26,Joule/g,ns,Table 2,
prayogoGrowthPerformanceNutrient2021,prayogoGrowthPerformanceNutrient2021-T1,HYD,proximate,Energy content,2952.00,208.60,Joule/g,ns,Table 2,
prayogoGrowthPerformanceNutrient2021,prayogoGrowthPerformanceNutrient2021-T1,AP,proximate,Ash,1.40,0.19,%,ns,Table 2,
prayogoGrowthPerformanceNutrient2021,prayogoGrowthPerformanceNutrient2021-T1,HYD,proximate,Ash,1.56,0.32,%,ns,Table 2,
prayogoGrowthPerformanceNutrient2021,prayogoGrowthPerformanceNutrient2021-T1,AP,biochemistry,Antioxidant content,70.78,4.36,%,ns,Table 2,Measured per Miller et al. 2000 protocol; assay basis (e.g. DPPH/ABTS %inhibition) not further specified by the paper
prayogoGrowthPerformanceNutrient2021,prayogoGrowthPerformanceNutrient2021-T1,HYD,biochemistry,Antioxidant content,79.81,8.41,%,ns,Table 2,Measured per Miller et al. 2000 protocol; assay basis (e.g. DPPH/ABTS %inhibition) not further specified by the paper
quillereArtificialProductiveEcosystem1993,quillereArtificialProductiveEcosystem1993-T1,AP,mineral,N,3.4,NR,% dry matter,NR,"Table 2, p.26",Leaf blade at final harvest (Day 105); no SD/significance reported anywhere in this paper
quillereArtificialProductiveEcosystem1993,quillereArtificialProductiveEcosystem1993-T1,AP,mineral,K,2.3,NR,% dry matter,NR,"Table 2, p.26",Leaf blade at final harvest (Day 105)
quillereArtificialProductiveEcosystem1993,quillereArtificialProductiveEcosystem1993-T1,AP,mineral,Ca,7.1,NR,% dry matter,NR,"Table 2, p.26",Leaf blade at final harvest (Day 105)
quillereArtificialProductiveEcosystem1993,quillereArtificialProductiveEcosystem1993-T1,AP,mineral,Mg,0.7,NR,% dry matter,NR,"Table 2, p.26",Leaf blade at final harvest (Day 105)
quillereArtificialProductiveEcosystem1993,quillereArtificialProductiveEcosystem1993-T1,AP,mineral,P,1.1,NR,% dry matter,NR,"Table 2, p.26",Leaf blade at final harvest (Day 105)
quillereArtificialProductiveEcosystem1993,quillereArtificialProductiveEcosystem1993-T1,AP,mineral,N,2.7,NR,% dry matter,NR,"Table 2, p.26",Fruit at final harvest (Day 105)
quillereArtificialProductiveEcosystem1993,quillereArtificialProductiveEcosystem1993-T1,AP,mineral,K,4.4,NR,% dry matter,NR,"Table 2, p.26","Fruit at final harvest (Day 105); text (p.26) states this is ~90% of a literature reference value [secondary, cites Statistical Analysis Systems 1969 / Musard 1988]"
quillereArtificialProductiveEcosystem1993,quillereArtificialProductiveEcosystem1993-T1,AP,mineral,Ca,0.3,NR,% dry matter,NR,"Table 2, p.26",Fruit at final harvest (Day 105)
quillereArtificialProductiveEcosystem1993,quillereArtificialProductiveEcosystem1993-T1,AP,mineral,Mg,0.2,NR,% dry matter,NR,"Table 2, p.26",Fruit at final harvest (Day 105)
quillereArtificialProductiveEcosystem1993,quillereArtificialProductiveEcosystem1993-T1,AP,mineral,P,0.7,NR,% dry matter,NR,"Table 2, p.26","Fruit at final harvest (Day 105); text (p.26) states this is ~140% of a literature reference value [secondary, cites Statistical Analysis Systems 1969 / Musard 1988]"
quillereArtificialProductiveEcosystem1995,quillereArtificialProductiveEcosystem1995-T1,AP,mineral,N,0.13,NR,% F.W.,NR,"Table 5, p.28 (Tomatoes fruits, N %F.W.)","WARN-CHECK: value is unlabelled by period in Table 5 (unlike the non-edible-parts row below, which IS period-labelled); assigned to T1/spring-summer on the strength of a recomputation cross-check (221,000 g fruit F.W. x 0.0013 = 287.3 g N; + non-edible 657.6 g N = 944.9 g, vs Table 4's stated Vegetables N output of 949 g for spring-summer, within 0.4%). See paper note Extraction notes and trials.csv T1 Experimental Remarks for full detail. Added to REVIEW.md at batch/merge step. No SD given anywhere in the paper for this value (only Duncan-style N/A -- paper reports single figures, not means+/-SD, for Table 5)."
quillereArtificialProductiveEcosystem1995,quillereArtificialProductiveEcosystem1995-T1,AP,mineral,N,2.4,NR,% D.W.,NR,"Table 5, p.28 (Tomatoes non-edible parts, explicitly labelled '2nd period' = spring-summer)",Unambiguously period-labelled in the source table. Cross-check: see Value=0.13 row above (combined fruit+non-edible N recomputes to 944.9 g vs Table 4's 949 g). No SD given in paper.
quillereArtificialProductiveEcosystem1995,quillereArtificialProductiveEcosystem1995-T2,AP,mineral,N,0.21,NR,% F.W.,NR,"Table 5, p.28 (Lettuces heads, N %F.W.)","Unambiguous: lettuce was grown only in the winter period (T2) in this entire study, so no period-attribution ambiguity despite the table not explicitly labelling this cell. No SD given in paper."
quillereArtificialProductiveEcosystem1995,quillereArtificialProductiveEcosystem1995-T2,AP,mineral,N,5.1,NR,% D.W.,NR,"Table 5, p.28 (Lettuces non-edible parts)","Unambiguous, winter-only (see row above). Cross-check: 21,000 g heads F.W. x 0.0021 + 600 g non-edible D.W. x 0.051 = 44.1 + 30.6 = 74.7 g, vs Table 4's stated Vegetables N output of 78 g for winter (~4% gap, attributed to compounding rounding, not flagged as material). No SD given in paper."
ranawadeComparativeCultivationBiochemical2017,ranawadeComparativeCultivationBiochemical2017-T1,AP,proximate,Protein,2.9,NR,%,NR,Graph 2 p.1012; also stated in Abstract p.1007 and Results p.1012 (all sources agree),Folin-Lowry method (p.1010). Basis (fresh vs dry weight) not stated in the paper for any of the three biochemical analytes.
ranawadeComparativeCultivationBiochemical2017,ranawadeComparativeCultivationBiochemical2017-T1,AP,biochemistry,Carbohydrate,3.9,NR,%,NR,Graph 2 p.1012; also stated in Abstract p.1007 and Results p.1012 (all sources agree),"Measured via Anthrone method (glucose-equivalent colorimetric assay, p.1010) -- a soluble-carbohydrate/sugars-type assay, categorized here as biochemistry rather than proximate; Basis (fresh vs dry weight) not stated in the paper for any of the three biochemical analytes."
ranawadeComparativeCultivationBiochemical2017,ranawadeComparativeCultivationBiochemical2017-T1,AP,biochemistry,Total chlorophyll,0.06,NR,%,NR,Graph 2 p.1012; also stated in Abstract p.1007 and Results p.1012 (all sources agree),"Measured spectrophotometrically (A645/A663 absorbance, Arnon method formula, p.1010), not via SPAD meter. Basis (fresh vs dry weight) not stated in the paper for any of the three biochemical analytes."
ranawadeComparativeCultivationBiochemical2017,ranawadeComparativeCultivationBiochemical2017-T1,HYD,proximate,Protein,2.7,NR,%,NR,Graph 2 p.1012; also stated in Abstract p.1007 and Results p.1012 (all sources agree),Folin-Lowry method (p.1010). Basis (fresh vs dry weight) not stated in the paper for any of the three biochemical analytes.
ranawadeComparativeCultivationBiochemical2017,ranawadeComparativeCultivationBiochemical2017-T1,HYD,biochemistry,Carbohydrate,3.8,NR,%,NR,Graph 2 p.1012; also stated in Abstract p.1007 and Results p.1012 (all sources agree),"Measured via Anthrone method (glucose-equivalent colorimetric assay, p.1010) -- a soluble-carbohydrate/sugars-type assay, categorized here as biochemistry rather than proximate; Basis (fresh vs dry weight) not stated in the paper for any of the three biochemical analytes."
ranawadeComparativeCultivationBiochemical2017,ranawadeComparativeCultivationBiochemical2017-T1,HYD,biochemistry,Total chlorophyll,0.06,NR,%,NR,Graph 2 p.1012; also stated in Abstract p.1007 and Results p.1012 (all sources agree),"Measured spectrophotometrically (A645/A663 absorbance, Arnon method formula, p.1010), not via SPAD meter. Basis (fresh vs dry weight) not stated in the paper for any of the three biochemical analytes."
ranawadeComparativeCultivationBiochemical2017,ranawadeComparativeCultivationBiochemical2017-T1,Field,proximate,Protein,2.6,NR,%,NR,Graph 2 p.1012; also stated in Abstract p.1007 and Results p.1012 (all sources agree),Folin-Lowry method (p.1010). Basis (fresh vs dry weight) not stated in the paper for any of the three biochemical analytes. Field/traditional treatment is not an aquaponic or hydroponic arm and has no trials.csv row; included here for reference only.
ranawadeComparativeCultivationBiochemical2017,ranawadeComparativeCultivationBiochemical2017-T1,Field,biochemistry,Carbohydrate,3.8,NR,%,NR,Graph 2 p.1012; also stated in Abstract p.1007 and Results p.1012 (all sources agree),"Measured via Anthrone method (glucose-equivalent colorimetric assay, p.1010) -- a soluble-carbohydrate/sugars-type assay, categorized here as biochemistry rather than proximate; Basis (fresh vs dry weight) not stated in the paper for any of the three biochemical analytes. Field/traditional treatment is not an aquaponic or hydroponic arm and has no trials.csv row; included here for reference only."
ranawadeComparativeCultivationBiochemical2017,ranawadeComparativeCultivationBiochemical2017-T1,Field,biochemistry,Total chlorophyll,0.07,NR,%,NR,Graph 2 p.1012; also stated in Abstract p.1007 and Results p.1012 (all sources agree),"Measured spectrophotometrically (A645/A663 absorbance, Arnon method formula, p.1010), not via SPAD meter. Basis (fresh vs dry weight) not stated in the paper for any of the three biochemical analytes. Field/traditional treatment is not an aquaponic or hydroponic arm and has no trials.csv row; included here for reference only."
rodgersComplementaryNutrientsDecoupled2022,rodgersComplementaryNutrientsDecoupled2022-T1,AP,mineral,Nitrogen (N),NR,NR,% (basis unclear -- see Notes),ns,"Figure 4, Results 3.5, p.8-9","Treatment label in paper: DAP. No numeric value given anywhere in text or a table; per SCHEMA.md, values shown only in a bar chart (Figure 4) are never read off a figure. Measured via hot plate digestion + ICP-AES metals analysis (Fe/Mn/Zn/B/Cu/Mo) and C/N combustion analysis (N), pooled from 2-3 mature leaves per plant per treatment group (Methods 2.6). Basis (fresh vs dry weight) not explicitly stated in Methods 2.6 for this leaf-tissue sub-sample -- separate root/shoot biomass sub-sample IS explicitly oven-dried, but the pooled leaf-tissue sample sent for ICP-AES/combustion analysis is not stated as dried; [unclear], recorded without asserting a basis. Not significantly different among treatments (Results 3.5, p.9)"
rodgersComplementaryNutrientsDecoupled2022,rodgersComplementaryNutrientsDecoupled2022-T1,HYD,mineral,Nitrogen (N),NR,NR,% (basis unclear -- see Notes),ns,"Figure 4, Results 3.5, p.8-9","Treatment label in paper: CON. No numeric value given anywhere in text or a table; per SCHEMA.md, values shown only in a bar chart (Figure 4) are never read off a figure. Measured via hot plate digestion + ICP-AES metals analysis (Fe/Mn/Zn/B/Cu/Mo) and C/N combustion analysis (N), pooled from 2-3 mature leaves per plant per treatment group (Methods 2.6). Basis (fresh vs dry weight) not explicitly stated in Methods 2.6 for this leaf-tissue sub-sample -- separate root/shoot biomass sub-sample IS explicitly oven-dried, but the pooled leaf-tissue sample sent for ICP-AES/combustion analysis is not stated as dried; [unclear], recorded without asserting a basis. Not significantly different among treatments (Results 3.5, p.9)"
rodgersComplementaryNutrientsDecoupled2022,rodgersComplementaryNutrientsDecoupled2022-T1,AP,mineral,Phosphorus (P),NR,NR,% (basis unclear -- see Notes),ns,"Figure 4, Results 3.5, p.8-9","Treatment label in paper: DAP. No numeric value given anywhere in text or a table; per SCHEMA.md, values shown only in a bar chart (Figure 4) are never read off a figure. Measured via hot plate digestion + ICP-AES metals analysis (Fe/Mn/Zn/B/Cu/Mo) and C/N combustion analysis (N), pooled from 2-3 mature leaves per plant per treatment group (Methods 2.6). Basis (fresh vs dry weight) not explicitly stated in Methods 2.6 for this leaf-tissue sub-sample -- separate root/shoot biomass sub-sample IS explicitly oven-dried, but the pooled leaf-tissue sample sent for ICP-AES/combustion analysis is not stated as dried; [unclear], recorded without asserting a basis. Not significantly different among treatments (Results 3.5, p.9)"
rodgersComplementaryNutrientsDecoupled2022,rodgersComplementaryNutrientsDecoupled2022-T1,HYD,mineral,Phosphorus (P),NR,NR,% (basis unclear -- see Notes),ns,"Figure 4, Results 3.5, p.8-9","Treatment label in paper: CON. No numeric value given anywhere in text or a table; per SCHEMA.md, values shown only in a bar chart (Figure 4) are never read off a figure. Measured via hot plate digestion + ICP-AES metals analysis (Fe/Mn/Zn/B/Cu/Mo) and C/N combustion analysis (N), pooled from 2-3 mature leaves per plant per treatment group (Methods 2.6). Basis (fresh vs dry weight) not explicitly stated in Methods 2.6 for this leaf-tissue sub-sample -- separate root/shoot biomass sub-sample IS explicitly oven-dried, but the pooled leaf-tissue sample sent for ICP-AES/combustion analysis is not stated as dried; [unclear], recorded without asserting a basis. Not significantly different among treatments (Results 3.5, p.9)"
rodgersComplementaryNutrientsDecoupled2022,rodgersComplementaryNutrientsDecoupled2022-T1,AP,mineral,Potassium (K),NR,NR,% (basis unclear -- see Notes),ns,"Figure 4, Results 3.5, p.8-9","Treatment label in paper: DAP. No numeric value given anywhere in text or a table; per SCHEMA.md, values shown only in a bar chart (Figure 4) are never read off a figure. Measured via hot plate digestion + ICP-AES metals analysis (Fe/Mn/Zn/B/Cu/Mo) and C/N combustion analysis (N), pooled from 2-3 mature leaves per plant per treatment group (Methods 2.6). Basis (fresh vs dry weight) not explicitly stated in Methods 2.6 for this leaf-tissue sub-sample -- separate root/shoot biomass sub-sample IS explicitly oven-dried, but the pooled leaf-tissue sample sent for ICP-AES/combustion analysis is not stated as dried; [unclear], recorded without asserting a basis. Not significantly different among treatments (Results 3.5, p.9)"
rodgersComplementaryNutrientsDecoupled2022,rodgersComplementaryNutrientsDecoupled2022-T1,HYD,mineral,Potassium (K),NR,NR,% (basis unclear -- see Notes),ns,"Figure 4, Results 3.5, p.8-9","Treatment label in paper: CON. No numeric value given anywhere in text or a table; per SCHEMA.md, values shown only in a bar chart (Figure 4) are never read off a figure. Measured via hot plate digestion + ICP-AES metals analysis (Fe/Mn/Zn/B/Cu/Mo) and C/N combustion analysis (N), pooled from 2-3 mature leaves per plant per treatment group (Methods 2.6). Basis (fresh vs dry weight) not explicitly stated in Methods 2.6 for this leaf-tissue sub-sample -- separate root/shoot biomass sub-sample IS explicitly oven-dried, but the pooled leaf-tissue sample sent for ICP-AES/combustion analysis is not stated as dried; [unclear], recorded without asserting a basis. Not significantly different among treatments (Results 3.5, p.9)"
rodgersComplementaryNutrientsDecoupled2022,rodgersComplementaryNutrientsDecoupled2022-T1,AP,mineral,Calcium (Ca),NR,NR,% (basis unclear -- see Notes),ns,"Figure 4, Results 3.5, p.8-9","Treatment label in paper: DAP. No numeric value given anywhere in text or a table; per SCHEMA.md, values shown only in a bar chart (Figure 4) are never read off a figure. Measured via hot plate digestion + ICP-AES metals analysis (Fe/Mn/Zn/B/Cu/Mo) and C/N combustion analysis (N), pooled from 2-3 mature leaves per plant per treatment group (Methods 2.6). Basis (fresh vs dry weight) not explicitly stated in Methods 2.6 for this leaf-tissue sub-sample -- separate root/shoot biomass sub-sample IS explicitly oven-dried, but the pooled leaf-tissue sample sent for ICP-AES/combustion analysis is not stated as dried; [unclear], recorded without asserting a basis. Not significantly different among treatments (Results 3.5, p.9)"
rodgersComplementaryNutrientsDecoupled2022,rodgersComplementaryNutrientsDecoupled2022-T1,HYD,mineral,Calcium (Ca),NR,NR,% (basis unclear -- see Notes),ns,"Figure 4, Results 3.5, p.8-9","Treatment label in paper: CON. No numeric value given anywhere in text or a table; per SCHEMA.md, values shown only in a bar chart (Figure 4) are never read off a figure. Measured via hot plate digestion + ICP-AES metals analysis (Fe/Mn/Zn/B/Cu/Mo) and C/N combustion analysis (N), pooled from 2-3 mature leaves per plant per treatment group (Methods 2.6). Basis (fresh vs dry weight) not explicitly stated in Methods 2.6 for this leaf-tissue sub-sample -- separate root/shoot biomass sub-sample IS explicitly oven-dried, but the pooled leaf-tissue sample sent for ICP-AES/combustion analysis is not stated as dried; [unclear], recorded without asserting a basis. Not significantly different among treatments (Results 3.5, p.9)"
rodgersComplementaryNutrientsDecoupled2022,rodgersComplementaryNutrientsDecoupled2022-T1,AP,mineral,Magnesium (Mg),NR,NR,% (basis unclear -- see Notes),p<0.05,"Figure 4, Results 3.5, p.8-9","Treatment label in paper: DAP. No numeric value given anywhere in text or a table; per SCHEMA.md, values shown only in a bar chart (Figure 4) are never read off a figure. Measured via hot plate digestion + ICP-AES metals analysis (Fe/Mn/Zn/B/Cu/Mo) and C/N combustion analysis (N), pooled from 2-3 mature leaves per plant per treatment group (Methods 2.6). Basis (fresh vs dry weight) not explicitly stated in Methods 2.6 for this leaf-tissue sub-sample -- separate root/shoot biomass sub-sample IS explicitly oven-dried, but the pooled leaf-tissue sample sent for ICP-AES/combustion analysis is not stated as dried; [unclear], recorded without asserting a basis. Lower in DAP+ than DAP; CON not significantly different from either (Results 3.5, p.9)"
rodgersComplementaryNutrientsDecoupled2022,rodgersComplementaryNutrientsDecoupled2022-T1,HYD,mineral,Magnesium (Mg),NR,NR,% (basis unclear -- see Notes),p<0.05,"Figure 4, Results 3.5, p.8-9","Treatment label in paper: CON. No numeric value given anywhere in text or a table; per SCHEMA.md, values shown only in a bar chart (Figure 4) are never read off a figure. Measured via hot plate digestion + ICP-AES metals analysis (Fe/Mn/Zn/B/Cu/Mo) and C/N combustion analysis (N), pooled from 2-3 mature leaves per plant per treatment group (Methods 2.6). Basis (fresh vs dry weight) not explicitly stated in Methods 2.6 for this leaf-tissue sub-sample -- separate root/shoot biomass sub-sample IS explicitly oven-dried, but the pooled leaf-tissue sample sent for ICP-AES/combustion analysis is not stated as dried; [unclear], recorded without asserting a basis. Lower in DAP+ than DAP; CON not significantly different from either (Results 3.5, p.9)"
rodgersComplementaryNutrientsDecoupled2022,rodgersComplementaryNutrientsDecoupled2022-T1,AP,mineral,Sulfur (S),NR,NR,% (basis unclear -- see Notes),ns,"Figure 4, Results 3.5, p.8-9","Treatment label in paper: DAP. No numeric value given anywhere in text or a table; per SCHEMA.md, values shown only in a bar chart (Figure 4) are never read off a figure. Measured via hot plate digestion + ICP-AES metals analysis (Fe/Mn/Zn/B/Cu/Mo) and C/N combustion analysis (N), pooled from 2-3 mature leaves per plant per treatment group (Methods 2.6). Basis (fresh vs dry weight) not explicitly stated in Methods 2.6 for this leaf-tissue sub-sample -- separate root/shoot biomass sub-sample IS explicitly oven-dried, but the pooled leaf-tissue sample sent for ICP-AES/combustion analysis is not stated as dried; [unclear], recorded without asserting a basis. Not significantly different among treatments (Results 3.5, p.9)"
rodgersComplementaryNutrientsDecoupled2022,rodgersComplementaryNutrientsDecoupled2022-T1,HYD,mineral,Sulfur (S),NR,NR,% (basis unclear -- see Notes),ns,"Figure 4, Results 3.5, p.8-9","Treatment label in paper: CON. No numeric value given anywhere in text or a table; per SCHEMA.md, values shown only in a bar chart (Figure 4) are never read off a figure. Measured via hot plate digestion + ICP-AES metals analysis (Fe/Mn/Zn/B/Cu/Mo) and C/N combustion analysis (N), pooled from 2-3 mature leaves per plant per treatment group (Methods 2.6). Basis (fresh vs dry weight) not explicitly stated in Methods 2.6 for this leaf-tissue sub-sample -- separate root/shoot biomass sub-sample IS explicitly oven-dried, but the pooled leaf-tissue sample sent for ICP-AES/combustion analysis is not stated as dried; [unclear], recorded without asserting a basis. Not significantly different among treatments (Results 3.5, p.9)"
rodgersComplementaryNutrientsDecoupled2022,rodgersComplementaryNutrientsDecoupled2022-T1,AP,mineral,Iron (Fe),NR,NR,mg/kg (basis unclear -- see Notes),ns,"Figure 4, Results 3.5, p.8-9","Treatment label in paper: DAP. No numeric value given anywhere in text or a table; per SCHEMA.md, values shown only in a bar chart (Figure 4) are never read off a figure. Measured via hot plate digestion + ICP-AES metals analysis (Fe/Mn/Zn/B/Cu/Mo) and C/N combustion analysis (N), pooled from 2-3 mature leaves per plant per treatment group (Methods 2.6). Basis (fresh vs dry weight) not explicitly stated in Methods 2.6 for this leaf-tissue sub-sample -- separate root/shoot biomass sub-sample IS explicitly oven-dried, but the pooled leaf-tissue sample sent for ICP-AES/combustion analysis is not stated as dried; [unclear], recorded without asserting a basis. Not significantly different among treatments (Results 3.5, p.9)"
rodgersComplementaryNutrientsDecoupled2022,rodgersComplementaryNutrientsDecoupled2022-T1,HYD,mineral,Iron (Fe),NR,NR,mg/kg (basis unclear -- see Notes),ns,"Figure 4, Results 3.5, p.8-9","Treatment label in paper: CON. No numeric value given anywhere in text or a table; per SCHEMA.md, values shown only in a bar chart (Figure 4) are never read off a figure. Measured via hot plate digestion + ICP-AES metals analysis (Fe/Mn/Zn/B/Cu/Mo) and C/N combustion analysis (N), pooled from 2-3 mature leaves per plant per treatment group (Methods 2.6). Basis (fresh vs dry weight) not explicitly stated in Methods 2.6 for this leaf-tissue sub-sample -- separate root/shoot biomass sub-sample IS explicitly oven-dried, but the pooled leaf-tissue sample sent for ICP-AES/combustion analysis is not stated as dried; [unclear], recorded without asserting a basis. Not significantly different among treatments (Results 3.5, p.9)"
rodgersComplementaryNutrientsDecoupled2022,rodgersComplementaryNutrientsDecoupled2022-T1,AP,mineral,Manganese (Mn),NR,NR,mg/kg (basis unclear -- see Notes),p<0.05,"Figure 4, Results 3.5, p.8-9","Treatment label in paper: DAP. No numeric value given anywhere in text or a table; per SCHEMA.md, values shown only in a bar chart (Figure 4) are never read off a figure. Measured via hot plate digestion + ICP-AES metals analysis (Fe/Mn/Zn/B/Cu/Mo) and C/N combustion analysis (N), pooled from 2-3 mature leaves per plant per treatment group (Methods 2.6). Basis (fresh vs dry weight) not explicitly stated in Methods 2.6 for this leaf-tissue sub-sample -- separate root/shoot biomass sub-sample IS explicitly oven-dried, but the pooled leaf-tissue sample sent for ICP-AES/combustion analysis is not stated as dried; [unclear], recorded without asserting a basis. DAP+ not different from CON; both higher than DAP (Results 3.5, p.9)"
rodgersComplementaryNutrientsDecoupled2022,rodgersComplementaryNutrientsDecoupled2022-T1,HYD,mineral,Manganese (Mn),NR,NR,mg/kg (basis unclear -- see Notes),p<0.05,"Figure 4, Results 3.5, p.8-9","Treatment label in paper: CON. No numeric value given anywhere in text or a table; per SCHEMA.md, values shown only in a bar chart (Figure 4) are never read off a figure. Measured via hot plate digestion + ICP-AES metals analysis (Fe/Mn/Zn/B/Cu/Mo) and C/N combustion analysis (N), pooled from 2-3 mature leaves per plant per treatment group (Methods 2.6). Basis (fresh vs dry weight) not explicitly stated in Methods 2.6 for this leaf-tissue sub-sample -- separate root/shoot biomass sub-sample IS explicitly oven-dried, but the pooled leaf-tissue sample sent for ICP-AES/combustion analysis is not stated as dried; [unclear], recorded without asserting a basis. DAP+ not different from CON; both higher than DAP (Results 3.5, p.9)"
rodgersComplementaryNutrientsDecoupled2022,rodgersComplementaryNutrientsDecoupled2022-T1,AP,mineral,Zinc (Zn),NR,NR,mg/kg (basis unclear -- see Notes),ns,"Figure 4, Results 3.5, p.8-9","Treatment label in paper: DAP. No numeric value given anywhere in text or a table; per SCHEMA.md, values shown only in a bar chart (Figure 4) are never read off a figure. Measured via hot plate digestion + ICP-AES metals analysis (Fe/Mn/Zn/B/Cu/Mo) and C/N combustion analysis (N), pooled from 2-3 mature leaves per plant per treatment group (Methods 2.6). Basis (fresh vs dry weight) not explicitly stated in Methods 2.6 for this leaf-tissue sub-sample -- separate root/shoot biomass sub-sample IS explicitly oven-dried, but the pooled leaf-tissue sample sent for ICP-AES/combustion analysis is not stated as dried; [unclear], recorded without asserting a basis. Not significantly different among treatments (Results 3.5, p.9)"
rodgersComplementaryNutrientsDecoupled2022,rodgersComplementaryNutrientsDecoupled2022-T1,HYD,mineral,Zinc (Zn),NR,NR,mg/kg (basis unclear -- see Notes),ns,"Figure 4, Results 3.5, p.8-9","Treatment label in paper: CON. No numeric value given anywhere in text or a table; per SCHEMA.md, values shown only in a bar chart (Figure 4) are never read off a figure. Measured via hot plate digestion + ICP-AES metals analysis (Fe/Mn/Zn/B/Cu/Mo) and C/N combustion analysis (N), pooled from 2-3 mature leaves per plant per treatment group (Methods 2.6). Basis (fresh vs dry weight) not explicitly stated in Methods 2.6 for this leaf-tissue sub-sample -- separate root/shoot biomass sub-sample IS explicitly oven-dried, but the pooled leaf-tissue sample sent for ICP-AES/combustion analysis is not stated as dried; [unclear], recorded without asserting a basis. Not significantly different among treatments (Results 3.5, p.9)"
rodgersComplementaryNutrientsDecoupled2022,rodgersComplementaryNutrientsDecoupled2022-T1,AP,mineral,Boron (B),NR,NR,mg/kg (basis unclear -- see Notes),p<0.05,"Figure 4, Results 3.5, p.8-9","Treatment label in paper: DAP. No numeric value given anywhere in text or a table; per SCHEMA.md, values shown only in a bar chart (Figure 4) are never read off a figure. Measured via hot plate digestion + ICP-AES metals analysis (Fe/Mn/Zn/B/Cu/Mo) and C/N combustion analysis (N), pooled from 2-3 mature leaves per plant per treatment group (Methods 2.6). Basis (fresh vs dry weight) not explicitly stated in Methods 2.6 for this leaf-tissue sub-sample -- separate root/shoot biomass sub-sample IS explicitly oven-dried, but the pooled leaf-tissue sample sent for ICP-AES/combustion analysis is not stated as dried; [unclear], recorded without asserting a basis. Lower in DAP+ than DAP; CON not significantly different from either (Results 3.5, p.9)"
rodgersComplementaryNutrientsDecoupled2022,rodgersComplementaryNutrientsDecoupled2022-T1,HYD,mineral,Boron (B),NR,NR,mg/kg (basis unclear -- see Notes),p<0.05,"Figure 4, Results 3.5, p.8-9","Treatment label in paper: CON. No numeric value given anywhere in text or a table; per SCHEMA.md, values shown only in a bar chart (Figure 4) are never read off a figure. Measured via hot plate digestion + ICP-AES metals analysis (Fe/Mn/Zn/B/Cu/Mo) and C/N combustion analysis (N), pooled from 2-3 mature leaves per plant per treatment group (Methods 2.6). Basis (fresh vs dry weight) not explicitly stated in Methods 2.6 for this leaf-tissue sub-sample -- separate root/shoot biomass sub-sample IS explicitly oven-dried, but the pooled leaf-tissue sample sent for ICP-AES/combustion analysis is not stated as dried; [unclear], recorded without asserting a basis. Lower in DAP+ than DAP; CON not significantly different from either (Results 3.5, p.9)"
rodgersComplementaryNutrientsDecoupled2022,rodgersComplementaryNutrientsDecoupled2022-T1,AP,mineral,Copper (Cu),NR,NR,mg/kg (basis unclear -- see Notes),ns,"Figure 4, Results 3.5, p.8-9","Treatment label in paper: DAP. No numeric value given anywhere in text or a table; per SCHEMA.md, values shown only in a bar chart (Figure 4) are never read off a figure. Measured via hot plate digestion + ICP-AES metals analysis (Fe/Mn/Zn/B/Cu/Mo) and C/N combustion analysis (N), pooled from 2-3 mature leaves per plant per treatment group (Methods 2.6). Basis (fresh vs dry weight) not explicitly stated in Methods 2.6 for this leaf-tissue sub-sample -- separate root/shoot biomass sub-sample IS explicitly oven-dried, but the pooled leaf-tissue sample sent for ICP-AES/combustion analysis is not stated as dried; [unclear], recorded without asserting a basis. Not significantly different among treatments (Results 3.5, p.9)"
rodgersComplementaryNutrientsDecoupled2022,rodgersComplementaryNutrientsDecoupled2022-T1,HYD,mineral,Copper (Cu),NR,NR,mg/kg (basis unclear -- see Notes),ns,"Figure 4, Results 3.5, p.8-9","Treatment label in paper: CON. No numeric value given anywhere in text or a table; per SCHEMA.md, values shown only in a bar chart (Figure 4) are never read off a figure. Measured via hot plate digestion + ICP-AES metals analysis (Fe/Mn/Zn/B/Cu/Mo) and C/N combustion analysis (N), pooled from 2-3 mature leaves per plant per treatment group (Methods 2.6). Basis (fresh vs dry weight) not explicitly stated in Methods 2.6 for this leaf-tissue sub-sample -- separate root/shoot biomass sub-sample IS explicitly oven-dried, but the pooled leaf-tissue sample sent for ICP-AES/combustion analysis is not stated as dried; [unclear], recorded without asserting a basis. Not significantly different among treatments (Results 3.5, p.9)"
rodgersComplementaryNutrientsDecoupled2022,rodgersComplementaryNutrientsDecoupled2022-T1,AP,mineral,Molybdenum (Mo),NR,NR,mg/kg (basis unclear -- see Notes),ns,"Figure 4, Results 3.5, p.8-9","Treatment label in paper: DAP. No numeric value given anywhere in text or a table; per SCHEMA.md, values shown only in a bar chart (Figure 4) are never read off a figure. Measured via hot plate digestion + ICP-AES metals analysis (Fe/Mn/Zn/B/Cu/Mo) and C/N combustion analysis (N), pooled from 2-3 mature leaves per plant per treatment group (Methods 2.6). Basis (fresh vs dry weight) not explicitly stated in Methods 2.6 for this leaf-tissue sub-sample -- separate root/shoot biomass sub-sample IS explicitly oven-dried, but the pooled leaf-tissue sample sent for ICP-AES/combustion analysis is not stated as dried; [unclear], recorded without asserting a basis. Not significantly different among treatments (Results 3.5, p.9)"
rodgersComplementaryNutrientsDecoupled2022,rodgersComplementaryNutrientsDecoupled2022-T1,HYD,mineral,Molybdenum (Mo),NR,NR,mg/kg (basis unclear -- see Notes),ns,"Figure 4, Results 3.5, p.8-9","Treatment label in paper: CON. No numeric value given anywhere in text or a table; per SCHEMA.md, values shown only in a bar chart (Figure 4) are never read off a figure. Measured via hot plate digestion + ICP-AES metals analysis (Fe/Mn/Zn/B/Cu/Mo) and C/N combustion analysis (N), pooled from 2-3 mature leaves per plant per treatment group (Methods 2.6). Basis (fresh vs dry weight) not explicitly stated in Methods 2.6 for this leaf-tissue sub-sample -- separate root/shoot biomass sub-sample IS explicitly oven-dried, but the pooled leaf-tissue sample sent for ICP-AES/combustion analysis is not stated as dried; [unclear], recorded without asserting a basis. Not significantly different among treatments (Results 3.5, p.9)"
rodgersComplementaryNutrientsDecoupled2022,rodgersComplementaryNutrientsDecoupled2022-T2,AP,mineral,Nitrogen (N),NR,NR,% (basis unclear -- see Notes),ns,"Figure 4, Results 3.5, p.8-9","Treatment label in paper: DAP+. No numeric value given anywhere in text or a table; per SCHEMA.md, values shown only in a bar chart (Figure 4) are never read off a figure. Measured via hot plate digestion + ICP-AES metals analysis (Fe/Mn/Zn/B/Cu/Mo) and C/N combustion analysis (N), pooled from 2-3 mature leaves per plant per treatment group (Methods 2.6). Basis (fresh vs dry weight) not explicitly stated in Methods 2.6 for this leaf-tissue sub-sample -- separate root/shoot biomass sub-sample IS explicitly oven-dried, but the pooled leaf-tissue sample sent for ICP-AES/combustion analysis is not stated as dried; [unclear], recorded without asserting a basis. Not significantly different among treatments (Results 3.5, p.9)"
rodgersComplementaryNutrientsDecoupled2022,rodgersComplementaryNutrientsDecoupled2022-T2,HYD,mineral,Nitrogen (N),NR,NR,% (basis unclear -- see Notes),ns,"Figure 4, Results 3.5, p.8-9","Treatment label in paper: CON. No numeric value given anywhere in text or a table; per SCHEMA.md, values shown only in a bar chart (Figure 4) are never read off a figure. Measured via hot plate digestion + ICP-AES metals analysis (Fe/Mn/Zn/B/Cu/Mo) and C/N combustion analysis (N), pooled from 2-3 mature leaves per plant per treatment group (Methods 2.6). Basis (fresh vs dry weight) not explicitly stated in Methods 2.6 for this leaf-tissue sub-sample -- separate root/shoot biomass sub-sample IS explicitly oven-dried, but the pooled leaf-tissue sample sent for ICP-AES/combustion analysis is not stated as dried; [unclear], recorded without asserting a basis. Not significantly different among treatments (Results 3.5, p.9)"
rodgersComplementaryNutrientsDecoupled2022,rodgersComplementaryNutrientsDecoupled2022-T2,AP,mineral,Phosphorus (P),NR,NR,% (basis unclear -- see Notes),ns,"Figure 4, Results 3.5, p.8-9","Treatment label in paper: DAP+. No numeric value given anywhere in text or a table; per SCHEMA.md, values shown only in a bar chart (Figure 4) are never read off a figure. Measured via hot plate digestion + ICP-AES metals analysis (Fe/Mn/Zn/B/Cu/Mo) and C/N combustion analysis (N), pooled from 2-3 mature leaves per plant per treatment group (Methods 2.6). Basis (fresh vs dry weight) not explicitly stated in Methods 2.6 for this leaf-tissue sub-sample -- separate root/shoot biomass sub-sample IS explicitly oven-dried, but the pooled leaf-tissue sample sent for ICP-AES/combustion analysis is not stated as dried; [unclear], recorded without asserting a basis. Not significantly different among treatments (Results 3.5, p.9)"
rodgersComplementaryNutrientsDecoupled2022,rodgersComplementaryNutrientsDecoupled2022-T2,HYD,mineral,Phosphorus (P),NR,NR,% (basis unclear -- see Notes),ns,"Figure 4, Results 3.5, p.8-9","Treatment label in paper: CON. No numeric value given anywhere in text or a table; per SCHEMA.md, values shown only in a bar chart (Figure 4) are never read off a figure. Measured via hot plate digestion + ICP-AES metals analysis (Fe/Mn/Zn/B/Cu/Mo) and C/N combustion analysis (N), pooled from 2-3 mature leaves per plant per treatment group (Methods 2.6). Basis (fresh vs dry weight) not explicitly stated in Methods 2.6 for this leaf-tissue sub-sample -- separate root/shoot biomass sub-sample IS explicitly oven-dried, but the pooled leaf-tissue sample sent for ICP-AES/combustion analysis is not stated as dried; [unclear], recorded without asserting a basis. Not significantly different among treatments (Results 3.5, p.9)"
rodgersComplementaryNutrientsDecoupled2022,rodgersComplementaryNutrientsDecoupled2022-T2,AP,mineral,Potassium (K),NR,NR,% (basis unclear -- see Notes),ns,"Figure 4, Results 3.5, p.8-9","Treatment label in paper: DAP+. No numeric value given anywhere in text or a table; per SCHEMA.md, values shown only in a bar chart (Figure 4) are never read off a figure. Measured via hot plate digestion + ICP-AES metals analysis (Fe/Mn/Zn/B/Cu/Mo) and C/N combustion analysis (N), pooled from 2-3 mature leaves per plant per treatment group (Methods 2.6). Basis (fresh vs dry weight) not explicitly stated in Methods 2.6 for this leaf-tissue sub-sample -- separate root/shoot biomass sub-sample IS explicitly oven-dried, but the pooled leaf-tissue sample sent for ICP-AES/combustion analysis is not stated as dried; [unclear], recorded without asserting a basis. Not significantly different among treatments (Results 3.5, p.9)"
rodgersComplementaryNutrientsDecoupled2022,rodgersComplementaryNutrientsDecoupled2022-T2,HYD,mineral,Potassium (K),NR,NR,% (basis unclear -- see Notes),ns,"Figure 4, Results 3.5, p.8-9","Treatment label in paper: CON. No numeric value given anywhere in text or a table; per SCHEMA.md, values shown only in a bar chart (Figure 4) are never read off a figure. Measured via hot plate digestion + ICP-AES metals analysis (Fe/Mn/Zn/B/Cu/Mo) and C/N combustion analysis (N), pooled from 2-3 mature leaves per plant per treatment group (Methods 2.6). Basis (fresh vs dry weight) not explicitly stated in Methods 2.6 for this leaf-tissue sub-sample -- separate root/shoot biomass sub-sample IS explicitly oven-dried, but the pooled leaf-tissue sample sent for ICP-AES/combustion analysis is not stated as dried; [unclear], recorded without asserting a basis. Not significantly different among treatments (Results 3.5, p.9)"
rodgersComplementaryNutrientsDecoupled2022,rodgersComplementaryNutrientsDecoupled2022-T2,AP,mineral,Calcium (Ca),NR,NR,% (basis unclear -- see Notes),ns,"Figure 4, Results 3.5, p.8-9","Treatment label in paper: DAP+. No numeric value given anywhere in text or a table; per SCHEMA.md, values shown only in a bar chart (Figure 4) are never read off a figure. Measured via hot plate digestion + ICP-AES metals analysis (Fe/Mn/Zn/B/Cu/Mo) and C/N combustion analysis (N), pooled from 2-3 mature leaves per plant per treatment group (Methods 2.6). Basis (fresh vs dry weight) not explicitly stated in Methods 2.6 for this leaf-tissue sub-sample -- separate root/shoot biomass sub-sample IS explicitly oven-dried, but the pooled leaf-tissue sample sent for ICP-AES/combustion analysis is not stated as dried; [unclear], recorded without asserting a basis. Not significantly different among treatments (Results 3.5, p.9)"
rodgersComplementaryNutrientsDecoupled2022,rodgersComplementaryNutrientsDecoupled2022-T2,HYD,mineral,Calcium (Ca),NR,NR,% (basis unclear -- see Notes),ns,"Figure 4, Results 3.5, p.8-9","Treatment label in paper: CON. No numeric value given anywhere in text or a table; per SCHEMA.md, values shown only in a bar chart (Figure 4) are never read off a figure. Measured via hot plate digestion + ICP-AES metals analysis (Fe/Mn/Zn/B/Cu/Mo) and C/N combustion analysis (N), pooled from 2-3 mature leaves per plant per treatment group (Methods 2.6). Basis (fresh vs dry weight) not explicitly stated in Methods 2.6 for this leaf-tissue sub-sample -- separate root/shoot biomass sub-sample IS explicitly oven-dried, but the pooled leaf-tissue sample sent for ICP-AES/combustion analysis is not stated as dried; [unclear], recorded without asserting a basis. Not significantly different among treatments (Results 3.5, p.9)"
rodgersComplementaryNutrientsDecoupled2022,rodgersComplementaryNutrientsDecoupled2022-T2,AP,mineral,Magnesium (Mg),NR,NR,% (basis unclear -- see Notes),p<0.05,"Figure 4, Results 3.5, p.8-9","Treatment label in paper: DAP+. No numeric value given anywhere in text or a table; per SCHEMA.md, values shown only in a bar chart (Figure 4) are never read off a figure. Measured via hot plate digestion + ICP-AES metals analysis (Fe/Mn/Zn/B/Cu/Mo) and C/N combustion analysis (N), pooled from 2-3 mature leaves per plant per treatment group (Methods 2.6). Basis (fresh vs dry weight) not explicitly stated in Methods 2.6 for this leaf-tissue sub-sample -- separate root/shoot biomass sub-sample IS explicitly oven-dried, but the pooled leaf-tissue sample sent for ICP-AES/combustion analysis is not stated as dried; [unclear], recorded without asserting a basis. Lower in DAP+ than DAP; CON not significantly different from either (Results 3.5, p.9)"
rodgersComplementaryNutrientsDecoupled2022,rodgersComplementaryNutrientsDecoupled2022-T2,HYD,mineral,Magnesium (Mg),NR,NR,% (basis unclear -- see Notes),p<0.05,"Figure 4, Results 3.5, p.8-9","Treatment label in paper: CON. No numeric value given anywhere in text or a table; per SCHEMA.md, values shown only in a bar chart (Figure 4) are never read off a figure. Measured via hot plate digestion + ICP-AES metals analysis (Fe/Mn/Zn/B/Cu/Mo) and C/N combustion analysis (N), pooled from 2-3 mature leaves per plant per treatment group (Methods 2.6). Basis (fresh vs dry weight) not explicitly stated in Methods 2.6 for this leaf-tissue sub-sample -- separate root/shoot biomass sub-sample IS explicitly oven-dried, but the pooled leaf-tissue sample sent for ICP-AES/combustion analysis is not stated as dried; [unclear], recorded without asserting a basis. Lower in DAP+ than DAP; CON not significantly different from either (Results 3.5, p.9)"
rodgersComplementaryNutrientsDecoupled2022,rodgersComplementaryNutrientsDecoupled2022-T2,AP,mineral,Sulfur (S),NR,NR,% (basis unclear -- see Notes),ns,"Figure 4, Results 3.5, p.8-9","Treatment label in paper: DAP+. No numeric value given anywhere in text or a table; per SCHEMA.md, values shown only in a bar chart (Figure 4) are never read off a figure. Measured via hot plate digestion + ICP-AES metals analysis (Fe/Mn/Zn/B/Cu/Mo) and C/N combustion analysis (N), pooled from 2-3 mature leaves per plant per treatment group (Methods 2.6). Basis (fresh vs dry weight) not explicitly stated in Methods 2.6 for this leaf-tissue sub-sample -- separate root/shoot biomass sub-sample IS explicitly oven-dried, but the pooled leaf-tissue sample sent for ICP-AES/combustion analysis is not stated as dried; [unclear], recorded without asserting a basis. Not significantly different among treatments (Results 3.5, p.9)"
rodgersComplementaryNutrientsDecoupled2022,rodgersComplementaryNutrientsDecoupled2022-T2,HYD,mineral,Sulfur (S),NR,NR,% (basis unclear -- see Notes),ns,"Figure 4, Results 3.5, p.8-9","Treatment label in paper: CON. No numeric value given anywhere in text or a table; per SCHEMA.md, values shown only in a bar chart (Figure 4) are never read off a figure. Measured via hot plate digestion + ICP-AES metals analysis (Fe/Mn/Zn/B/Cu/Mo) and C/N combustion analysis (N), pooled from 2-3 mature leaves per plant per treatment group (Methods 2.6). Basis (fresh vs dry weight) not explicitly stated in Methods 2.6 for this leaf-tissue sub-sample -- separate root/shoot biomass sub-sample IS explicitly oven-dried, but the pooled leaf-tissue sample sent for ICP-AES/combustion analysis is not stated as dried; [unclear], recorded without asserting a basis. Not significantly different among treatments (Results 3.5, p.9)"
rodgersComplementaryNutrientsDecoupled2022,rodgersComplementaryNutrientsDecoupled2022-T2,AP,mineral,Iron (Fe),NR,NR,mg/kg (basis unclear -- see Notes),ns,"Figure 4, Results 3.5, p.8-9","Treatment label in paper: DAP+. No numeric value given anywhere in text or a table; per SCHEMA.md, values shown only in a bar chart (Figure 4) are never read off a figure. Measured via hot plate digestion + ICP-AES metals analysis (Fe/Mn/Zn/B/Cu/Mo) and C/N combustion analysis (N), pooled from 2-3 mature leaves per plant per treatment group (Methods 2.6). Basis (fresh vs dry weight) not explicitly stated in Methods 2.6 for this leaf-tissue sub-sample -- separate root/shoot biomass sub-sample IS explicitly oven-dried, but the pooled leaf-tissue sample sent for ICP-AES/combustion analysis is not stated as dried; [unclear], recorded without asserting a basis. Not significantly different among treatments (Results 3.5, p.9)"
rodgersComplementaryNutrientsDecoupled2022,rodgersComplementaryNutrientsDecoupled2022-T2,HYD,mineral,Iron (Fe),NR,NR,mg/kg (basis unclear -- see Notes),ns,"Figure 4, Results 3.5, p.8-9","Treatment label in paper: CON. No numeric value given anywhere in text or a table; per SCHEMA.md, values shown only in a bar chart (Figure 4) are never read off a figure. Measured via hot plate digestion + ICP-AES metals analysis (Fe/Mn/Zn/B/Cu/Mo) and C/N combustion analysis (N), pooled from 2-3 mature leaves per plant per treatment group (Methods 2.6). Basis (fresh vs dry weight) not explicitly stated in Methods 2.6 for this leaf-tissue sub-sample -- separate root/shoot biomass sub-sample IS explicitly oven-dried, but the pooled leaf-tissue sample sent for ICP-AES/combustion analysis is not stated as dried; [unclear], recorded without asserting a basis. Not significantly different among treatments (Results 3.5, p.9)"
rodgersComplementaryNutrientsDecoupled2022,rodgersComplementaryNutrientsDecoupled2022-T2,AP,mineral,Manganese (Mn),NR,NR,mg/kg (basis unclear -- see Notes),p<0.05,"Figure 4, Results 3.5, p.8-9","Treatment label in paper: DAP+. No numeric value given anywhere in text or a table; per SCHEMA.md, values shown only in a bar chart (Figure 4) are never read off a figure. Measured via hot plate digestion + ICP-AES metals analysis (Fe/Mn/Zn/B/Cu/Mo) and C/N combustion analysis (N), pooled from 2-3 mature leaves per plant per treatment group (Methods 2.6). Basis (fresh vs dry weight) not explicitly stated in Methods 2.6 for this leaf-tissue sub-sample -- separate root/shoot biomass sub-sample IS explicitly oven-dried, but the pooled leaf-tissue sample sent for ICP-AES/combustion analysis is not stated as dried; [unclear], recorded without asserting a basis. DAP+ not different from CON; both higher than DAP (Results 3.5, p.9)"
rodgersComplementaryNutrientsDecoupled2022,rodgersComplementaryNutrientsDecoupled2022-T2,HYD,mineral,Manganese (Mn),NR,NR,mg/kg (basis unclear -- see Notes),p<0.05,"Figure 4, Results 3.5, p.8-9","Treatment label in paper: CON. No numeric value given anywhere in text or a table; per SCHEMA.md, values shown only in a bar chart (Figure 4) are never read off a figure. Measured via hot plate digestion + ICP-AES metals analysis (Fe/Mn/Zn/B/Cu/Mo) and C/N combustion analysis (N), pooled from 2-3 mature leaves per plant per treatment group (Methods 2.6). Basis (fresh vs dry weight) not explicitly stated in Methods 2.6 for this leaf-tissue sub-sample -- separate root/shoot biomass sub-sample IS explicitly oven-dried, but the pooled leaf-tissue sample sent for ICP-AES/combustion analysis is not stated as dried; [unclear], recorded without asserting a basis. DAP+ not different from CON; both higher than DAP (Results 3.5, p.9)"
rodgersComplementaryNutrientsDecoupled2022,rodgersComplementaryNutrientsDecoupled2022-T2,AP,mineral,Zinc (Zn),NR,NR,mg/kg (basis unclear -- see Notes),ns,"Figure 4, Results 3.5, p.8-9","Treatment label in paper: DAP+. No numeric value given anywhere in text or a table; per SCHEMA.md, values shown only in a bar chart (Figure 4) are never read off a figure. Measured via hot plate digestion + ICP-AES metals analysis (Fe/Mn/Zn/B/Cu/Mo) and C/N combustion analysis (N), pooled from 2-3 mature leaves per plant per treatment group (Methods 2.6). Basis (fresh vs dry weight) not explicitly stated in Methods 2.6 for this leaf-tissue sub-sample -- separate root/shoot biomass sub-sample IS explicitly oven-dried, but the pooled leaf-tissue sample sent for ICP-AES/combustion analysis is not stated as dried; [unclear], recorded without asserting a basis. Not significantly different among treatments (Results 3.5, p.9)"
rodgersComplementaryNutrientsDecoupled2022,rodgersComplementaryNutrientsDecoupled2022-T2,HYD,mineral,Zinc (Zn),NR,NR,mg/kg (basis unclear -- see Notes),ns,"Figure 4, Results 3.5, p.8-9","Treatment label in paper: CON. No numeric value given anywhere in text or a table; per SCHEMA.md, values shown only in a bar chart (Figure 4) are never read off a figure. Measured via hot plate digestion + ICP-AES metals analysis (Fe/Mn/Zn/B/Cu/Mo) and C/N combustion analysis (N), pooled from 2-3 mature leaves per plant per treatment group (Methods 2.6). Basis (fresh vs dry weight) not explicitly stated in Methods 2.6 for this leaf-tissue sub-sample -- separate root/shoot biomass sub-sample IS explicitly oven-dried, but the pooled leaf-tissue sample sent for ICP-AES/combustion analysis is not stated as dried; [unclear], recorded without asserting a basis. Not significantly different among treatments (Results 3.5, p.9)"
rodgersComplementaryNutrientsDecoupled2022,rodgersComplementaryNutrientsDecoupled2022-T2,AP,mineral,Boron (B),NR,NR,mg/kg (basis unclear -- see Notes),p<0.05,"Figure 4, Results 3.5, p.8-9","Treatment label in paper: DAP+. No numeric value given anywhere in text or a table; per SCHEMA.md, values shown only in a bar chart (Figure 4) are never read off a figure. Measured via hot plate digestion + ICP-AES metals analysis (Fe/Mn/Zn/B/Cu/Mo) and C/N combustion analysis (N), pooled from 2-3 mature leaves per plant per treatment group (Methods 2.6). Basis (fresh vs dry weight) not explicitly stated in Methods 2.6 for this leaf-tissue sub-sample -- separate root/shoot biomass sub-sample IS explicitly oven-dried, but the pooled leaf-tissue sample sent for ICP-AES/combustion analysis is not stated as dried; [unclear], recorded without asserting a basis. Lower in DAP+ than DAP; CON not significantly different from either (Results 3.5, p.9)"
rodgersComplementaryNutrientsDecoupled2022,rodgersComplementaryNutrientsDecoupled2022-T2,HYD,mineral,Boron (B),NR,NR,mg/kg (basis unclear -- see Notes),p<0.05,"Figure 4, Results 3.5, p.8-9","Treatment label in paper: CON. No numeric value given anywhere in text or a table; per SCHEMA.md, values shown only in a bar chart (Figure 4) are never read off a figure. Measured via hot plate digestion + ICP-AES metals analysis (Fe/Mn/Zn/B/Cu/Mo) and C/N combustion analysis (N), pooled from 2-3 mature leaves per plant per treatment group (Methods 2.6). Basis (fresh vs dry weight) not explicitly stated in Methods 2.6 for this leaf-tissue sub-sample -- separate root/shoot biomass sub-sample IS explicitly oven-dried, but the pooled leaf-tissue sample sent for ICP-AES/combustion analysis is not stated as dried; [unclear], recorded without asserting a basis. Lower in DAP+ than DAP; CON not significantly different from either (Results 3.5, p.9)"
rodgersComplementaryNutrientsDecoupled2022,rodgersComplementaryNutrientsDecoupled2022-T2,AP,mineral,Copper (Cu),NR,NR,mg/kg (basis unclear -- see Notes),ns,"Figure 4, Results 3.5, p.8-9","Treatment label in paper: DAP+. No numeric value given anywhere in text or a table; per SCHEMA.md, values shown only in a bar chart (Figure 4) are never read off a figure. Measured via hot plate digestion + ICP-AES metals analysis (Fe/Mn/Zn/B/Cu/Mo) and C/N combustion analysis (N), pooled from 2-3 mature leaves per plant per treatment group (Methods 2.6). Basis (fresh vs dry weight) not explicitly stated in Methods 2.6 for this leaf-tissue sub-sample -- separate root/shoot biomass sub-sample IS explicitly oven-dried, but the pooled leaf-tissue sample sent for ICP-AES/combustion analysis is not stated as dried; [unclear], recorded without asserting a basis. Not significantly different among treatments (Results 3.5, p.9)"
rodgersComplementaryNutrientsDecoupled2022,rodgersComplementaryNutrientsDecoupled2022-T2,HYD,mineral,Copper (Cu),NR,NR,mg/kg (basis unclear -- see Notes),ns,"Figure 4, Results 3.5, p.8-9","Treatment label in paper: CON. No numeric value given anywhere in text or a table; per SCHEMA.md, values shown only in a bar chart (Figure 4) are never read off a figure. Measured via hot plate digestion + ICP-AES metals analysis (Fe/Mn/Zn/B/Cu/Mo) and C/N combustion analysis (N), pooled from 2-3 mature leaves per plant per treatment group (Methods 2.6). Basis (fresh vs dry weight) not explicitly stated in Methods 2.6 for this leaf-tissue sub-sample -- separate root/shoot biomass sub-sample IS explicitly oven-dried, but the pooled leaf-tissue sample sent for ICP-AES/combustion analysis is not stated as dried; [unclear], recorded without asserting a basis. Not significantly different among treatments (Results 3.5, p.9)"
rodgersComplementaryNutrientsDecoupled2022,rodgersComplementaryNutrientsDecoupled2022-T2,AP,mineral,Molybdenum (Mo),NR,NR,mg/kg (basis unclear -- see Notes),ns,"Figure 4, Results 3.5, p.8-9","Treatment label in paper: DAP+. No numeric value given anywhere in text or a table; per SCHEMA.md, values shown only in a bar chart (Figure 4) are never read off a figure. Measured via hot plate digestion + ICP-AES metals analysis (Fe/Mn/Zn/B/Cu/Mo) and C/N combustion analysis (N), pooled from 2-3 mature leaves per plant per treatment group (Methods 2.6). Basis (fresh vs dry weight) not explicitly stated in Methods 2.6 for this leaf-tissue sub-sample -- separate root/shoot biomass sub-sample IS explicitly oven-dried, but the pooled leaf-tissue sample sent for ICP-AES/combustion analysis is not stated as dried; [unclear], recorded without asserting a basis. Not significantly different among treatments (Results 3.5, p.9)"
rodgersComplementaryNutrientsDecoupled2022,rodgersComplementaryNutrientsDecoupled2022-T2,HYD,mineral,Molybdenum (Mo),NR,NR,mg/kg (basis unclear -- see Notes),ns,"Figure 4, Results 3.5, p.8-9","Treatment label in paper: CON. No numeric value given anywhere in text or a table; per SCHEMA.md, values shown only in a bar chart (Figure 4) are never read off a figure. Measured via hot plate digestion + ICP-AES metals analysis (Fe/Mn/Zn/B/Cu/Mo) and C/N combustion analysis (N), pooled from 2-3 mature leaves per plant per treatment group (Methods 2.6). Basis (fresh vs dry weight) not explicitly stated in Methods 2.6 for this leaf-tissue sub-sample -- separate root/shoot biomass sub-sample IS explicitly oven-dried, but the pooled leaf-tissue sample sent for ICP-AES/combustion analysis is not stated as dried; [unclear], recorded without asserting a basis. Not significantly different among treatments (Results 3.5, p.9)"
roostaEffectsFoliarApplication2011,roostaEffectsFoliarApplication2011-T1,AP,biochemistry,SPAD (young leaves),40.08,0.65,SPAD units,a-d,"Table 4, young leaves",Foliar treatment: Control (untreated control). Duncan's multiple range test grouping letters as printed; not a p-value.
roostaEffectsFoliarApplication2011,roostaEffectsFoliarApplication2011-T1,AP,biochemistry,SPAD (old leaves),29.45,1.34,SPAD units,e,"Table 4, old leaves",Foliar treatment: Control (untreated control). Duncan's multiple range test grouping letters as printed; not a p-value.
roostaEffectsFoliarApplication2011,roostaEffectsFoliarApplication2011-T1,AP,biochemistry,Chlorophyll a,1502,37,nmol/g leaf FW,a-c,Table 4,Foliar treatment: Control (untreated control). Duncan's multiple range test grouping letters as printed; not a p-value.
roostaEffectsFoliarApplication2011,roostaEffectsFoliarApplication2011-T1,AP,biochemistry,Chlorophyll b,668,8,nmol/g leaf FW,c-f,Table 4,Foliar treatment: Control (untreated control). Duncan's multiple range test grouping letters as printed; not a p-value.
roostaEffectsFoliarApplication2011,roostaEffectsFoliarApplication2011-T1,AP,biochemistry,Carotenoids,168,2,nmol/g leaf FW,b-e,Table 4,Foliar treatment: Control (untreated control). Duncan's multiple range test grouping letters as printed; not a p-value.
roostaEffectsFoliarApplication2011,roostaEffectsFoliarApplication2011-T1,HYD,biochemistry,SPAD (young leaves),34.47,2.51,SPAD units,e,"Table 4, young leaves",Foliar treatment: Control (untreated control). Duncan's multiple range test grouping letters as printed; not a p-value.
roostaEffectsFoliarApplication2011,roostaEffectsFoliarApplication2011-T1,HYD,biochemistry,SPAD (old leaves),32.02,1.46,SPAD units,a-e,"Table 4, old leaves",Foliar treatment: Control (untreated control). Duncan's multiple range test grouping letters as printed; not a p-value.
roostaEffectsFoliarApplication2011,roostaEffectsFoliarApplication2011-T1,HYD,biochemistry,Chlorophyll a,1276,18,nmol/g leaf FW,cd,Table 4,Foliar treatment: Control (untreated control). Duncan's multiple range test grouping letters as printed; not a p-value.
roostaEffectsFoliarApplication2011,roostaEffectsFoliarApplication2011-T1,HYD,biochemistry,Chlorophyll b,596,48,nmol/g leaf FW,ef,Table 4,Foliar treatment: Control (untreated control). Duncan's multiple range test grouping letters as printed; not a p-value.
roostaEffectsFoliarApplication2011,roostaEffectsFoliarApplication2011-T1,HYD,biochemistry,Carotenoids,153,2,nmol/g leaf FW,d-f,Table 4,Foliar treatment: Control (untreated control). Duncan's multiple range test grouping letters as printed; not a p-value.
roostaEffectsFoliarApplication2011,roostaEffectsFoliarApplication2011-T2,AP,biochemistry,SPAD (young leaves),44.33,1.57,SPAD units,ab,"Table 4, young leaves",Foliar treatment: Fe (Fe-EDDHA). Duncan's multiple range test grouping letters as printed; not a p-value.
roostaEffectsFoliarApplication2011,roostaEffectsFoliarApplication2011-T2,AP,biochemistry,SPAD (old leaves),30.57,1.62,SPAD units,c-e,"Table 4, old leaves",Foliar treatment: Fe (Fe-EDDHA). Duncan's multiple range test grouping letters as printed; not a p-value.
roostaEffectsFoliarApplication2011,roostaEffectsFoliarApplication2011-T2,AP,biochemistry,Chlorophyll a,1490,34,nmol/g leaf FW,a-c,Table 4,Foliar treatment: Fe (Fe-EDDHA). Duncan's multiple range test grouping letters as printed; not a p-value.
roostaEffectsFoliarApplication2011,roostaEffectsFoliarApplication2011-T2,AP,biochemistry,Chlorophyll b,693,48,nmol/g leaf FW,c-f,Table 4,Foliar treatment: Fe (Fe-EDDHA). Duncan's multiple range test grouping letters as printed; not a p-value.
roostaEffectsFoliarApplication2011,roostaEffectsFoliarApplication2011-T2,AP,biochemistry,Carotenoids,173,8,nmol/g leaf FW,b-e,Table 4,Foliar treatment: Fe (Fe-EDDHA). Duncan's multiple range test grouping letters as printed; not a p-value.
roostaEffectsFoliarApplication2011,roostaEffectsFoliarApplication2011-T2,HYD,biochemistry,SPAD (young leaves),44.90,1.42,SPAD units,a,"Table 4, young leaves",Foliar treatment: Fe (Fe-EDDHA). Duncan's multiple range test grouping letters as printed; not a p-value.
roostaEffectsFoliarApplication2011,roostaEffectsFoliarApplication2011-T2,HYD,biochemistry,SPAD (old leaves),35.38,0.85,SPAD units,ab,"Table 4, old leaves",Foliar treatment: Fe (Fe-EDDHA). Duncan's multiple range test grouping letters as printed; not a p-value.
roostaEffectsFoliarApplication2011,roostaEffectsFoliarApplication2011-T2,HYD,biochemistry,Chlorophyll a,1731,128,nmol/g leaf FW,a,Table 4,Foliar treatment: Fe (Fe-EDDHA). Duncan's multiple range test grouping letters as printed; not a p-value.
roostaEffectsFoliarApplication2011,roostaEffectsFoliarApplication2011-T2,HYD,biochemistry,Chlorophyll b,1352,73,nmol/g leaf FW,a,Table 4,Foliar treatment: Fe (Fe-EDDHA). Duncan's multiple range test grouping letters as printed; not a p-value.
roostaEffectsFoliarApplication2011,roostaEffectsFoliarApplication2011-T2,HYD,biochemistry,Carotenoids,169,1,nmol/g leaf FW,b-e,Table 4,Foliar treatment: Fe (Fe-EDDHA). Duncan's multiple range test grouping letters as printed; not a p-value.
roostaEffectsFoliarApplication2011,roostaEffectsFoliarApplication2011-T3,AP,biochemistry,SPAD (young leaves),42.67,1.76,SPAD units,a-c,"Table 4, young leaves",Foliar treatment: K (K2SO4). Duncan's multiple range test grouping letters as printed; not a p-value.
roostaEffectsFoliarApplication2011,roostaEffectsFoliarApplication2011-T3,AP,biochemistry,SPAD (old leaves),29.48,1.71,SPAD units,e,"Table 4, old leaves",Foliar treatment: K (K2SO4). Duncan's multiple range test grouping letters as printed; not a p-value.
roostaEffectsFoliarApplication2011,roostaEffectsFoliarApplication2011-T3,AP,biochemistry,Chlorophyll a,1477,5,nmol/g leaf FW,a-d,Table 4,Foliar treatment: K (K2SO4). Duncan's multiple range test grouping letters as printed; not a p-value.
roostaEffectsFoliarApplication2011,roostaEffectsFoliarApplication2011-T3,AP,biochemistry,Chlorophyll b,655,23,nmol/g leaf FW,d-f,Table 4,Foliar treatment: K (K2SO4). Duncan's multiple range test grouping letters as printed; not a p-value.
roostaEffectsFoliarApplication2011,roostaEffectsFoliarApplication2011-T3,AP,biochemistry,Carotenoids,168,3,nmol/g leaf FW,b-e,Table 4,Foliar treatment: K (K2SO4). Duncan's multiple range test grouping letters as printed; not a p-value.
roostaEffectsFoliarApplication2011,roostaEffectsFoliarApplication2011-T3,HYD,biochemistry,SPAD (young leaves),32.97,1.57,SPAD units,f,"Table 4, young leaves",Foliar treatment: K (K2SO4). Duncan's multiple range test grouping letters as printed; not a p-value.
roostaEffectsFoliarApplication2011,roostaEffectsFoliarApplication2011-T3,HYD,biochemistry,SPAD (old leaves),35.96,0.63,SPAD units,a,"Table 4, old leaves",Foliar treatment: K (K2SO4). Duncan's multiple range test grouping letters as printed; not a p-value.
roostaEffectsFoliarApplication2011,roostaEffectsFoliarApplication2011-T3,HYD,biochemistry,Chlorophyll a,1378,65,nmol/g leaf FW,b-d,Table 4,Foliar treatment: K (K2SO4). Duncan's multiple range test grouping letters as printed; not a p-value.
roostaEffectsFoliarApplication2011,roostaEffectsFoliarApplication2011-T3,HYD,biochemistry,Chlorophyll b,639,38,nmol/g leaf FW,d-f,Table 4,Foliar treatment: K (K2SO4). Duncan's multiple range test grouping letters as printed; not a p-value.
roostaEffectsFoliarApplication2011,roostaEffectsFoliarApplication2011-T3,HYD,biochemistry,Carotenoids,134,1,nmol/g leaf FW,fg,Table 4,Foliar treatment: K (K2SO4). Duncan's multiple range test grouping letters as printed; not a p-value.
roostaEffectsFoliarApplication2011,roostaEffectsFoliarApplication2011-T4,AP,biochemistry,SPAD (young leaves),43.85,1.64,SPAD units,ab,"Table 4, young leaves",Foliar treatment: Mn (MnSO4.H2O). Duncan's multiple range test grouping letters as printed; not a p-value.
roostaEffectsFoliarApplication2011,roostaEffectsFoliarApplication2011-T4,AP,biochemistry,SPAD (old leaves),31.47,0.77,SPAD units,b-e,"Table 4, old leaves",Foliar treatment: Mn (MnSO4.H2O). Duncan's multiple range test grouping letters as printed; not a p-value.
roostaEffectsFoliarApplication2011,roostaEffectsFoliarApplication2011-T4,AP,biochemistry,Chlorophyll a,1726,15,nmol/g leaf FW,a,Table 4,Foliar treatment: Mn (MnSO4.H2O). Duncan's multiple range test grouping letters as printed; not a p-value.
roostaEffectsFoliarApplication2011,roostaEffectsFoliarApplication2011-T4,AP,biochemistry,Chlorophyll b,794,17,nmol/g leaf FW,c,Table 4,Foliar treatment: Mn (MnSO4.H2O). Duncan's multiple range test grouping letters as printed; not a p-value.
roostaEffectsFoliarApplication2011,roostaEffectsFoliarApplication2011-T4,AP,biochemistry,Carotenoids,189,4,nmol/g leaf FW,b,Table 4,Foliar treatment: Mn (MnSO4.H2O). Duncan's multiple range test grouping letters as printed; not a p-value.
roostaEffectsFoliarApplication2011,roostaEffectsFoliarApplication2011-T4,HYD,biochemistry,SPAD (young leaves),35.67,0.67,SPAD units,d-f,"Table 4, young leaves",Foliar treatment: Mn (MnSO4.H2O). Duncan's multiple range test grouping letters as printed; not a p-value.
roostaEffectsFoliarApplication2011,roostaEffectsFoliarApplication2011-T4,HYD,biochemistry,SPAD (old leaves),32.10,0.87,SPAD units,a-e,"Table 4, old leaves",Foliar treatment: Mn (MnSO4.H2O). Duncan's multiple range test grouping letters as printed; not a p-value.
roostaEffectsFoliarApplication2011,roostaEffectsFoliarApplication2011-T4,HYD,biochemistry,Chlorophyll a,1244,73,nmol/g leaf FW,cd,Table 4,Foliar treatment: Mn (MnSO4.H2O). Duncan's multiple range test grouping letters as printed; not a p-value.
roostaEffectsFoliarApplication2011,roostaEffectsFoliarApplication2011-T4,HYD,biochemistry,Chlorophyll b,583,15,nmol/g leaf FW,f,Table 4,Foliar treatment: Mn (MnSO4.H2O). Duncan's multiple range test grouping letters as printed; not a p-value.
roostaEffectsFoliarApplication2011,roostaEffectsFoliarApplication2011-T4,HYD,biochemistry,Carotenoids,150,4,nmol/g leaf FW,ef,Table 4,Foliar treatment: Mn (MnSO4.H2O). Duncan's multiple range test grouping letters as printed; not a p-value.
roostaEffectsFoliarApplication2011,roostaEffectsFoliarApplication2011-T5,AP,biochemistry,SPAD (young leaves),44.17,2.37,SPAD units,ab,"Table 4, young leaves",Foliar treatment: B (H3BO3). Duncan's multiple range test grouping letters as printed; not a p-value.
roostaEffectsFoliarApplication2011,roostaEffectsFoliarApplication2011-T5,AP,biochemistry,SPAD (old leaves),29.78,0.52,SPAD units,d-e,"Table 4, old leaves",Foliar treatment: B (H3BO3). Duncan's multiple range test grouping letters as printed; not a p-value.
roostaEffectsFoliarApplication2011,roostaEffectsFoliarApplication2011-T5,AP,biochemistry,Chlorophyll a,1427,62,nmol/g leaf FW,b-d,Table 4,Foliar treatment: B (H3BO3). Duncan's multiple range test grouping letters as printed; not a p-value.
roostaEffectsFoliarApplication2011,roostaEffectsFoliarApplication2011-T5,AP,biochemistry,Chlorophyll b,662,30,nmol/g leaf FW,d-f,Table 4,Foliar treatment: B (H3BO3). Duncan's multiple range test grouping letters as printed; not a p-value.
roostaEffectsFoliarApplication2011,roostaEffectsFoliarApplication2011-T5,AP,biochemistry,Carotenoids,162,8,nmol/g leaf FW,c-e,Table 4,Foliar treatment: B (H3BO3). Duncan's multiple range test grouping letters as printed; not a p-value.
roostaEffectsFoliarApplication2011,roostaEffectsFoliarApplication2011-T5,HYD,biochemistry,SPAD (young leaves),37.58,1.49,SPAD units,c-f,"Table 4, young leaves",Foliar treatment: B (H3BO3). Duncan's multiple range test grouping letters as printed; not a p-value.
roostaEffectsFoliarApplication2011,roostaEffectsFoliarApplication2011-T5,HYD,biochemistry,SPAD (old leaves),34.07,1.28,SPAD units,a-c,"Table 4, old leaves",Foliar treatment: B (H3BO3). Duncan's multiple range test grouping letters as printed; not a p-value.
roostaEffectsFoliarApplication2011,roostaEffectsFoliarApplication2011-T5,HYD,biochemistry,Chlorophyll a,1595,31,nmol/g leaf FW,ab,Table 4,Foliar treatment: B (H3BO3). Duncan's multiple range test grouping letters as printed; not a p-value.
roostaEffectsFoliarApplication2011,roostaEffectsFoliarApplication2011-T5,HYD,biochemistry,Chlorophyll b,757,28,nmol/g leaf FW,cd,Table 4,Foliar treatment: B (H3BO3). Duncan's multiple range test grouping letters as printed; not a p-value.
roostaEffectsFoliarApplication2011,roostaEffectsFoliarApplication2011-T5,HYD,biochemistry,Carotenoids,175,5,nmol/g leaf FW,b-d,Table 4,Foliar treatment: B (H3BO3). Duncan's multiple range test grouping letters as printed; not a p-value.
roostaEffectsFoliarApplication2011,roostaEffectsFoliarApplication2011-T6,AP,biochemistry,SPAD (young leaves),43.90,2.23,SPAD units,ab,"Table 4, young leaves",Foliar treatment: Mg (MgSO4.7H2O). Duncan's multiple range test grouping letters as printed; not a p-value.
roostaEffectsFoliarApplication2011,roostaEffectsFoliarApplication2011-T6,AP,biochemistry,SPAD (old leaves),28.27,1.19,SPAD units,e,"Table 4, old leaves",Foliar treatment: Mg (MgSO4.7H2O). Duncan's multiple range test grouping letters as printed; not a p-value.
roostaEffectsFoliarApplication2011,roostaEffectsFoliarApplication2011-T6,AP,biochemistry,Chlorophyll a,1449,202,nmol/g leaf FW,b-d,Table 4,Foliar treatment: Mg (MgSO4.7H2O). Duncan's multiple range test grouping letters as printed; not a p-value.
roostaEffectsFoliarApplication2011,roostaEffectsFoliarApplication2011-T6,AP,biochemistry,Chlorophyll b,683,41,nmol/g leaf FW,c-f,Table 4,Foliar treatment: Mg (MgSO4.7H2O). Duncan's multiple range test grouping letters as printed; not a p-value.
roostaEffectsFoliarApplication2011,roostaEffectsFoliarApplication2011-T6,AP,biochemistry,Carotenoids,227,5,nmol/g leaf FW,a,Table 4,Foliar treatment: Mg (MgSO4.7H2O). Duncan's multiple range test grouping letters as printed; not a p-value.
roostaEffectsFoliarApplication2011,roostaEffectsFoliarApplication2011-T6,HYD,biochemistry,SPAD (young leaves),45.25,0.91,SPAD units,a,"Table 4, young leaves",Foliar treatment: Mg (MgSO4.7H2O). Duncan's multiple range test grouping letters as printed; not a p-value.
roostaEffectsFoliarApplication2011,roostaEffectsFoliarApplication2011-T6,HYD,biochemistry,SPAD (old leaves),33.77,0.39,SPAD units,a-d,"Table 4, old leaves",Foliar treatment: Mg (MgSO4.7H2O). Duncan's multiple range test grouping letters as printed; not a p-value.
roostaEffectsFoliarApplication2011,roostaEffectsFoliarApplication2011-T6,HYD,biochemistry,Chlorophyll a,1607,46,nmol/g leaf FW,ab,Table 4,Foliar treatment: Mg (MgSO4.7H2O). Duncan's multiple range test grouping letters as printed; not a p-value.
roostaEffectsFoliarApplication2011,roostaEffectsFoliarApplication2011-T6,HYD,biochemistry,Chlorophyll b,918,75,nmol/g leaf FW,b,Table 4,Foliar treatment: Mg (MgSO4.7H2O). Duncan's multiple range test grouping letters as printed; not a p-value.
roostaEffectsFoliarApplication2011,roostaEffectsFoliarApplication2011-T6,HYD,biochemistry,Carotenoids,127,6,nmol/g leaf FW,g,Table 4,Foliar treatment: Mg (MgSO4.7H2O). Duncan's multiple range test grouping letters as printed; not a p-value.
roostaEffectsFoliarApplication2011,roostaEffectsFoliarApplication2011-T7,AP,biochemistry,SPAD (young leaves),39.92,2.50,SPAD units,a-d,"Table 4, young leaves",Foliar treatment: Zn (ZnCl2). Duncan's multiple range test grouping letters as printed; not a p-value.
roostaEffectsFoliarApplication2011,roostaEffectsFoliarApplication2011-T7,AP,biochemistry,SPAD (old leaves),32.43,0.36,SPAD units,a-e,"Table 4, old leaves",Foliar treatment: Zn (ZnCl2). Duncan's multiple range test grouping letters as printed; not a p-value.
roostaEffectsFoliarApplication2011,roostaEffectsFoliarApplication2011-T7,AP,biochemistry,Chlorophyll a,1224,110,nmol/g leaf FW,d,Table 4,Foliar treatment: Zn (ZnCl2). Duncan's multiple range test grouping letters as printed; not a p-value.
roostaEffectsFoliarApplication2011,roostaEffectsFoliarApplication2011-T7,AP,biochemistry,Chlorophyll b,621,40,nmol/g leaf FW,ef,Table 4,Foliar treatment: Zn (ZnCl2). Duncan's multiple range test grouping letters as printed; not a p-value.
roostaEffectsFoliarApplication2011,roostaEffectsFoliarApplication2011-T7,AP,biochemistry,Carotenoids,158,9,nmol/g leaf FW,c-e,Table 4,Foliar treatment: Zn (ZnCl2). Duncan's multiple range test grouping letters as printed; not a p-value.
roostaEffectsFoliarApplication2011,roostaEffectsFoliarApplication2011-T7,HYD,biochemistry,SPAD (young leaves),35.67,0.33,SPAD units,d-f,"Table 4, young leaves",Foliar treatment: Zn (ZnCl2). Duncan's multiple range test grouping letters as printed; not a p-value.
roostaEffectsFoliarApplication2011,roostaEffectsFoliarApplication2011-T7,HYD,biochemistry,SPAD (old leaves),34.18,1.60,SPAD units,a-c,"Table 4, old leaves",Foliar treatment: Zn (ZnCl2). Duncan's multiple range test grouping letters as printed; not a p-value.
roostaEffectsFoliarApplication2011,roostaEffectsFoliarApplication2011-T7,HYD,biochemistry,Chlorophyll a,1559,36,nmol/g leaf FW,ab,Table 4,Foliar treatment: Zn (ZnCl2). Duncan's multiple range test grouping letters as printed; not a p-value.
roostaEffectsFoliarApplication2011,roostaEffectsFoliarApplication2011-T7,HYD,biochemistry,Chlorophyll b,579,9,nmol/g leaf FW,f,Table 4,Foliar treatment: Zn (ZnCl2). Duncan's multiple range test grouping letters as printed; not a p-value.
roostaEffectsFoliarApplication2011,roostaEffectsFoliarApplication2011-T7,HYD,biochemistry,Carotenoids,232,19,nmol/g leaf FW,a,Table 4,Foliar treatment: Zn (ZnCl2). Duncan's multiple range test grouping letters as printed; not a p-value.
roostaEffectsFoliarApplication2011,roostaEffectsFoliarApplication2011-T8,AP,biochemistry,SPAD (young leaves),39.17,1.31,SPAD units,b-e,"Table 4, young leaves",Foliar treatment: Cu (CuSO4.5H2O). Duncan's multiple range test grouping letters as printed; not a p-value.
roostaEffectsFoliarApplication2011,roostaEffectsFoliarApplication2011-T8,AP,biochemistry,SPAD (old leaves),33.92,1.41,SPAD units,a-d,"Table 4, old leaves",Foliar treatment: Cu (CuSO4.5H2O). Duncan's multiple range test grouping letters as printed; not a p-value.
roostaEffectsFoliarApplication2011,roostaEffectsFoliarApplication2011-T8,AP,biochemistry,Chlorophyll a,1642,59,nmol/g leaf FW,ab,Table 4,Foliar treatment: Cu (CuSO4.5H2O). Duncan's multiple range test grouping letters as printed; not a p-value.
roostaEffectsFoliarApplication2011,roostaEffectsFoliarApplication2011-T8,AP,biochemistry,Chlorophyll b,597,27,nmol/g leaf FW,ef,Table 4,Foliar treatment: Cu (CuSO4.5H2O). Duncan's multiple range test grouping letters as printed; not a p-value.
roostaEffectsFoliarApplication2011,roostaEffectsFoliarApplication2011-T8,AP,biochemistry,Carotenoids,149,3,nmol/g leaf FW,e-g,Table 4,Foliar treatment: Cu (CuSO4.5H2O). Duncan's multiple range test grouping letters as printed; not a p-value.
roostaEffectsFoliarApplication2011,roostaEffectsFoliarApplication2011-T8,HYD,biochemistry,SPAD (young leaves),37.65,1.60,SPAD units,c-f,"Table 4, young leaves",Foliar treatment: Cu (CuSO4.5H2O). Duncan's multiple range test grouping letters as printed; not a p-value.
roostaEffectsFoliarApplication2011,roostaEffectsFoliarApplication2011-T8,HYD,biochemistry,SPAD (old leaves),34.55,1.80,SPAD units,a-c,"Table 4, old leaves",Foliar treatment: Cu (CuSO4.5H2O). Duncan's multiple range test grouping letters as printed; not a p-value.
roostaEffectsFoliarApplication2011,roostaEffectsFoliarApplication2011-T8,HYD,biochemistry,Chlorophyll a,1563,13,nmol/g leaf FW,ab,Table 4,Foliar treatment: Cu (CuSO4.5H2O). Duncan's multiple range test grouping letters as printed; not a p-value.
roostaEffectsFoliarApplication2011,roostaEffectsFoliarApplication2011-T8,HYD,biochemistry,Chlorophyll b,724,22,nmol/g leaf FW,c-e,Table 4,Foliar treatment: Cu (CuSO4.5H2O). Duncan's multiple range test grouping letters as printed; not a p-value.
roostaEffectsFoliarApplication2011,roostaEffectsFoliarApplication2011-T8,HYD,biochemistry,Carotenoids,180,9,nmol/g leaf FW,bc,Table 4,Foliar treatment: Cu (CuSO4.5H2O). Duncan's multiple range test grouping letters as printed; not a p-value.
roostaFoliarApplicationPotassium2025,roostaFoliarApplicationPotassium2025-T1,AP,biochemistry,SPAD index,NR,NR,SPAD units,NR,"Fig 6A, p.7","Figure only (Fig 6A, p.7); reported as a lettered Duncan-test bar chart across all 18 treatment cells (2 cultivars x 3 nutrient solutions x 3 foliar sprays), no numeric value given in running text or any table. Never read off a figure per SCHEMA.md."
roostaFoliarApplicationPotassium2025,roostaFoliarApplicationPotassium2025-T1,AP,biochemistry,Total chlorophyll,NR,NR,ug/g FM,NR,"Fig 6B, p.7","Figure only (Fig 6B, p.7); reported as a lettered Duncan-test bar chart across all 18 treatment cells (2 cultivars x 3 nutrient solutions x 3 foliar sprays), no numeric value given in running text or any table. Never read off a figure per SCHEMA.md."
roostaFoliarApplicationPotassium2025,roostaFoliarApplicationPotassium2025-T1,AP,biochemistry,Chlorophyll a,NR,NR,ug/g FM,NR,"Fig 6C, p.7","Figure only (Fig 6C, p.7); reported as a lettered Duncan-test bar chart across all 18 treatment cells (2 cultivars x 3 nutrient solutions x 3 foliar sprays), no numeric value given in running text or any table. Never read off a figure per SCHEMA.md."
roostaFoliarApplicationPotassium2025,roostaFoliarApplicationPotassium2025-T1,AP,biochemistry,Chlorophyll b,NR,NR,ug/g FM,NR,"Fig 7A-C, p.7-8","Figure only (Fig 7A-C, p.7-8); reported as a lettered Duncan-test bar chart across all 18 treatment cells (2 cultivars x 3 nutrient solutions x 3 foliar sprays), no numeric value given in running text or any table. Never read off a figure per SCHEMA.md."
roostaFoliarApplicationPotassium2025,roostaFoliarApplicationPotassium2025-T1,AP,biochemistry,Carotenoids,NR,NR,ug/g FM,NR,"Fig 8A, p.8","Figure only (Fig 8A, p.8); reported as a lettered Duncan-test bar chart across all 18 treatment cells (2 cultivars x 3 nutrient solutions x 3 foliar sprays), no numeric value given in running text or any table. Never read off a figure per SCHEMA.md."
roostaFoliarApplicationPotassium2025,roostaFoliarApplicationPotassium2025-T1,AP,biochemistry,Anthocyanin content,NR,NR,NR,NR,"Fig 8B, p.8","Figure only (Fig 8B, p.8); reported as a lettered Duncan-test bar chart across all 18 treatment cells (2 cultivars x 3 nutrient solutions x 3 foliar sprays), no numeric value given in running text or any table. Never read off a figure per SCHEMA.md."
roostaFoliarApplicationPotassium2025,roostaFoliarApplicationPotassium2025-T1,AP,biochemistry,Essential oil content,NR,NR,% dry matter,NR,"Fig 13, p.17","Figure only (Fig 13, p.17); reported as a lettered Duncan-test bar chart across all 18 treatment cells (2 cultivars x 3 nutrient solutions x 3 foliar sprays), no numeric value given in running text or any table. Never read off a figure per SCHEMA.md."
roostaFoliarApplicationPotassium2025,roostaFoliarApplicationPotassium2025-T1,AP,mineral,Potassium (K),NR,NR,NR,NR,"Fig 9A, p.7-8","Figure only (Fig 9A, p.7-8); reported as a lettered Duncan-test bar chart across all 18 treatment cells (2 cultivars x 3 nutrient solutions x 3 foliar sprays), no numeric value given in running text or any table. Never read off a figure per SCHEMA.md."
roostaFoliarApplicationPotassium2025,roostaFoliarApplicationPotassium2025-T1,AP,mineral,Calcium (Ca),NR,NR,NR,NR,"Fig 9B, p.7-8","Figure only (Fig 9B, p.7-8); reported as a lettered Duncan-test bar chart across all 18 treatment cells (2 cultivars x 3 nutrient solutions x 3 foliar sprays), no numeric value given in running text or any table. Never read off a figure per SCHEMA.md."
roostaFoliarApplicationPotassium2025,roostaFoliarApplicationPotassium2025-T1,AP,mineral,Sodium (Na),NR,NR,NR,NR,"Fig 9C, p.7-8","Figure only (Fig 9C, p.7-8); reported as a lettered Duncan-test bar chart across all 18 treatment cells (2 cultivars x 3 nutrient solutions x 3 foliar sprays), no numeric value given in running text or any table. Never read off a figure per SCHEMA.md."
roostaFoliarApplicationPotassium2025,roostaFoliarApplicationPotassium2025-T1,AP,mineral,Iron (Fe),NR,NR,NR,NR,"Fig 10A, p.8","Figure only (Fig 10A, p.8); reported as a lettered Duncan-test bar chart across all 18 treatment cells (2 cultivars x 3 nutrient solutions x 3 foliar sprays), no numeric value given in running text or any table. Never read off a figure per SCHEMA.md."
roostaFoliarApplicationPotassium2025,roostaFoliarApplicationPotassium2025-T1,AP,mineral,Manganese (Mn),NR,NR,NR,NR,"Fig 10B, p.8","Figure only (Fig 10B, p.8); reported as a lettered Duncan-test bar chart across all 18 treatment cells (2 cultivars x 3 nutrient solutions x 3 foliar sprays), no numeric value given in running text or any table. Never read off a figure per SCHEMA.md."
roostaFoliarApplicationPotassium2025,roostaFoliarApplicationPotassium2025-T1,AP,mineral,Zinc (Zn),NR,NR,NR,NR,"Fig 11, p.8-9","Figure only (Fig 11, p.8-9); reported as a lettered Duncan-test bar chart across all 18 treatment cells (2 cultivars x 3 nutrient solutions x 3 foliar sprays), no numeric value given in running text or any table. Never read off a figure per SCHEMA.md. PDF quality note: the Fig 11 y-axis label extracts (via pdfplumber) as reversed/rotated text "")MD gk/gm(nZ"", which decodes to ""Zn(mg/kg DM)"" reversed -- i.e. the axis is apparently labelled mg/kg DM. This is an axis LABEL, not a bar value, and was not used to fill the Unit field above (kept NR) since it is a garbled OCR-adjacent artifact rather than a cleanly readable statement."
roostaFoliarApplicationPotassium2025,roostaFoliarApplicationPotassium2025-T1,AP,mineral,Copper (Cu),NR,NR,NR,NR,"Fig 12, p.8-9","Figure only (Fig 12, p.8-9); reported as a lettered Duncan-test bar chart across all 18 treatment cells (2 cultivars x 3 nutrient solutions x 3 foliar sprays), no numeric value given in running text or any table. Never read off a figure per SCHEMA.md."
roostaFoliarApplicationPotassium2025,roostaFoliarApplicationPotassium2025-T1,HYD,biochemistry,SPAD index,NR,NR,SPAD units,NR,"Fig 6A, p.7","Figure only (Fig 6A, p.7); reported as a lettered Duncan-test bar chart across all 18 treatment cells (2 cultivars x 3 nutrient solutions x 3 foliar sprays), no numeric value given in running text or any table. Never read off a figure per SCHEMA.md."
roostaFoliarApplicationPotassium2025,roostaFoliarApplicationPotassium2025-T1,HYD,biochemistry,Total chlorophyll,NR,NR,ug/g FM,NR,"Fig 6B, p.7","Figure only (Fig 6B, p.7); reported as a lettered Duncan-test bar chart across all 18 treatment cells (2 cultivars x 3 nutrient solutions x 3 foliar sprays), no numeric value given in running text or any table. Never read off a figure per SCHEMA.md."
roostaFoliarApplicationPotassium2025,roostaFoliarApplicationPotassium2025-T1,HYD,biochemistry,Chlorophyll a,NR,NR,ug/g FM,NR,"Fig 6C, p.7","Figure only (Fig 6C, p.7); reported as a lettered Duncan-test bar chart across all 18 treatment cells (2 cultivars x 3 nutrient solutions x 3 foliar sprays), no numeric value given in running text or any table. Never read off a figure per SCHEMA.md."
roostaFoliarApplicationPotassium2025,roostaFoliarApplicationPotassium2025-T1,HYD,biochemistry,Chlorophyll b,NR,NR,ug/g FM,NR,"Fig 7A-C, p.7-8","Figure only (Fig 7A-C, p.7-8); reported as a lettered Duncan-test bar chart across all 18 treatment cells (2 cultivars x 3 nutrient solutions x 3 foliar sprays), no numeric value given in running text or any table. Never read off a figure per SCHEMA.md."
roostaFoliarApplicationPotassium2025,roostaFoliarApplicationPotassium2025-T1,HYD,biochemistry,Carotenoids,NR,NR,ug/g FM,NR,"Fig 8A, p.8","Figure only (Fig 8A, p.8); reported as a lettered Duncan-test bar chart across all 18 treatment cells (2 cultivars x 3 nutrient solutions x 3 foliar sprays), no numeric value given in running text or any table. Never read off a figure per SCHEMA.md."
roostaFoliarApplicationPotassium2025,roostaFoliarApplicationPotassium2025-T1,HYD,biochemistry,Anthocyanin content,NR,NR,NR,NR,"Fig 8B, p.8","Figure only (Fig 8B, p.8); reported as a lettered Duncan-test bar chart across all 18 treatment cells (2 cultivars x 3 nutrient solutions x 3 foliar sprays), no numeric value given in running text or any table. Never read off a figure per SCHEMA.md."
roostaFoliarApplicationPotassium2025,roostaFoliarApplicationPotassium2025-T1,HYD,biochemistry,Essential oil content,NR,NR,% dry matter,NR,"Fig 13, p.17","Figure only (Fig 13, p.17); reported as a lettered Duncan-test bar chart across all 18 treatment cells (2 cultivars x 3 nutrient solutions x 3 foliar sprays), no numeric value given in running text or any table. Never read off a figure per SCHEMA.md."
roostaFoliarApplicationPotassium2025,roostaFoliarApplicationPotassium2025-T1,HYD,mineral,Potassium (K),NR,NR,NR,NR,"Fig 9A, p.7-8","Figure only (Fig 9A, p.7-8); reported as a lettered Duncan-test bar chart across all 18 treatment cells (2 cultivars x 3 nutrient solutions x 3 foliar sprays), no numeric value given in running text or any table. Never read off a figure per SCHEMA.md."
roostaFoliarApplicationPotassium2025,roostaFoliarApplicationPotassium2025-T1,HYD,mineral,Calcium (Ca),NR,NR,NR,NR,"Fig 9B, p.7-8","Figure only (Fig 9B, p.7-8); reported as a lettered Duncan-test bar chart across all 18 treatment cells (2 cultivars x 3 nutrient solutions x 3 foliar sprays), no numeric value given in running text or any table. Never read off a figure per SCHEMA.md."
roostaFoliarApplicationPotassium2025,roostaFoliarApplicationPotassium2025-T1,HYD,mineral,Sodium (Na),NR,NR,NR,NR,"Fig 9C, p.7-8","Figure only (Fig 9C, p.7-8); reported as a lettered Duncan-test bar chart across all 18 treatment cells (2 cultivars x 3 nutrient solutions x 3 foliar sprays), no numeric value given in running text or any table. Never read off a figure per SCHEMA.md."
roostaFoliarApplicationPotassium2025,roostaFoliarApplicationPotassium2025-T1,HYD,mineral,Iron (Fe),NR,NR,NR,NR,"Fig 10A, p.8","Figure only (Fig 10A, p.8); reported as a lettered Duncan-test bar chart across all 18 treatment cells (2 cultivars x 3 nutrient solutions x 3 foliar sprays), no numeric value given in running text or any table. Never read off a figure per SCHEMA.md."
roostaFoliarApplicationPotassium2025,roostaFoliarApplicationPotassium2025-T1,HYD,mineral,Manganese (Mn),NR,NR,NR,NR,"Fig 10B, p.8","Figure only (Fig 10B, p.8); reported as a lettered Duncan-test bar chart across all 18 treatment cells (2 cultivars x 3 nutrient solutions x 3 foliar sprays), no numeric value given in running text or any table. Never read off a figure per SCHEMA.md."
roostaFoliarApplicationPotassium2025,roostaFoliarApplicationPotassium2025-T1,HYD,mineral,Zinc (Zn),NR,NR,NR,NR,"Fig 11, p.8-9","Figure only (Fig 11, p.8-9); reported as a lettered Duncan-test bar chart across all 18 treatment cells (2 cultivars x 3 nutrient solutions x 3 foliar sprays), no numeric value given in running text or any table. Never read off a figure per SCHEMA.md. PDF quality note: the Fig 11 y-axis label extracts (via pdfplumber) as reversed/rotated text "")MD gk/gm(nZ"", which decodes to ""Zn(mg/kg DM)"" reversed -- i.e. the axis is apparently labelled mg/kg DM. This is an axis LABEL, not a bar value, and was not used to fill the Unit field above (kept NR) since it is a garbled OCR-adjacent artifact rather than a cleanly readable statement."
roostaFoliarApplicationPotassium2025,roostaFoliarApplicationPotassium2025-T1,HYD,mineral,Copper (Cu),NR,NR,NR,NR,"Fig 12, p.8-9","Figure only (Fig 12, p.8-9); reported as a lettered Duncan-test bar chart across all 18 treatment cells (2 cultivars x 3 nutrient solutions x 3 foliar sprays), no numeric value given in running text or any table. Never read off a figure per SCHEMA.md."
roostaFoliarApplicationPotassium2025,roostaFoliarApplicationPotassium2025-T2,AP,biochemistry,SPAD index,NR,NR,SPAD units,NR,"Fig 6A, p.7","Figure only (Fig 6A, p.7); reported as a lettered Duncan-test bar chart across all 18 treatment cells (2 cultivars x 3 nutrient solutions x 3 foliar sprays), no numeric value given in running text or any table. Never read off a figure per SCHEMA.md."
roostaFoliarApplicationPotassium2025,roostaFoliarApplicationPotassium2025-T2,AP,biochemistry,Total chlorophyll,NR,NR,ug/g FM,NR,"Fig 6B, p.7","Figure only (Fig 6B, p.7); reported as a lettered Duncan-test bar chart across all 18 treatment cells (2 cultivars x 3 nutrient solutions x 3 foliar sprays), no numeric value given in running text or any table. Never read off a figure per SCHEMA.md."
roostaFoliarApplicationPotassium2025,roostaFoliarApplicationPotassium2025-T2,AP,biochemistry,Chlorophyll a,NR,NR,ug/g FM,NR,"Fig 6C, p.7","Figure only (Fig 6C, p.7); reported as a lettered Duncan-test bar chart across all 18 treatment cells (2 cultivars x 3 nutrient solutions x 3 foliar sprays), no numeric value given in running text or any table. Never read off a figure per SCHEMA.md."
roostaFoliarApplicationPotassium2025,roostaFoliarApplicationPotassium2025-T2,AP,biochemistry,Chlorophyll b,NR,NR,ug/g FM,NR,"Fig 7A-C, p.7-8","Figure only (Fig 7A-C, p.7-8); reported as a lettered Duncan-test bar chart across all 18 treatment cells (2 cultivars x 3 nutrient solutions x 3 foliar sprays), no numeric value given in running text or any table. Never read off a figure per SCHEMA.md."
roostaFoliarApplicationPotassium2025,roostaFoliarApplicationPotassium2025-T2,AP,biochemistry,Carotenoids,NR,NR,ug/g FM,NR,"Fig 8A, p.8","Figure only (Fig 8A, p.8); reported as a lettered Duncan-test bar chart across all 18 treatment cells (2 cultivars x 3 nutrient solutions x 3 foliar sprays), no numeric value given in running text or any table. Never read off a figure per SCHEMA.md."
roostaFoliarApplicationPotassium2025,roostaFoliarApplicationPotassium2025-T2,AP,biochemistry,Anthocyanin content,NR,NR,NR,NR,"Fig 8B, p.8","Figure only (Fig 8B, p.8); reported as a lettered Duncan-test bar chart across all 18 treatment cells (2 cultivars x 3 nutrient solutions x 3 foliar sprays), no numeric value given in running text or any table. Never read off a figure per SCHEMA.md."
roostaFoliarApplicationPotassium2025,roostaFoliarApplicationPotassium2025-T2,AP,biochemistry,Essential oil content,NR,NR,% dry matter,NR,"Fig 13, p.17","Figure only (Fig 13, p.17); reported as a lettered Duncan-test bar chart across all 18 treatment cells (2 cultivars x 3 nutrient solutions x 3 foliar sprays), no numeric value given in running text or any table. Never read off a figure per SCHEMA.md."
roostaFoliarApplicationPotassium2025,roostaFoliarApplicationPotassium2025-T2,AP,mineral,Potassium (K),NR,NR,NR,NR,"Fig 9A, p.7-8","Figure only (Fig 9A, p.7-8); reported as a lettered Duncan-test bar chart across all 18 treatment cells (2 cultivars x 3 nutrient solutions x 3 foliar sprays), no numeric value given in running text or any table. Never read off a figure per SCHEMA.md."
roostaFoliarApplicationPotassium2025,roostaFoliarApplicationPotassium2025-T2,AP,mineral,Calcium (Ca),NR,NR,NR,NR,"Fig 9B, p.7-8","Figure only (Fig 9B, p.7-8); reported as a lettered Duncan-test bar chart across all 18 treatment cells (2 cultivars x 3 nutrient solutions x 3 foliar sprays), no numeric value given in running text or any table. Never read off a figure per SCHEMA.md."
roostaFoliarApplicationPotassium2025,roostaFoliarApplicationPotassium2025-T2,AP,mineral,Sodium (Na),NR,NR,NR,NR,"Fig 9C, p.7-8","Figure only (Fig 9C, p.7-8); reported as a lettered Duncan-test bar chart across all 18 treatment cells (2 cultivars x 3 nutrient solutions x 3 foliar sprays), no numeric value given in running text or any table. Never read off a figure per SCHEMA.md."
roostaFoliarApplicationPotassium2025,roostaFoliarApplicationPotassium2025-T2,AP,mineral,Iron (Fe),NR,NR,NR,NR,"Fig 10A, p.8","Figure only (Fig 10A, p.8); reported as a lettered Duncan-test bar chart across all 18 treatment cells (2 cultivars x 3 nutrient solutions x 3 foliar sprays), no numeric value given in running text or any table. Never read off a figure per SCHEMA.md."
roostaFoliarApplicationPotassium2025,roostaFoliarApplicationPotassium2025-T2,AP,mineral,Manganese (Mn),NR,NR,NR,NR,"Fig 10B, p.8","Figure only (Fig 10B, p.8); reported as a lettered Duncan-test bar chart across all 18 treatment cells (2 cultivars x 3 nutrient solutions x 3 foliar sprays), no numeric value given in running text or any table. Never read off a figure per SCHEMA.md."
roostaFoliarApplicationPotassium2025,roostaFoliarApplicationPotassium2025-T2,AP,mineral,Zinc (Zn),NR,NR,NR,NR,"Fig 11, p.8-9","Figure only (Fig 11, p.8-9); reported as a lettered Duncan-test bar chart across all 18 treatment cells (2 cultivars x 3 nutrient solutions x 3 foliar sprays), no numeric value given in running text or any table. Never read off a figure per SCHEMA.md. PDF quality note: the Fig 11 y-axis label extracts (via pdfplumber) as reversed/rotated text "")MD gk/gm(nZ"", which decodes to ""Zn(mg/kg DM)"" reversed -- i.e. the axis is apparently labelled mg/kg DM. This is an axis LABEL, not a bar value, and was not used to fill the Unit field above (kept NR) since it is a garbled OCR-adjacent artifact rather than a cleanly readable statement."
roostaFoliarApplicationPotassium2025,roostaFoliarApplicationPotassium2025-T2,AP,mineral,Copper (Cu),NR,NR,NR,NR,"Fig 12, p.8-9","Figure only (Fig 12, p.8-9); reported as a lettered Duncan-test bar chart across all 18 treatment cells (2 cultivars x 3 nutrient solutions x 3 foliar sprays), no numeric value given in running text or any table. Never read off a figure per SCHEMA.md."
roostaFoliarApplicationPotassium2025,roostaFoliarApplicationPotassium2025-T2,HYD,biochemistry,SPAD index,NR,NR,SPAD units,NR,"Fig 6A, p.7","Figure only (Fig 6A, p.7); reported as a lettered Duncan-test bar chart across all 18 treatment cells (2 cultivars x 3 nutrient solutions x 3 foliar sprays), no numeric value given in running text or any table. Never read off a figure per SCHEMA.md."
roostaFoliarApplicationPotassium2025,roostaFoliarApplicationPotassium2025-T2,HYD,biochemistry,Total chlorophyll,NR,NR,ug/g FM,NR,"Fig 6B, p.7","Figure only (Fig 6B, p.7); reported as a lettered Duncan-test bar chart across all 18 treatment cells (2 cultivars x 3 nutrient solutions x 3 foliar sprays), no numeric value given in running text or any table. Never read off a figure per SCHEMA.md."
roostaFoliarApplicationPotassium2025,roostaFoliarApplicationPotassium2025-T2,HYD,biochemistry,Chlorophyll a,NR,NR,ug/g FM,NR,"Fig 6C, p.7","Figure only (Fig 6C, p.7); reported as a lettered Duncan-test bar chart across all 18 treatment cells (2 cultivars x 3 nutrient solutions x 3 foliar sprays), no numeric value given in running text or any table. Never read off a figure per SCHEMA.md."
roostaFoliarApplicationPotassium2025,roostaFoliarApplicationPotassium2025-T2,HYD,biochemistry,Chlorophyll b,NR,NR,ug/g FM,NR,"Fig 7A-C, p.7-8","Figure only (Fig 7A-C, p.7-8); reported as a lettered Duncan-test bar chart across all 18 treatment cells (2 cultivars x 3 nutrient solutions x 3 foliar sprays), no numeric value given in running text or any table. Never read off a figure per SCHEMA.md."
roostaFoliarApplicationPotassium2025,roostaFoliarApplicationPotassium2025-T2,HYD,biochemistry,Carotenoids,NR,NR,ug/g FM,NR,"Fig 8A, p.8","Figure only (Fig 8A, p.8); reported as a lettered Duncan-test bar chart across all 18 treatment cells (2 cultivars x 3 nutrient solutions x 3 foliar sprays), no numeric value given in running text or any table. Never read off a figure per SCHEMA.md."
roostaFoliarApplicationPotassium2025,roostaFoliarApplicationPotassium2025-T2,HYD,biochemistry,Anthocyanin content,NR,NR,NR,NR,"Fig 8B, p.8","Figure only (Fig 8B, p.8); reported as a lettered Duncan-test bar chart across all 18 treatment cells (2 cultivars x 3 nutrient solutions x 3 foliar sprays), no numeric value given in running text or any table. Never read off a figure per SCHEMA.md."
roostaFoliarApplicationPotassium2025,roostaFoliarApplicationPotassium2025-T2,HYD,biochemistry,Essential oil content,NR,NR,% dry matter,NR,"Fig 13, p.17","Figure only (Fig 13, p.17); reported as a lettered Duncan-test bar chart across all 18 treatment cells (2 cultivars x 3 nutrient solutions x 3 foliar sprays), no numeric value given in running text or any table. Never read off a figure per SCHEMA.md."
roostaFoliarApplicationPotassium2025,roostaFoliarApplicationPotassium2025-T2,HYD,mineral,Potassium (K),NR,NR,NR,NR,"Fig 9A, p.7-8","Figure only (Fig 9A, p.7-8); reported as a lettered Duncan-test bar chart across all 18 treatment cells (2 cultivars x 3 nutrient solutions x 3 foliar sprays), no numeric value given in running text or any table. Never read off a figure per SCHEMA.md."
roostaFoliarApplicationPotassium2025,roostaFoliarApplicationPotassium2025-T2,HYD,mineral,Calcium (Ca),NR,NR,NR,NR,"Fig 9B, p.7-8","Figure only (Fig 9B, p.7-8); reported as a lettered Duncan-test bar chart across all 18 treatment cells (2 cultivars x 3 nutrient solutions x 3 foliar sprays), no numeric value given in running text or any table. Never read off a figure per SCHEMA.md."
roostaFoliarApplicationPotassium2025,roostaFoliarApplicationPotassium2025-T2,HYD,mineral,Sodium (Na),NR,NR,NR,NR,"Fig 9C, p.7-8","Figure only (Fig 9C, p.7-8); reported as a lettered Duncan-test bar chart across all 18 treatment cells (2 cultivars x 3 nutrient solutions x 3 foliar sprays), no numeric value given in running text or any table. Never read off a figure per SCHEMA.md."
roostaFoliarApplicationPotassium2025,roostaFoliarApplicationPotassium2025-T2,HYD,mineral,Iron (Fe),NR,NR,NR,NR,"Fig 10A, p.8","Figure only (Fig 10A, p.8); reported as a lettered Duncan-test bar chart across all 18 treatment cells (2 cultivars x 3 nutrient solutions x 3 foliar sprays), no numeric value given in running text or any table. Never read off a figure per SCHEMA.md."
roostaFoliarApplicationPotassium2025,roostaFoliarApplicationPotassium2025-T2,HYD,mineral,Manganese (Mn),NR,NR,NR,NR,"Fig 10B, p.8","Figure only (Fig 10B, p.8); reported as a lettered Duncan-test bar chart across all 18 treatment cells (2 cultivars x 3 nutrient solutions x 3 foliar sprays), no numeric value given in running text or any table. Never read off a figure per SCHEMA.md."
roostaFoliarApplicationPotassium2025,roostaFoliarApplicationPotassium2025-T2,HYD,mineral,Zinc (Zn),NR,NR,NR,NR,"Fig 11, p.8-9","Figure only (Fig 11, p.8-9); reported as a lettered Duncan-test bar chart across all 18 treatment cells (2 cultivars x 3 nutrient solutions x 3 foliar sprays), no numeric value given in running text or any table. Never read off a figure per SCHEMA.md. PDF quality note: the Fig 11 y-axis label extracts (via pdfplumber) as reversed/rotated text "")MD gk/gm(nZ"", which decodes to ""Zn(mg/kg DM)"" reversed -- i.e. the axis is apparently labelled mg/kg DM. This is an axis LABEL, not a bar value, and was not used to fill the Unit field above (kept NR) since it is a garbled OCR-adjacent artifact rather than a cleanly readable statement."
roostaFoliarApplicationPotassium2025,roostaFoliarApplicationPotassium2025-T2,HYD,mineral,Copper (Cu),NR,NR,NR,NR,"Fig 12, p.8-9","Figure only (Fig 12, p.8-9); reported as a lettered Duncan-test bar chart across all 18 treatment cells (2 cultivars x 3 nutrient solutions x 3 foliar sprays), no numeric value given in running text or any table. Never read off a figure per SCHEMA.md."
ruImprovementAquaponicPerformance2017,ruImprovementAquaponicPerformance2017-T1,AP,mineral,Leaf Ca,1.77,0.33,µg/g,NR,"Table 3, p.16334",
ruImprovementAquaponicPerformance2017,ruImprovementAquaponicPerformance2017-T1,AP,mineral,Leaf Mg,0.28,0.03,µg/g,NR,"Table 3, p.16334",
ruImprovementAquaponicPerformance2017,ruImprovementAquaponicPerformance2017-T1,AP,mineral,Leaf K,4.22,0.56,µg/g,NR,"Table 3, p.16334","Text (p.16333) states leaf K was the only element differing between Treatment/Control leaves (""...except for K""); no p-value or table letter given directly, so Significance left NR per the paper's-own-marking rule."
ruImprovementAquaponicPerformance2017,ruImprovementAquaponicPerformance2017-T1,AP,mineral,Leaf Fe,53.83,2.81,µg/g,NR,"Table 3, p.16334",
ruImprovementAquaponicPerformance2017,ruImprovementAquaponicPerformance2017-T1,AP,mineral,Leaf Mn,53.58,5.62,µg/g,NR,"Table 3, p.16334",
ruImprovementAquaponicPerformance2017,ruImprovementAquaponicPerformance2017-T1,AP,mineral,Leaf Zn,35.92,2.62,µg/g,NR,"Table 3, p.16334",
ruImprovementAquaponicPerformance2017,ruImprovementAquaponicPerformance2017-T1,AP,mineral,Leaf Cu,2.83,0.62,µg/g,NR,"Table 3, p.16334",
ruImprovementAquaponicPerformance2017,ruImprovementAquaponicPerformance2017-T1,Control,mineral,Leaf Ca,1.4,0.13,µg/g,NR,"Table 3, p.16334",
ruImprovementAquaponicPerformance2017,ruImprovementAquaponicPerformance2017-T1,Control,mineral,Leaf Mg,0.34,0.01,µg/g,NR,"Table 3, p.16334",
ruImprovementAquaponicPerformance2017,ruImprovementAquaponicPerformance2017-T1,Control,mineral,Leaf K,1.54,0.44,µg/g,NR,"Table 3, p.16334","Text (p.16333) states leaf K was the only element differing between Treatment/Control leaves (""...except for K""); no p-value or table letter given directly, so Significance left NR per the paper's-own-marking rule."
ruImprovementAquaponicPerformance2017,ruImprovementAquaponicPerformance2017-T1,Control,mineral,Leaf Fe,54.08,4.28,µg/g,NR,"Table 3, p.16334",
ruImprovementAquaponicPerformance2017,ruImprovementAquaponicPerformance2017-T1,Control,mineral,Leaf Mn,56.97,6.72,µg/g,NR,"Table 3, p.16334",
ruImprovementAquaponicPerformance2017,ruImprovementAquaponicPerformance2017-T1,Control,mineral,Leaf Zn,39.48,4.59,µg/g,NR,"Table 3, p.16334",
ruImprovementAquaponicPerformance2017,ruImprovementAquaponicPerformance2017-T1,Control,mineral,Leaf Cu,1.99,0.54,µg/g,NR,"Table 3, p.16334",
ruImprovementAquaponicPerformance2017,ruImprovementAquaponicPerformance2017-T1,AP,mineral,Root Ca,1.08,0.25,µg/g,NR,"Table 3, p.16334",
ruImprovementAquaponicPerformance2017,ruImprovementAquaponicPerformance2017-T1,AP,mineral,Root Mg,0.21,0.03,µg/g,NR,"Table 3, p.16334",
ruImprovementAquaponicPerformance2017,ruImprovementAquaponicPerformance2017-T1,AP,mineral,Root K,1.5,0.09,µg/g,NR,"Table 3, p.16334",
ruImprovementAquaponicPerformance2017,ruImprovementAquaponicPerformance2017-T1,AP,mineral,Root Fe,3595.66,370.93,µg/g,NR,"Table 3, p.16334",
ruImprovementAquaponicPerformance2017,ruImprovementAquaponicPerformance2017-T1,AP,mineral,Root Mn,485.51,58.95,µg/g,NR,"Table 3, p.16334",
ruImprovementAquaponicPerformance2017,ruImprovementAquaponicPerformance2017-T1,AP,mineral,Root Zn,120.94,25.34,µg/g,NR,"Table 3, p.16334",
ruImprovementAquaponicPerformance2017,ruImprovementAquaponicPerformance2017-T1,AP,mineral,Root Cu,67.55,7.02,µg/g,NR,"Table 3, p.16334",
ruImprovementAquaponicPerformance2017,ruImprovementAquaponicPerformance2017-T1,Control,mineral,Root Ca,0.84,0.09,µg/g,NR,"Table 3, p.16334",
ruImprovementAquaponicPerformance2017,ruImprovementAquaponicPerformance2017-T1,Control,mineral,Root Mg,0.18,0.02,µg/g,NR,"Table 3, p.16334",
ruImprovementAquaponicPerformance2017,ruImprovementAquaponicPerformance2017-T1,Control,mineral,Root K,1.03,0.11,µg/g,NR,"Table 3, p.16334",
ruImprovementAquaponicPerformance2017,ruImprovementAquaponicPerformance2017-T1,Control,mineral,Root Fe,1486.87,93.75,µg/g,NR,"Table 3, p.16334",
ruImprovementAquaponicPerformance2017,ruImprovementAquaponicPerformance2017-T1,Control,mineral,Root Mn,216.98,18.74,µg/g,NR,"Table 3, p.16334",
ruImprovementAquaponicPerformance2017,ruImprovementAquaponicPerformance2017-T1,Control,mineral,Root Zn,57.77,10.11,µg/g,NR,"Table 3, p.16334",
ruImprovementAquaponicPerformance2017,ruImprovementAquaponicPerformance2017-T1,Control,mineral,Root Cu,34.71,4.67,µg/g,NR,"Table 3, p.16334",
sahaGrowthYieldPlant2016,sahaGrowthYieldPlant2016-T1,AP,mineral,Nitrogen (N),5.45,0.08,% DW,ns,"Table 1, p.185","Dispersion is SE (standard error), not SD, per the paper's own footnote 'The numbers presented with +/- are standard error (SE) values' (p.183). ns (P<0.05); no letter superscript in Table 1/2; confirmed ns in Results running text (p.185). Leaf sample dried before digestion (EPA Method 3052) and ICP-OES analysis (EPA Method 200.8), so value is dry-weight basis."
sahaGrowthYieldPlant2016,sahaGrowthYieldPlant2016-T1,HYD,mineral,Nitrogen (N),5.21,0.11,% DW,ns,"Table 1, p.185","Dispersion is SE (standard error), not SD, per the paper's own footnote 'The numbers presented with +/- are standard error (SE) values' (p.183). ns (P<0.05); no letter superscript in Table 1/2; confirmed ns in Results running text (p.185). Leaf sample dried before digestion (EPA Method 3052) and ICP-OES analysis (EPA Method 200.8), so value is dry-weight basis."
sahaGrowthYieldPlant2016,sahaGrowthYieldPlant2016-T1,AP,mineral,Phosphorus (P),1.71,0.05,% DW,ns,"Table 1, p.185","Dispersion is SE (standard error), not SD, per the paper's own footnote 'The numbers presented with +/- are standard error (SE) values' (p.183). ns (P<0.05); no letter superscript in Table 1/2; confirmed ns in Results running text (p.185). Leaf sample dried before digestion (EPA Method 3052) and ICP-OES analysis (EPA Method 200.8), so value is dry-weight basis."
sahaGrowthYieldPlant2016,sahaGrowthYieldPlant2016-T1,HYD,mineral,Phosphorus (P),1.63,0.05,% DW,ns,"Table 1, p.185","Dispersion is SE (standard error), not SD, per the paper's own footnote 'The numbers presented with +/- are standard error (SE) values' (p.183). ns (P<0.05); no letter superscript in Table 1/2; confirmed ns in Results running text (p.185). Leaf sample dried before digestion (EPA Method 3052) and ICP-OES analysis (EPA Method 200.8), so value is dry-weight basis."
sahaGrowthYieldPlant2016,sahaGrowthYieldPlant2016-T1,AP,mineral,Potassium (K),0.78,0.02,% DW,ns,"Table 1, p.185","Dispersion is SE (standard error), not SD, per the paper's own footnote 'The numbers presented with +/- are standard error (SE) values' (p.183). ns (P<0.05); no letter superscript in Table 1/2; confirmed ns in Results running text (p.185). Leaf sample dried before digestion (EPA Method 3052) and ICP-OES analysis (EPA Method 200.8), so value is dry-weight basis."
sahaGrowthYieldPlant2016,sahaGrowthYieldPlant2016-T1,HYD,mineral,Potassium (K),0.69,0.02,% DW,ns,"Table 1, p.185","Dispersion is SE (standard error), not SD, per the paper's own footnote 'The numbers presented with +/- are standard error (SE) values' (p.183). ns (P<0.05); no letter superscript in Table 1/2; confirmed ns in Results running text (p.185). Leaf sample dried before digestion (EPA Method 3052) and ICP-OES analysis (EPA Method 200.8), so value is dry-weight basis."
sahaGrowthYieldPlant2016,sahaGrowthYieldPlant2016-T1,AP,mineral,Magnesium (Mg),0.54,0.01,% DW,ns,"Table 1, p.185","Dispersion is SE (standard error), not SD, per the paper's own footnote 'The numbers presented with +/- are standard error (SE) values' (p.183). ns (P<0.05); no letter superscript in Table 1/2; confirmed ns in Results running text (p.185). Leaf sample dried before digestion (EPA Method 3052) and ICP-OES analysis (EPA Method 200.8), so value is dry-weight basis."
sahaGrowthYieldPlant2016,sahaGrowthYieldPlant2016-T1,HYD,mineral,Magnesium (Mg),0.45,0.02,% DW,ns,"Table 1, p.185","Dispersion is SE (standard error), not SD, per the paper's own footnote 'The numbers presented with +/- are standard error (SE) values' (p.183). ns (P<0.05); no letter superscript in Table 1/2; confirmed ns in Results running text (p.185). Leaf sample dried before digestion (EPA Method 3052) and ICP-OES analysis (EPA Method 200.8), so value is dry-weight basis."
sahaGrowthYieldPlant2016,sahaGrowthYieldPlant2016-T1,AP,mineral,Calcium (Ca),2.93,0.11,% DW,ns,"Table 1, p.185","Dispersion is SE (standard error), not SD, per the paper's own footnote 'The numbers presented with +/- are standard error (SE) values' (p.183). ns (P<0.05); no letter superscript in Table 1/2; confirmed ns in Results running text (p.185). Leaf sample dried before digestion (EPA Method 3052) and ICP-OES analysis (EPA Method 200.8), so value is dry-weight basis."
sahaGrowthYieldPlant2016,sahaGrowthYieldPlant2016-T1,HYD,mineral,Calcium (Ca),2.92,0.13,% DW,ns,"Table 1, p.185","Dispersion is SE (standard error), not SD, per the paper's own footnote 'The numbers presented with +/- are standard error (SE) values' (p.183). ns (P<0.05); no letter superscript in Table 1/2; confirmed ns in Results running text (p.185). Leaf sample dried before digestion (EPA Method 3052) and ICP-OES analysis (EPA Method 200.8), so value is dry-weight basis."
sahaGrowthYieldPlant2016,sahaGrowthYieldPlant2016-T1,AP,mineral,Sulfur (S),0.32,0.01,% DW,ns,"Table 1, p.185","Dispersion is SE (standard error), not SD, per the paper's own footnote 'The numbers presented with +/- are standard error (SE) values' (p.183). ns (P<0.05); no letter superscript in Table 1/2; confirmed ns in Results running text (p.185). Leaf sample dried before digestion (EPA Method 3052) and ICP-OES analysis (EPA Method 200.8), so value is dry-weight basis."
sahaGrowthYieldPlant2016,sahaGrowthYieldPlant2016-T1,HYD,mineral,Sulfur (S),0.3,0.01,% DW,ns,"Table 1, p.185","Dispersion is SE (standard error), not SD, per the paper's own footnote 'The numbers presented with +/- are standard error (SE) values' (p.183). ns (P<0.05); no letter superscript in Table 1/2; confirmed ns in Results running text (p.185). Leaf sample dried before digestion (EPA Method 3052) and ICP-OES analysis (EPA Method 200.8), so value is dry-weight basis."
sahaGrowthYieldPlant2016,sahaGrowthYieldPlant2016-T1,AP,mineral,Boron (B),42.5,1.7,mg/kg DW,ns,"Table 2, p.185","Dispersion is SE (standard error), not SD, per the paper's own footnote 'The numbers presented with +/- are standard error (SE) values' (p.183). ns (P<0.05); no letter superscript in Table 1/2; confirmed ns in Results running text (p.185). Leaf sample dried before digestion (EPA Method 3052) and ICP-OES analysis (EPA Method 200.8), so value is dry-weight basis."
sahaGrowthYieldPlant2016,sahaGrowthYieldPlant2016-T1,HYD,mineral,Boron (B),37.6,1.6,mg/kg DW,ns,"Table 2, p.185","Dispersion is SE (standard error), not SD, per the paper's own footnote 'The numbers presented with +/- are standard error (SE) values' (p.183). ns (P<0.05); no letter superscript in Table 1/2; confirmed ns in Results running text (p.185). Leaf sample dried before digestion (EPA Method 3052) and ICP-OES analysis (EPA Method 200.8), so value is dry-weight basis."
sahaGrowthYieldPlant2016,sahaGrowthYieldPlant2016-T1,AP,mineral,Copper (Cu),14.1,0.86,mg/kg DW,ns,"Table 2, p.185","Dispersion is SE (standard error), not SD, per the paper's own footnote 'The numbers presented with +/- are standard error (SE) values' (p.183). ns (P<0.05); no letter superscript in Table 1/2; confirmed ns in Results running text (p.185). Leaf sample dried before digestion (EPA Method 3052) and ICP-OES analysis (EPA Method 200.8), so value is dry-weight basis."
sahaGrowthYieldPlant2016,sahaGrowthYieldPlant2016-T1,HYD,mineral,Copper (Cu),15.9,0.74,mg/kg DW,ns,"Table 2, p.185","Dispersion is SE (standard error), not SD, per the paper's own footnote 'The numbers presented with +/- are standard error (SE) values' (p.183). ns (P<0.05); no letter superscript in Table 1/2; confirmed ns in Results running text (p.185). Leaf sample dried before digestion (EPA Method 3052) and ICP-OES analysis (EPA Method 200.8), so value is dry-weight basis."
sahaGrowthYieldPlant2016,sahaGrowthYieldPlant2016-T1,AP,mineral,Iron (Fe),96.1,4.1,mg/kg DW,ns,"Table 2, p.185","Dispersion is SE (standard error), not SD, per the paper's own footnote 'The numbers presented with +/- are standard error (SE) values' (p.183). ns (P<0.05); no letter superscript in Table 1/2; confirmed ns in Results running text (p.185). Leaf sample dried before digestion (EPA Method 3052) and ICP-OES analysis (EPA Method 200.8), so value is dry-weight basis."
sahaGrowthYieldPlant2016,sahaGrowthYieldPlant2016-T1,HYD,mineral,Iron (Fe),99.1,3.8,mg/kg DW,ns,"Table 2, p.185","Dispersion is SE (standard error), not SD, per the paper's own footnote 'The numbers presented with +/- are standard error (SE) values' (p.183). ns (P<0.05); no letter superscript in Table 1/2; confirmed ns in Results running text (p.185). Leaf sample dried before digestion (EPA Method 3052) and ICP-OES analysis (EPA Method 200.8), so value is dry-weight basis."
sahaGrowthYieldPlant2016,sahaGrowthYieldPlant2016-T1,AP,mineral,Manganese (Mn),100.3,10.5,mg/kg DW,ns,"Table 2, p.185","Dispersion is SE (standard error), not SD, per the paper's own footnote 'The numbers presented with +/- are standard error (SE) values' (p.183). ns (P<0.05); no letter superscript in Table 1/2; confirmed ns in Results running text (p.185). Leaf sample dried before digestion (EPA Method 3052) and ICP-OES analysis (EPA Method 200.8), so value is dry-weight basis."
sahaGrowthYieldPlant2016,sahaGrowthYieldPlant2016-T1,HYD,mineral,Manganese (Mn),92.7,3.6,mg/kg DW,ns,"Table 2, p.185","Dispersion is SE (standard error), not SD, per the paper's own footnote 'The numbers presented with +/- are standard error (SE) values' (p.183). ns (P<0.05); no letter superscript in Table 1/2; confirmed ns in Results running text (p.185). Leaf sample dried before digestion (EPA Method 3052) and ICP-OES analysis (EPA Method 200.8), so value is dry-weight basis."
sahaGrowthYieldPlant2016,sahaGrowthYieldPlant2016-T1,AP,mineral,Sodium (Na),89.7,13.5,mg/kg DW,ns,"Table 2, p.185","Dispersion is SE (standard error), not SD, per the paper's own footnote 'The numbers presented with +/- are standard error (SE) values' (p.183). ns (P<0.05); no letter superscript in Table 1/2; confirmed ns in Results running text (p.185). Leaf sample dried before digestion (EPA Method 3052) and ICP-OES analysis (EPA Method 200.8), so value is dry-weight basis."
sahaGrowthYieldPlant2016,sahaGrowthYieldPlant2016-T1,HYD,mineral,Sodium (Na),86.0,8.2,mg/kg DW,ns,"Table 2, p.185","Dispersion is SE (standard error), not SD, per the paper's own footnote 'The numbers presented with +/- are standard error (SE) values' (p.183). ns (P<0.05); no letter superscript in Table 1/2; confirmed ns in Results running text (p.185). Leaf sample dried before digestion (EPA Method 3052) and ICP-OES analysis (EPA Method 200.8), so value is dry-weight basis."
sahaGrowthYieldPlant2016,sahaGrowthYieldPlant2016-T1,AP,mineral,Zinc (Zn),62.2,5.3,mg/kg DW,ns,"Table 2, p.185","Dispersion is SE (standard error), not SD, per the paper's own footnote 'The numbers presented with +/- are standard error (SE) values' (p.183). ns (P<0.05); no letter superscript in Table 1/2; confirmed ns in Results running text (p.185). Leaf sample dried before digestion (EPA Method 3052) and ICP-OES analysis (EPA Method 200.8), so value is dry-weight basis."
sahaGrowthYieldPlant2016,sahaGrowthYieldPlant2016-T1,HYD,mineral,Zinc (Zn),65.4,2.2,mg/kg DW,ns,"Table 2, p.185","Dispersion is SE (standard error), not SD, per the paper's own footnote 'The numbers presented with +/- are standard error (SE) values' (p.183). ns (P<0.05); no letter superscript in Table 1/2; confirmed ns in Results running text (p.185). Leaf sample dried before digestion (EPA Method 3052) and ICP-OES analysis (EPA Method 200.8), so value is dry-weight basis."
sahaGrowthYieldPlant2016,sahaGrowthYieldPlant2016-T1,AP,biochemistry,Chlorophyll (SPAD),29.3,0.3,SPAD units,ns,"Fig. 5, p.184","Dispersion is SE (standard error), not SD, per the paper's own footnote 'The numbers presented with +/- are standard error (SE) values' (p.183). Optical chlorophyll-meter reading (SPAD 502P, Spectrum Technologies), not a wet-chemistry chlorophyll assay; mean of one lower + one upper leaf per plant, measured in full sunlight (p.183). Harvest value; also recorded in trials.csv 'SPAD (aquaponics)' column for the AP system. ns (P<0.05), Fig. 5, confirmed 'not significantly different' in Results text (p.184)."
sahaGrowthYieldPlant2016,sahaGrowthYieldPlant2016-T1,HYD,biochemistry,Chlorophyll (SPAD),28.7,0.3,SPAD units,ns,"Fig. 5, p.184","Dispersion is SE (standard error), not SD, per the paper's own footnote 'The numbers presented with +/- are standard error (SE) values' (p.183). Optical chlorophyll-meter reading (SPAD 502P, Spectrum Technologies), not a wet-chemistry chlorophyll assay; mean of one lower + one upper leaf per plant, measured in full sunlight (p.183). Harvest value; also recorded in trials.csv 'SPAD (aquaponics)' column for the AP system. ns (P<0.05), Fig. 5, confirmed 'not significantly different' in Results text (p.184)."
saseendranEnhancedGrowthResponse2021,saseendranEnhancedGrowthResponse2021-T1,"T1 (BFT-AQP, 150 no.m-3)",biochemistry,Chlorophyll a,20.87,1.57,ug/L,a,"Table 3, p.4","80% acetone extraction (v/v); fully expanded leaves cut to 1g and ground 3-5 min in mortar/pestle; absorbance read at 630/645/665nm; Chl-a = 11.6xA665 - 0.14xA630 - 1.31xA645 (Methods 2.3, following Kamble et al. 2015). Unit as printed in Table 3 (ug L-1, i.e. concentration in the acetone leaf extract, not per g fresh tissue)."
saseendranEnhancedGrowthResponse2021,saseendranEnhancedGrowthResponse2021-T1,"Control (AQP, no biofloc, 150 no.m-3)",biochemistry,Chlorophyll a,12.47,1.91,ug/L,b,"Table 3, p.4","80% acetone extraction (v/v); fully expanded leaves cut to 1g and ground 3-5 min in mortar/pestle; absorbance read at 630/645/665nm; Chl-a = 11.6xA665 - 0.14xA630 - 1.31xA645 (Methods 2.3, following Kamble et al. 2015). Unit as printed in Table 3 (ug L-1, i.e. concentration in the acetone leaf extract, not per g fresh tissue). Shared control value, repeated identically across all three trial rows (T1/T2/T3) per vault convention for a single shared control."
saseendranEnhancedGrowthResponse2021,saseendranEnhancedGrowthResponse2021-T2,"T2 (BFT-AQP, 250 no.m-3)",biochemistry,Chlorophyll a,22.57,1.12,ug/L,a,"Table 3, p.4","80% acetone extraction (v/v); fully expanded leaves cut to 1g and ground 3-5 min in mortar/pestle; absorbance read at 630/645/665nm; Chl-a = 11.6xA665 - 0.14xA630 - 1.31xA645 (Methods 2.3, following Kamble et al. 2015). Unit as printed in Table 3 (ug L-1, i.e. concentration in the acetone leaf extract, not per g fresh tissue)."
saseendranEnhancedGrowthResponse2021,saseendranEnhancedGrowthResponse2021-T2,"Control (AQP, no biofloc, 150 no.m-3)",biochemistry,Chlorophyll a,12.47,1.91,ug/L,b,"Table 3, p.4","80% acetone extraction (v/v); fully expanded leaves cut to 1g and ground 3-5 min in mortar/pestle; absorbance read at 630/645/665nm; Chl-a = 11.6xA665 - 0.14xA630 - 1.31xA645 (Methods 2.3, following Kamble et al. 2015). Unit as printed in Table 3 (ug L-1, i.e. concentration in the acetone leaf extract, not per g fresh tissue). Shared control value, same as the T1 Control row (repeated per vault convention)."
saseendranEnhancedGrowthResponse2021,saseendranEnhancedGrowthResponse2021-T3,"T3 (BFT-AQP, 350 no.m-3)",biochemistry,Chlorophyll a,20.82,1.59,ug/L,a,"Table 3, p.4","80% acetone extraction (v/v); fully expanded leaves cut to 1g and ground 3-5 min in mortar/pestle; absorbance read at 630/645/665nm; Chl-a = 11.6xA665 - 0.14xA630 - 1.31xA645 (Methods 2.3, following Kamble et al. 2015). Unit as printed in Table 3 (ug L-1, i.e. concentration in the acetone leaf extract, not per g fresh tissue)."
saseendranEnhancedGrowthResponse2021,saseendranEnhancedGrowthResponse2021-T3,"Control (AQP, no biofloc, 150 no.m-3)",biochemistry,Chlorophyll a,12.47,1.91,ug/L,b,"Table 3, p.4","80% acetone extraction (v/v); fully expanded leaves cut to 1g and ground 3-5 min in mortar/pestle; absorbance read at 630/645/665nm; Chl-a = 11.6xA665 - 0.14xA630 - 1.31xA645 (Methods 2.3, following Kamble et al. 2015). Unit as printed in Table 3 (ug L-1, i.e. concentration in the acetone leaf extract, not per g fresh tissue). Shared control value, same as the T1 Control row (repeated per vault convention)."
signoriniEffectsSeedlingSubstrate2025,signoriniEffectsSeedlingSubstrate2025-T1,AP,biochemistry,Flavonoid index (FlvM),0.92,0.08,index (log f660/f375),CS p<0.001 ***; S ns; CSxS ns,"Table 6, p.7",Treatment: A-F. WARN-MATERIAL significance threshold: Methods 4.2.8 states p<0.005 for Exp.2 but Table 6's own footnote and all Exp.2 tables use p<0.05/0.01/0.001 -- p<0.05 basis used here (see trials.csv Experimental Remarks).
signoriniEffectsSeedlingSubstrate2025,signoriniEffectsSeedlingSubstrate2025-T1,HYD,biochemistry,Flavonoid index (FlvM),0.66,0.09,index (log f660/f375),CS p<0.001 ***; S ns; CSxS ns,"Table 6, p.7",Treatment: H-F.
signoriniEffectsSeedlingSubstrate2025,signoriniEffectsSeedlingSubstrate2025-T2,AP,biochemistry,Flavonoid index (FlvM),0.93,0.03,index (log f660/f375),CS p<0.001 ***; S ns; CSxS ns,"Table 6, p.7",Treatment: A-RW. Aquaponic system produced a 52.5% higher FlvM mean (0.93) than hydroponic (0.61) across substrates per Results 2.2.3/Abstract.
signoriniEffectsSeedlingSubstrate2025,signoriniEffectsSeedlingSubstrate2025-T2,HYD,biochemistry,Flavonoid index (FlvM),0.56,0.03,index (log f660/f375),CS p<0.001 ***; S ns; CSxS ns,"Table 6, p.7",Treatment: H-RW.
signoriniEffectsSeedlingSubstrate2025,signoriniEffectsSeedlingSubstrate2025-T1,AP,biochemistry,Chlorophyll content index (CCIa),21.54,1.33,index,CS ns (p=0.27); S ns; CSxS ns,"Table 6, p.7","Treatment: A-F. CCIa = (T850/T720) x 0.86532 + 0.39 (transmittance-based; Methods 4.2.5). Distinct instrument/method from a SPAD meter -- not mapped to trials.csv 'SPAD (aquaponics)' column, see trials.csv remarks."
signoriniEffectsSeedlingSubstrate2025,signoriniEffectsSeedlingSubstrate2025-T1,HYD,biochemistry,Chlorophyll content index (CCIa),22.89,2.00,index,CS ns (p=0.27); S ns; CSxS ns,"Table 6, p.7",Treatment: H-F.
signoriniEffectsSeedlingSubstrate2025,signoriniEffectsSeedlingSubstrate2025-T2,AP,biochemistry,Chlorophyll content index (CCIa),21.64,2.23,index,CS ns (p=0.27); S ns; CSxS ns,"Table 6, p.7",Treatment: A-RW.
signoriniEffectsSeedlingSubstrate2025,signoriniEffectsSeedlingSubstrate2025-T2,HYD,biochemistry,Chlorophyll content index (CCIa),24.6,200,index,CS ns (p=0.27); S ns; CSxS ns,"Table 6, p.7","Treatment: H-RW. WARN-MINOR: SD printed as '+/-200' in Table 6, almost certainly a typo for '+/-2.00' (all seven other Table 6 SDs are 0.03-2.23). Recorded literally as printed; not silently corrected. See trials.csv Experimental Remarks."
signoriniEffectsSeedlingSubstrate2025,signoriniEffectsSeedlingSubstrate2025-T1,AP,mineral,Nitrate (NO3-),2451.67,631.40,mg/kg fw,CS ns (p=0.154); S ns (p=0.512); CSxS ns (p=0.08),"Table 7, p.7",Treatment: A-F. Leaf tissue. Same value as trials.csv Tissue nitrate AP/HYD column for this trial; duplicated here for panel completeness. WARN-MINOR unit: Table 7 caption text says 'g kg-1 f.w.' but the table's own column header says 'mg kg-1 f.w.' -- mg/kg fw used (plausibility + column header; see trials.csv Experimental Remarks).
signoriniEffectsSeedlingSubstrate2025,signoriniEffectsSeedlingSubstrate2025-T1,AP,mineral,Phosphorus (P),17.67,1.67,g/plant DW,CS ns (p=0.646); S ns (p=0.765); CSxS ns (p=0.877),"Table 7, p.7",Treatment: A-F. Leaf tissue.
signoriniEffectsSeedlingSubstrate2025,signoriniEffectsSeedlingSubstrate2025-T1,AP,mineral,Potassium (K),153.67,13.22,g/plant DW,CS ns (p=0.115); S ns (p=0.484); CSxS ns (p=0.356),"Table 7, p.7",Treatment: A-F. Leaf tissue.
signoriniEffectsSeedlingSubstrate2025,signoriniEffectsSeedlingSubstrate2025-T1,AP,mineral,Calcium (Ca),63.67,3.84,g/plant DW,CS ns (p=0.228); S ns (p=0.128); CSxS ns (p=0.245),"Table 7, p.7",Treatment: A-F. Leaf tissue.
signoriniEffectsSeedlingSubstrate2025,signoriniEffectsSeedlingSubstrate2025-T1,AP,mineral,Magnesium (Mg),18.67,1.45,g/plant DW,CS ns (p=0.206); S ns (p=0.135); CSxS ns (p=0.201),"Table 7, p.7",Treatment: A-F. Leaf tissue.
signoriniEffectsSeedlingSubstrate2025,signoriniEffectsSeedlingSubstrate2025-T1,AP,mineral,Sulfur (S),7.33,1.20,g/plant DW,CS ns (p=0.472); S ns (p=0.380); CSxS ns (p=0.648),"Table 7, p.7",Treatment: A-F. Leaf tissue.
signoriniEffectsSeedlingSubstrate2025,signoriniEffectsSeedlingSubstrate2025-T1,HYD,mineral,Nitrate (NO3-),3402.00,1480.88,mg/kg fw,CS ns (p=0.154); S ns (p=0.512); CSxS ns (p=0.08),"Table 7, p.7",Treatment: H-F. Leaf tissue. Same value as trials.csv Tissue nitrate AP/HYD column for this trial; duplicated here for panel completeness. WARN-MINOR unit: Table 7 caption text says 'g kg-1 f.w.' but the table's own column header says 'mg kg-1 f.w.' -- mg/kg fw used (plausibility + column header; see trials.csv Experimental Remarks).
signoriniEffectsSeedlingSubstrate2025,signoriniEffectsSeedlingSubstrate2025-T1,HYD,mineral,Phosphorus (P),18.33,9.24,g/plant DW,CS ns (p=0.646); S ns (p=0.765); CSxS ns (p=0.877),"Table 7, p.7",Treatment: H-F. Leaf tissue.
signoriniEffectsSeedlingSubstrate2025,signoriniEffectsSeedlingSubstrate2025-T1,HYD,mineral,Potassium (K),211.00,48.40,g/plant DW,CS ns (p=0.115); S ns (p=0.484); CSxS ns (p=0.356),"Table 7, p.7",Treatment: H-F. Leaf tissue.
signoriniEffectsSeedlingSubstrate2025,signoriniEffectsSeedlingSubstrate2025-T1,HYD,mineral,Calcium (Ca),59.00,12.74,g/plant DW,CS ns (p=0.228); S ns (p=0.128); CSxS ns (p=0.245),"Table 7, p.7",Treatment: H-F. Leaf tissue.
signoriniEffectsSeedlingSubstrate2025,signoriniEffectsSeedlingSubstrate2025-T1,HYD,mineral,Magnesium (Mg),18.00,4.04,g/plant DW,CS ns (p=0.206); S ns (p=0.135); CSxS ns (p=0.201),"Table 7, p.7",Treatment: H-F. Leaf tissue.
signoriniEffectsSeedlingSubstrate2025,signoriniEffectsSeedlingSubstrate2025-T1,HYD,mineral,Sulfur (S),17.33,5.04,g/plant DW,CS ns (p=0.472); S ns (p=0.380); CSxS ns (p=0.648),"Table 7, p.7",Treatment: H-F. Leaf tissue.
signoriniEffectsSeedlingSubstrate2025,signoriniEffectsSeedlingSubstrate2025-T2,AP,mineral,Nitrate (NO3-),5457.67,208.73,mg/kg fw,CS ns (p=0.154); S ns (p=0.512); CSxS ns (p=0.08),"Table 7, p.7",Treatment: A-RW. Leaf tissue. Same value as trials.csv Tissue nitrate AP/HYD column for this trial; duplicated here for panel completeness. WARN-MINOR unit: Table 7 caption text says 'g kg-1 f.w.' but the table's own column header says 'mg kg-1 f.w.' -- mg/kg fw used (plausibility + column header; see trials.csv Experimental Remarks).
signoriniEffectsSeedlingSubstrate2025,signoriniEffectsSeedlingSubstrate2025-T2,AP,mineral,Phosphorus (P),23.00,2.00,g/plant DW,CS ns (p=0.646); S ns (p=0.765); CSxS ns (p=0.877),"Table 7, p.7",Treatment: A-RW. Leaf tissue.
signoriniEffectsSeedlingSubstrate2025,signoriniEffectsSeedlingSubstrate2025-T2,AP,mineral,Potassium (K),181.67,24.18,g/plant DW,CS ns (p=0.115); S ns (p=0.484); CSxS ns (p=0.356),"Table 7, p.7",Treatment: A-RW. Leaf tissue.
signoriniEffectsSeedlingSubstrate2025,signoriniEffectsSeedlingSubstrate2025-T2,AP,mineral,Calcium (Ca),82.00,7.00,g/plant DW,CS ns (p=0.228); S ns (p=0.128); CSxS ns (p=0.245),"Table 7, p.7",Treatment: A-RW. Leaf tissue.
signoriniEffectsSeedlingSubstrate2025,signoriniEffectsSeedlingSubstrate2025-T2,AP,mineral,Magnesium (Mg),25.00,1.53,g/plant DW,CS ns (p=0.206); S ns (p=0.135); CSxS ns (p=0.201),"Table 7, p.7",Treatment: A-RW. Leaf tissue.
signoriniEffectsSeedlingSubstrate2025,signoriniEffectsSeedlingSubstrate2025-T2,AP,mineral,Sulfur (S),18.67,1.76,g/plant DW,CS ns (p=0.472); S ns (p=0.380); CSxS ns (p=0.648),"Table 7, p.7",Treatment: A-RW. Leaf tissue.
signoriniEffectsSeedlingSubstrate2025,signoriniEffectsSeedlingSubstrate2025-T2,HYD,mineral,Nitrate (NO3-),1643.33,815.76,mg/kg fw,CS ns (p=0.154); S ns (p=0.512); CSxS ns (p=0.08),"Table 7, p.7",Treatment: H-RW. Leaf tissue. Same value as trials.csv Tissue nitrate AP/HYD column for this trial; duplicated here for panel completeness. WARN-MINOR unit: Table 7 caption text says 'g kg-1 f.w.' but the table's own column header says 'mg kg-1 f.w.' -- mg/kg fw used (plausibility + column header; see trials.csv Experimental Remarks).
signoriniEffectsSeedlingSubstrate2025,signoriniEffectsSeedlingSubstrate2025-T2,HYD,mineral,Phosphorus (P),16.67,6.98,g/plant DW,CS ns (p=0.646); S ns (p=0.765); CSxS ns (p=0.877),"Table 7, p.7",Treatment: H-RW. Leaf tissue.
signoriniEffectsSeedlingSubstrate2025,signoriniEffectsSeedlingSubstrate2025-T2,HYD,mineral,Potassium (K),224.67,10.81,g/plant DW,CS ns (p=0.115); S ns (p=0.484); CSxS ns (p=0.356),"Table 7, p.7",Treatment: H-RW. Leaf tissue.
signoriniEffectsSeedlingSubstrate2025,signoriniEffectsSeedlingSubstrate2025-T2,HYD,mineral,Calcium (Ca),66.67,2.85,g/plant DW,CS ns (p=0.228); S ns (p=0.128); CSxS ns (p=0.245),"Table 7, p.7",Treatment: H-RW. Leaf tissue.
signoriniEffectsSeedlingSubstrate2025,signoriniEffectsSeedlingSubstrate2025-T2,HYD,mineral,Magnesium (Mg),19.33,0.67,g/plant DW,CS ns (p=0.206); S ns (p=0.135); CSxS ns (p=0.201),"Table 7, p.7",Treatment: H-RW. Leaf tissue.
signoriniEffectsSeedlingSubstrate2025,signoriniEffectsSeedlingSubstrate2025-T2,HYD,mineral,Sulfur (S),20.33,14.44,g/plant DW,CS ns (p=0.472); S ns (p=0.380); CSxS ns (p=0.648),"Table 7, p.7",Treatment: H-RW. Leaf tissue.
signoriniEffectsSeedlingSubstrate2025,signoriniEffectsSeedlingSubstrate2025-T1,AP,mineral,Nitrate (NO3-),2485.00,694.26,mg/kg fw,CS ns (p=0.472); S ns (p=0.645); CSxS ns (p=0.44),"Table 8, p.8",Treatment: A-F. Stem tissue.
signoriniEffectsSeedlingSubstrate2025,signoriniEffectsSeedlingSubstrate2025-T1,AP,mineral,Phosphorus (P),2.00,0.00,g/plant DW,CS ns (p=0.580); S ns (p=0.580); CSxS ns (p=0.802),"Table 8, p.8",Treatment: A-F. Stem tissue.
signoriniEffectsSeedlingSubstrate2025,signoriniEffectsSeedlingSubstrate2025-T1,AP,mineral,Potassium (K),94.00,3.06,g/plant DW,CS ns (p=0.289); S ns (p=0.788); CSxS ns (p=0.609),"Table 8, p.8",Treatment: A-F. Stem tissue.
signoriniEffectsSeedlingSubstrate2025,signoriniEffectsSeedlingSubstrate2025-T1,AP,mineral,Calcium (Ca),7.00,0.00,g/plant DW,CS p=0.038 *; S ns (p=0.320); CSxS ns (p=0.109),"Table 8, p.8",Treatment: A-F. Stem tissue.
signoriniEffectsSeedlingSubstrate2025,signoriniEffectsSeedlingSubstrate2025-T1,AP,mineral,Magnesium (Mg),4.00,0.00,g/plant DW,"CS p=0.009 **; S ns (p=0.282); CSxS p=0.032 * (highest stem Mg in A-F, Table 8 letter grouping 'a')","Table 8, p.8","Treatment: A-F. Stem tissue. Letter grouping (Table 8): A-F 'a', A-RW 'a', H-F 'b', H-RW 'b' -- aquaponic > hydroponic for both substrates."
signoriniEffectsSeedlingSubstrate2025,signoriniEffectsSeedlingSubstrate2025-T1,HYD,mineral,Nitrate (NO3-),3712.00,452.27,mg/kg fw,CS ns (p=0.472); S ns (p=0.645); CSxS ns (p=0.44),"Table 8, p.8",Treatment: H-F. Stem tissue.
signoriniEffectsSeedlingSubstrate2025,signoriniEffectsSeedlingSubstrate2025-T1,HYD,mineral,Phosphorus (P),1.67,0.33,g/plant DW,CS ns (p=0.580); S ns (p=0.580); CSxS ns (p=0.802),"Table 8, p.8",Treatment: H-F. Stem tissue.
signoriniEffectsSeedlingSubstrate2025,signoriniEffectsSeedlingSubstrate2025-T1,HYD,mineral,Potassium (K),91.00,12.12,g/plant DW,CS ns (p=0.289); S ns (p=0.788); CSxS ns (p=0.609),"Table 8, p.8",Treatment: H-F. Stem tissue.
signoriniEffectsSeedlingSubstrate2025,signoriniEffectsSeedlingSubstrate2025-T1,HYD,mineral,Calcium (Ca),5.33,0.67,g/plant DW,CS p=0.038 *; S ns (p=0.320); CSxS ns (p=0.109),"Table 8, p.8",Treatment: H-F. Stem tissue.
signoriniEffectsSeedlingSubstrate2025,signoriniEffectsSeedlingSubstrate2025-T1,HYD,mineral,Magnesium (Mg),2.67,0.33,g/plant DW,"CS p=0.009 **; S ns (p=0.282); CSxS p=0.032 * (highest stem Mg in A-F, Table 8 letter grouping 'a')","Table 8, p.8","Treatment: H-F. Stem tissue. Letter grouping (Table 8): A-F 'a', A-RW 'a', H-F 'b', H-RW 'b' -- aquaponic > hydroponic for both substrates."
signoriniEffectsSeedlingSubstrate2025,signoriniEffectsSeedlingSubstrate2025-T2,AP,mineral,Nitrate (NO3-),5783.00,3230.14,mg/kg fw,CS ns (p=0.472); S ns (p=0.645); CSxS ns (p=0.44),"Table 8, p.8",Treatment: A-RW. Stem tissue.
signoriniEffectsSeedlingSubstrate2025,signoriniEffectsSeedlingSubstrate2025-T2,AP,mineral,Phosphorus (P),1.67,0.33,g/plant DW,CS ns (p=0.580); S ns (p=0.580); CSxS ns (p=0.802),"Table 8, p.8",Treatment: A-RW. Stem tissue.
signoriniEffectsSeedlingSubstrate2025,signoriniEffectsSeedlingSubstrate2025-T2,AP,mineral,Potassium (K),102.00,8.72,g/plant DW,CS ns (p=0.289); S ns (p=0.788); CSxS ns (p=0.609),"Table 8, p.8",Treatment: A-RW. Stem tissue.
signoriniEffectsSeedlingSubstrate2025,signoriniEffectsSeedlingSubstrate2025-T2,AP,mineral,Calcium (Ca),6.00,0.58,g/plant DW,CS p=0.038 *; S ns (p=0.320); CSxS ns (p=0.109),"Table 8, p.8",Treatment: A-RW. Stem tissue.
signoriniEffectsSeedlingSubstrate2025,signoriniEffectsSeedlingSubstrate2025-T2,AP,mineral,Magnesium (Mg),3.33,0.33,g/plant DW,"CS p=0.009 **; S ns (p=0.282); CSxS p=0.032 * (highest stem Mg in A-F, Table 8 letter grouping 'a')","Table 8, p.8","Treatment: A-RW. Stem tissue. Letter grouping (Table 8): A-F 'a', A-RW 'a', H-F 'b', H-RW 'b' -- aquaponic > hydroponic for both substrates."
signoriniEffectsSeedlingSubstrate2025,signoriniEffectsSeedlingSubstrate2025-T2,HYD,mineral,Nitrate (NO3-),2020.67,397.76,mg/kg fw,CS ns (p=0.472); S ns (p=0.645); CSxS ns (p=0.44),"Table 8, p.8",Treatment: H-RW. Stem tissue.
signoriniEffectsSeedlingSubstrate2025,signoriniEffectsSeedlingSubstrate2025-T2,HYD,mineral,Phosphorus (P),1.67,0.33,g/plant DW,CS ns (p=0.580); S ns (p=0.580); CSxS ns (p=0.802),"Table 8, p.8",Treatment: H-RW. Stem tissue.
signoriniEffectsSeedlingSubstrate2025,signoriniEffectsSeedlingSubstrate2025-T2,HYD,mineral,Potassium (K),87.33,3.18,g/plant DW,CS ns (p=0.289); S ns (p=0.788); CSxS ns (p=0.609),"Table 8, p.8",Treatment: H-RW. Stem tissue.
signoriniEffectsSeedlingSubstrate2025,signoriniEffectsSeedlingSubstrate2025-T2,HYD,mineral,Calcium (Ca),5.33,0.33,g/plant DW,CS p=0.038 *; S ns (p=0.320); CSxS ns (p=0.109),"Table 8, p.8",Treatment: H-RW. Stem tissue.
signoriniEffectsSeedlingSubstrate2025,signoriniEffectsSeedlingSubstrate2025-T2,HYD,mineral,Magnesium (Mg),2.67,0.33,g/plant DW,"CS p=0.009 **; S ns (p=0.282); CSxS p=0.032 * (highest stem Mg in A-F, Table 8 letter grouping 'a')","Table 8, p.8","Treatment: H-RW. Stem tissue. Letter grouping (Table 8): A-F 'a', A-RW 'a', H-F 'b', H-RW 'b' -- aquaponic > hydroponic for both substrates."
signoriniEffectsSeedlingSubstrate2025,signoriniEffectsSeedlingSubstrate2025-T1,AP,mineral,Nitrate (NO3-),2998.70,63.19,mg/kg fw,CS ns (p=0.053); S ns (p=0.199); CSxS ns (p=0.050),"Table 9, p.8",Treatment: A-F. Root tissue.
signoriniEffectsSeedlingSubstrate2025,signoriniEffectsSeedlingSubstrate2025-T1,AP,mineral,Phosphorus (P),0.58,0.12,g/plant DW,CS ns (p=0.915); S ns (p=0.920); CSxS ns (p=0.920),"Table 9, p.8",Treatment: A-F. Root tissue.
signoriniEffectsSeedlingSubstrate2025,signoriniEffectsSeedlingSubstrate2025-T1,AP,mineral,Potassium (K),75.94,6.77,g/plant DW,CS ns (p=0.793); S ns (p=0.497); CSxS ns (p=0.897),"Table 9, p.8",Treatment: A-F. Root tissue.
signoriniEffectsSeedlingSubstrate2025,signoriniEffectsSeedlingSubstrate2025-T1,AP,mineral,Calcium (Ca),4.28,0.22,g/plant DW,"CS ns (p=0.620); S p=0.020 * (F > RW, 20.8% higher per Results 2.2.4); CSxS ns (p=0.066)","Table 9, p.8",Treatment: A-F. Root tissue.
signoriniEffectsSeedlingSubstrate2025,signoriniEffectsSeedlingSubstrate2025-T1,AP,mineral,Magnesium (Mg),10.25,0.63,g/plant DW,CS p=0.032 * (aquaponic 37.9% higher than hydroponic per Results 2.2.4); S ns (p=0.527); CSxS ns (p=0.141),"Table 9, p.8",Treatment: A-F. Root tissue.
signoriniEffectsSeedlingSubstrate2025,signoriniEffectsSeedlingSubstrate2025-T1,HYD,mineral,Nitrate (NO3-),2356.53,125.05,mg/kg fw,CS ns (p=0.053); S ns (p=0.199); CSxS ns (p=0.050),"Table 9, p.8",Treatment: H-F. Root tissue.
signoriniEffectsSeedlingSubstrate2025,signoriniEffectsSeedlingSubstrate2025-T1,HYD,mineral,Phosphorus (P),0.68,0.10,g/plant DW,CS ns (p=0.915); S ns (p=0.920); CSxS ns (p=0.920),"Table 9, p.8",Treatment: H-F. Root tissue.
signoriniEffectsSeedlingSubstrate2025,signoriniEffectsSeedlingSubstrate2025-T1,HYD,mineral,Potassium (K),77.77,13.13,g/plant DW,CS ns (p=0.793); S ns (p=0.497); CSxS ns (p=0.897),"Table 9, p.8",Treatment: H-F. Root tissue.
signoriniEffectsSeedlingSubstrate2025,signoriniEffectsSeedlingSubstrate2025-T1,HYD,mineral,Calcium (Ca),3.73,0.07,g/plant DW,"CS ns (p=0.620); S p=0.020 * (F > RW, 20.8% higher per Results 2.2.4); CSxS ns (p=0.066)","Table 9, p.8",Treatment: H-F. Root tissue.
signoriniEffectsSeedlingSubstrate2025,signoriniEffectsSeedlingSubstrate2025-T1,HYD,mineral,Magnesium (Mg),7.70,1.33,g/plant DW,CS p=0.032 * (aquaponic 37.9% higher than hydroponic per Results 2.2.4); S ns (p=0.527); CSxS ns (p=0.141),"Table 9, p.8",Treatment: H-F. Root tissue.
signoriniEffectsSeedlingSubstrate2025,signoriniEffectsSeedlingSubstrate2025-T2,AP,mineral,Nitrate (NO3-),2476.03,158.60,mg/kg fw,CS ns (p=0.053); S ns (p=0.199); CSxS ns (p=0.050),"Table 9, p.8",Treatment: A-RW. Root tissue.
signoriniEffectsSeedlingSubstrate2025,signoriniEffectsSeedlingSubstrate2025-T2,AP,mineral,Phosphorus (P),0.68,0.25,g/plant DW,CS ns (p=0.915); S ns (p=0.920); CSxS ns (p=0.920),"Table 9, p.8",Treatment: A-RW. Root tissue.
signoriniEffectsSeedlingSubstrate2025,signoriniEffectsSeedlingSubstrate2025-T2,AP,mineral,Potassium (K),81.95,10.90,g/plant DW,CS ns (p=0.793); S ns (p=0.497); CSxS ns (p=0.897),"Table 9, p.8",Treatment: A-RW. Root tissue.
signoriniEffectsSeedlingSubstrate2025,signoriniEffectsSeedlingSubstrate2025-T2,AP,mineral,Calcium (Ca),3.17,0.24,g/plant DW,"CS ns (p=0.620); S p=0.020 * (F > RW, 20.8% higher per Results 2.2.4); CSxS ns (p=0.066)","Table 9, p.8",Treatment: A-RW. Root tissue.
signoriniEffectsSeedlingSubstrate2025,signoriniEffectsSeedlingSubstrate2025-T2,AP,mineral,Magnesium (Mg),11.43,1.69,g/plant DW,CS p=0.032 * (aquaponic 37.9% higher than hydroponic per Results 2.2.4); S ns (p=0.527); CSxS ns (p=0.141),"Table 9, p.8",Treatment: A-RW. Root tissue.
signoriniEffectsSeedlingSubstrate2025,signoriniEffectsSeedlingSubstrate2025-T2,HYD,mineral,Nitrate (NO3-),2491.60,178.48,mg/kg fw,CS ns (p=0.053); S ns (p=0.199); CSxS ns (p=0.050),"Table 9, p.8",Treatment: H-RW. Root tissue.
signoriniEffectsSeedlingSubstrate2025,signoriniEffectsSeedlingSubstrate2025-T2,HYD,mineral,Phosphorus (P),0.54,0.18,g/plant DW,CS ns (p=0.915); S ns (p=0.920); CSxS ns (p=0.920),"Table 9, p.8",Treatment: H-RW. Root tissue.
signoriniEffectsSeedlingSubstrate2025,signoriniEffectsSeedlingSubstrate2025-T2,HYD,mineral,Potassium (K),85.25,4.71,g/plant DW,CS ns (p=0.793); S ns (p=0.497); CSxS ns (p=0.897),"Table 9, p.8",Treatment: H-RW. Root tissue.
signoriniEffectsSeedlingSubstrate2025,signoriniEffectsSeedlingSubstrate2025-T2,HYD,mineral,Calcium (Ca),3.46,0.37,g/plant DW,"CS ns (p=0.620); S p=0.020 * (F > RW, 20.8% higher per Results 2.2.4); CSxS ns (p=0.066)","Table 9, p.8",Treatment: H-RW. Root tissue.
signoriniEffectsSeedlingSubstrate2025,signoriniEffectsSeedlingSubstrate2025-T2,HYD,mineral,Magnesium (Mg),8.04,0.49,g/plant DW,CS p=0.032 * (aquaponic 37.9% higher than hydroponic per Results 2.2.4); S ns (p=0.527); CSxS ns (p=0.141),"Table 9, p.8",Treatment: H-RW. Root tissue.
singhAquaponicProductionOrnamental2024,singhAquaponicProductionOrnamental2024-T1,AP,proximate,Protein,1.41,0.17,%,p=0.94 (ns),Table 6,HM = AP (aquaponic-fed hydroponic unit)
singhAquaponicProductionOrnamental2024,singhAquaponicProductionOrnamental2024-T1,SM,proximate,Protein,1.39,0.23,%,p=0.94 (ns),Table 6,Non-hydroponic soil-bed comparator (not a synthetic-nutrient hydroponic control)
singhAquaponicProductionOrnamental2024,singhAquaponicProductionOrnamental2024-T1,AP,proximate,Fat,0.26,0.00,%,UNCLEAR,Table 6,"BLOCK: Table 6 gives P=1.12 for this comparison, which is impossible (p must be 0-1). Value/SD as reported; significance cannot be determined. Text (p.1102) calls all nutrient composition ns except fibre, but this cannot be confirmed numerically for fat given the invalid p-value."
singhAquaponicProductionOrnamental2024,singhAquaponicProductionOrnamental2024-T1,SM,proximate,Fat,0.30,0.02,%,UNCLEAR,Table 6,BLOCK: same impossible P=1.12 applies to this SM-HM comparison (one shared p-value for the pair). Non-hydroponic soil-bed comparator.
singhAquaponicProductionOrnamental2024,singhAquaponicProductionOrnamental2024-T1,AP,proximate,Carbohydrate,1.08,0.04,%,p=0.54 (ns),Table 6,HM = AP
singhAquaponicProductionOrnamental2024,singhAquaponicProductionOrnamental2024-T1,SM,proximate,Carbohydrate,1.35,0.41,%,p=0.54 (ns),Table 6,Non-hydroponic soil-bed comparator
singhAquaponicProductionOrnamental2024,singhAquaponicProductionOrnamental2024-T1,AP,proximate,Ash,1.51,0.20,%,p=0.59 (ns),Table 6,HM = AP
singhAquaponicProductionOrnamental2024,singhAquaponicProductionOrnamental2024-T1,SM,proximate,Ash,1.63,0.03,%,p=0.59 (ns),Table 6,Non-hydroponic soil-bed comparator
singhAquaponicProductionOrnamental2024,singhAquaponicProductionOrnamental2024-T1,AP,proximate,Moisture,94.00,0.12,%,p=0.10 (ns),Table 6,HM = AP
singhAquaponicProductionOrnamental2024,singhAquaponicProductionOrnamental2024-T1,SM,proximate,Moisture,93.33,0.29,%,p=0.10 (ns),Table 6,Non-hydroponic soil-bed comparator
singhAquaponicProductionOrnamental2024,singhAquaponicProductionOrnamental2024-T1,AP,proximate,Fiber,1.72,0.03,%,"p=0.00 (p<=0.05, significant)",Table 6,HM = AP
singhAquaponicProductionOrnamental2024,singhAquaponicProductionOrnamental2024-T1,SM,proximate,Fiber,1.98,0.03,%,"p=0.00 (p<=0.05, significant)",Table 6,Non-hydroponic soil-bed comparator
singhAquaponicProductionOrnamental2024,singhAquaponicProductionOrnamental2024-T1,AP,biochemistry,Chlorophyll a,5.34,NR,mg/g,p<=0.05 (CD=0.39),Table 5,"HM = AP; no SD reported, point estimate with CD (critical difference) threshold only"
singhAquaponicProductionOrnamental2024,singhAquaponicProductionOrnamental2024-T1,SM,biochemistry,Chlorophyll a,4.64,NR,mg/g,p<=0.05 (CD=0.39),Table 5,Non-hydroponic soil-bed comparator; no SD reported
singhAquaponicProductionOrnamental2024,singhAquaponicProductionOrnamental2024-T1,AP,biochemistry,Chlorophyll b,3.62,NR,mg/g,p<=0.05 (CD=0.30),Table 5,HM = AP; no SD reported
singhAquaponicProductionOrnamental2024,singhAquaponicProductionOrnamental2024-T1,SM,biochemistry,Chlorophyll b,2.97,NR,mg/g,p<=0.05 (CD=0.30),Table 5,Non-hydroponic soil-bed comparator; no SD reported
singhAquaponicProductionOrnamental2024,singhAquaponicProductionOrnamental2024-T1,AP,biochemistry,Total chlorophyll,3.14,NR,mg/g,p<=0.05 (CD=0.11),Table 5,HM = AP; no SD reported
singhAquaponicProductionOrnamental2024,singhAquaponicProductionOrnamental2024-T1,SM,biochemistry,Total chlorophyll,2.60,NR,mg/g,p<=0.05 (CD=0.11),Table 5,Non-hydroponic soil-bed comparator; no SD reported
singhAquaponicProductionOrnamental2024,singhAquaponicProductionOrnamental2024-T1,AP,biochemistry,Carotenoids,3.89,NR,mg/g,p<=0.05 (CD=0.29),Table 5,HM = AP; no SD reported
singhAquaponicProductionOrnamental2024,singhAquaponicProductionOrnamental2024-T1,SM,biochemistry,Carotenoids,3.53,NR,mg/g,p<=0.05 (CD=0.29),Table 5,Non-hydroponic soil-bed comparator; no SD reported
singhAquaponicProductionOrnamental2024,singhAquaponicProductionOrnamental2024-T2,AP,proximate,Protein,1.41,0.17,%,p=0.94 (ns),Table 6,HM = AP (aquaponic-fed hydroponic unit)
singhAquaponicProductionOrnamental2024,singhAquaponicProductionOrnamental2024-T2,SM,proximate,Protein,1.39,0.23,%,p=0.94 (ns),Table 6,Non-hydroponic soil-bed comparator (not a synthetic-nutrient hydroponic control)
singhAquaponicProductionOrnamental2024,singhAquaponicProductionOrnamental2024-T2,AP,proximate,Fat,0.26,0.00,%,UNCLEAR,Table 6,"BLOCK: Table 6 gives P=1.12 for this comparison, which is impossible (p must be 0-1). Value/SD as reported; significance cannot be determined. Text (p.1102) calls all nutrient composition ns except fibre, but this cannot be confirmed numerically for fat given the invalid p-value."
singhAquaponicProductionOrnamental2024,singhAquaponicProductionOrnamental2024-T2,SM,proximate,Fat,0.30,0.02,%,UNCLEAR,Table 6,BLOCK: same impossible P=1.12 applies to this SM-HM comparison (one shared p-value for the pair). Non-hydroponic soil-bed comparator.
singhAquaponicProductionOrnamental2024,singhAquaponicProductionOrnamental2024-T2,AP,proximate,Carbohydrate,1.08,0.04,%,p=0.54 (ns),Table 6,HM = AP
singhAquaponicProductionOrnamental2024,singhAquaponicProductionOrnamental2024-T2,SM,proximate,Carbohydrate,1.35,0.41,%,p=0.54 (ns),Table 6,Non-hydroponic soil-bed comparator
singhAquaponicProductionOrnamental2024,singhAquaponicProductionOrnamental2024-T2,AP,proximate,Ash,1.51,0.20,%,p=0.59 (ns),Table 6,HM = AP
singhAquaponicProductionOrnamental2024,singhAquaponicProductionOrnamental2024-T2,SM,proximate,Ash,1.63,0.03,%,p=0.59 (ns),Table 6,Non-hydroponic soil-bed comparator
singhAquaponicProductionOrnamental2024,singhAquaponicProductionOrnamental2024-T2,AP,proximate,Moisture,94.00,0.12,%,p=0.10 (ns),Table 6,HM = AP
singhAquaponicProductionOrnamental2024,singhAquaponicProductionOrnamental2024-T2,SM,proximate,Moisture,93.33,0.29,%,p=0.10 (ns),Table 6,Non-hydroponic soil-bed comparator
singhAquaponicProductionOrnamental2024,singhAquaponicProductionOrnamental2024-T2,AP,proximate,Fiber,1.72,0.03,%,"p=0.00 (p<=0.05, significant)",Table 6,HM = AP
singhAquaponicProductionOrnamental2024,singhAquaponicProductionOrnamental2024-T2,SM,proximate,Fiber,1.98,0.03,%,"p=0.00 (p<=0.05, significant)",Table 6,Non-hydroponic soil-bed comparator
singhAquaponicProductionOrnamental2024,singhAquaponicProductionOrnamental2024-T2,AP,biochemistry,Chlorophyll a,5.34,NR,mg/g,p<=0.05 (CD=0.39),Table 5,"HM = AP; no SD reported, point estimate with CD (critical difference) threshold only"
singhAquaponicProductionOrnamental2024,singhAquaponicProductionOrnamental2024-T2,SM,biochemistry,Chlorophyll a,4.64,NR,mg/g,p<=0.05 (CD=0.39),Table 5,Non-hydroponic soil-bed comparator; no SD reported
singhAquaponicProductionOrnamental2024,singhAquaponicProductionOrnamental2024-T2,AP,biochemistry,Chlorophyll b,3.62,NR,mg/g,p<=0.05 (CD=0.30),Table 5,HM = AP; no SD reported
singhAquaponicProductionOrnamental2024,singhAquaponicProductionOrnamental2024-T2,SM,biochemistry,Chlorophyll b,2.97,NR,mg/g,p<=0.05 (CD=0.30),Table 5,Non-hydroponic soil-bed comparator; no SD reported
singhAquaponicProductionOrnamental2024,singhAquaponicProductionOrnamental2024-T2,AP,biochemistry,Total chlorophyll,3.14,NR,mg/g,p<=0.05 (CD=0.11),Table 5,HM = AP; no SD reported
singhAquaponicProductionOrnamental2024,singhAquaponicProductionOrnamental2024-T2,SM,biochemistry,Total chlorophyll,2.60,NR,mg/g,p<=0.05 (CD=0.11),Table 5,Non-hydroponic soil-bed comparator; no SD reported
singhAquaponicProductionOrnamental2024,singhAquaponicProductionOrnamental2024-T2,AP,biochemistry,Carotenoids,3.89,NR,mg/g,p<=0.05 (CD=0.29),Table 5,HM = AP; no SD reported
singhAquaponicProductionOrnamental2024,singhAquaponicProductionOrnamental2024-T2,SM,biochemistry,Carotenoids,3.53,NR,mg/g,p<=0.05 (CD=0.29),Table 5,Non-hydroponic soil-bed comparator; no SD reported
singhAquaponicProductionOrnamental2024,singhAquaponicProductionOrnamental2024-T3,AP,proximate,Protein,1.41,0.17,%,p=0.94 (ns),Table 6,HM = AP (aquaponic-fed hydroponic unit)
singhAquaponicProductionOrnamental2024,singhAquaponicProductionOrnamental2024-T3,SM,proximate,Protein,1.39,0.23,%,p=0.94 (ns),Table 6,Non-hydroponic soil-bed comparator (not a synthetic-nutrient hydroponic control)
singhAquaponicProductionOrnamental2024,singhAquaponicProductionOrnamental2024-T3,AP,proximate,Fat,0.26,0.00,%,UNCLEAR,Table 6,"BLOCK: Table 6 gives P=1.12 for this comparison, which is impossible (p must be 0-1). Value/SD as reported; significance cannot be determined. Text (p.1102) calls all nutrient composition ns except fibre, but this cannot be confirmed numerically for fat given the invalid p-value."
singhAquaponicProductionOrnamental2024,singhAquaponicProductionOrnamental2024-T3,SM,proximate,Fat,0.30,0.02,%,UNCLEAR,Table 6,BLOCK: same impossible P=1.12 applies to this SM-HM comparison (one shared p-value for the pair). Non-hydroponic soil-bed comparator.
singhAquaponicProductionOrnamental2024,singhAquaponicProductionOrnamental2024-T3,AP,proximate,Carbohydrate,1.08,0.04,%,p=0.54 (ns),Table 6,HM = AP
singhAquaponicProductionOrnamental2024,singhAquaponicProductionOrnamental2024-T3,SM,proximate,Carbohydrate,1.35,0.41,%,p=0.54 (ns),Table 6,Non-hydroponic soil-bed comparator
singhAquaponicProductionOrnamental2024,singhAquaponicProductionOrnamental2024-T3,AP,proximate,Ash,1.51,0.20,%,p=0.59 (ns),Table 6,HM = AP
singhAquaponicProductionOrnamental2024,singhAquaponicProductionOrnamental2024-T3,SM,proximate,Ash,1.63,0.03,%,p=0.59 (ns),Table 6,Non-hydroponic soil-bed comparator
singhAquaponicProductionOrnamental2024,singhAquaponicProductionOrnamental2024-T3,AP,proximate,Moisture,94.00,0.12,%,p=0.10 (ns),Table 6,HM = AP
singhAquaponicProductionOrnamental2024,singhAquaponicProductionOrnamental2024-T3,SM,proximate,Moisture,93.33,0.29,%,p=0.10 (ns),Table 6,Non-hydroponic soil-bed comparator
singhAquaponicProductionOrnamental2024,singhAquaponicProductionOrnamental2024-T3,AP,proximate,Fiber,1.72,0.03,%,"p=0.00 (p<=0.05, significant)",Table 6,HM = AP
singhAquaponicProductionOrnamental2024,singhAquaponicProductionOrnamental2024-T3,SM,proximate,Fiber,1.98,0.03,%,"p=0.00 (p<=0.05, significant)",Table 6,Non-hydroponic soil-bed comparator
singhAquaponicProductionOrnamental2024,singhAquaponicProductionOrnamental2024-T3,AP,biochemistry,Chlorophyll a,5.34,NR,mg/g,p<=0.05 (CD=0.39),Table 5,"HM = AP; no SD reported, point estimate with CD (critical difference) threshold only"
singhAquaponicProductionOrnamental2024,singhAquaponicProductionOrnamental2024-T3,SM,biochemistry,Chlorophyll a,4.64,NR,mg/g,p<=0.05 (CD=0.39),Table 5,Non-hydroponic soil-bed comparator; no SD reported
singhAquaponicProductionOrnamental2024,singhAquaponicProductionOrnamental2024-T3,AP,biochemistry,Chlorophyll b,3.62,NR,mg/g,p<=0.05 (CD=0.30),Table 5,HM = AP; no SD reported
singhAquaponicProductionOrnamental2024,singhAquaponicProductionOrnamental2024-T3,SM,biochemistry,Chlorophyll b,2.97,NR,mg/g,p<=0.05 (CD=0.30),Table 5,Non-hydroponic soil-bed comparator; no SD reported
singhAquaponicProductionOrnamental2024,singhAquaponicProductionOrnamental2024-T3,AP,biochemistry,Total chlorophyll,3.14,NR,mg/g,p<=0.05 (CD=0.11),Table 5,HM = AP; no SD reported
singhAquaponicProductionOrnamental2024,singhAquaponicProductionOrnamental2024-T3,SM,biochemistry,Total chlorophyll,2.60,NR,mg/g,p<=0.05 (CD=0.11),Table 5,Non-hydroponic soil-bed comparator; no SD reported
singhAquaponicProductionOrnamental2024,singhAquaponicProductionOrnamental2024-T3,AP,biochemistry,Carotenoids,3.89,NR,mg/g,p<=0.05 (CD=0.29),Table 5,HM = AP; no SD reported
singhAquaponicProductionOrnamental2024,singhAquaponicProductionOrnamental2024-T3,SM,biochemistry,Carotenoids,3.53,NR,mg/g,p<=0.05 (CD=0.29),Table 5,Non-hydroponic soil-bed comparator; no SD reported
smithWatercressNasturtiumOfficinale2007,smithWatercressNasturtiumOfficinale2007-T1,AP,mineral,Total nitrogen (dry tissue),1.36,NR,%,a (ns letter grouping); factor sig *,"Table 4 p.40, Velocity: Low (0.06 cm/s)","Whole-plant (root+shoot) dried tissue, % dry weight basis; Total N by LECO TruSpec CHN-S combustion analyzer (13 samples by gas chromatography during instrument maintenance); Total P by Varian ICP-OES. Not a leaf-only or new-growth sample (contrast with Mills et al. 1996 sufficiency ranges, which use new-leaf mid-season samples) -- see note's Extraction notes. Marginal mean across all 3 media/3 densities."
smithWatercressNasturtiumOfficinale2007,smithWatercressNasturtiumOfficinale2007-T1,AP,mineral,Total nitrogen (dry tissue),1.85,NR,%,b; factor sig *,"Table 4 p.40, Velocity: Medium (0.30 cm/s)","Whole-plant (root+shoot) dried tissue, % dry weight basis; Total N by LECO TruSpec CHN-S combustion analyzer (13 samples by gas chromatography during instrument maintenance); Total P by Varian ICP-OES. Not a leaf-only or new-growth sample (contrast with Mills et al. 1996 sufficiency ranges, which use new-leaf mid-season samples) -- see note's Extraction notes. Marginal mean across all 3 media/3 densities."
smithWatercressNasturtiumOfficinale2007,smithWatercressNasturtiumOfficinale2007-T1,AP,mineral,Total nitrogen (dry tissue),1.78,NR,%,b; factor sig *,"Table 4 p.40, Velocity: High (0.61 cm/s)","Whole-plant (root+shoot) dried tissue, % dry weight basis; Total N by LECO TruSpec CHN-S combustion analyzer (13 samples by gas chromatography during instrument maintenance); Total P by Varian ICP-OES. Not a leaf-only or new-growth sample (contrast with Mills et al. 1996 sufficiency ranges, which use new-leaf mid-season samples) -- see note's Extraction notes. Marginal mean across all 3 media/3 densities."
smithWatercressNasturtiumOfficinale2007,smithWatercressNasturtiumOfficinale2007-T1,AP,mineral,Total nitrogen (dry tissue),2.43,NR,%,a; factor sig ***,"Table 4 p.40, Media: Paper","Whole-plant (root+shoot) dried tissue, % dry weight basis; Total N by LECO TruSpec CHN-S combustion analyzer (13 samples by gas chromatography during instrument maintenance); Total P by Varian ICP-OES. Not a leaf-only or new-growth sample (contrast with Mills et al. 1996 sufficiency ranges, which use new-leaf mid-season samples) -- see note's Extraction notes. Marginal mean across all 3 velocities/3 densities."
smithWatercressNasturtiumOfficinale2007,smithWatercressNasturtiumOfficinale2007-T1,AP,mineral,Total nitrogen (dry tissue),2.41,NR,%,a; factor sig ***,"Table 4 p.40, Media: Rockwool","Whole-plant (root+shoot) dried tissue, % dry weight basis; Total N by LECO TruSpec CHN-S combustion analyzer (13 samples by gas chromatography during instrument maintenance); Total P by Varian ICP-OES. Not a leaf-only or new-growth sample (contrast with Mills et al. 1996 sufficiency ranges, which use new-leaf mid-season samples) -- see note's Extraction notes. Marginal mean across all 3 velocities/3 densities."
smithWatercressNasturtiumOfficinale2007,smithWatercressNasturtiumOfficinale2007-T1,AP,mineral,Total nitrogen (dry tissue),0.15,NR,%,b; factor sig ***,"Table 4 p.40, Media: Oasis","Whole-plant (root+shoot) dried tissue, % dry weight basis; Total N by LECO TruSpec CHN-S combustion analyzer (13 samples by gas chromatography during instrument maintenance); Total P by Varian ICP-OES. Not a leaf-only or new-growth sample (contrast with Mills et al. 1996 sufficiency ranges, which use new-leaf mid-season samples) -- see note's Extraction notes. Marginal mean across all 3 velocities/3 densities."
smithWatercressNasturtiumOfficinale2007,smithWatercressNasturtiumOfficinale2007-T1,AP,mineral,Total nitrogen (dry tissue),1.27,NR,%,a; factor sig ***,"Table 4 p.40, Sample date: Week 9 (8/26/2005)","Whole-plant (root+shoot) dried tissue, % dry weight basis; Total N by LECO TruSpec CHN-S combustion analyzer (13 samples by gas chromatography during instrument maintenance); Total P by Varian ICP-OES. Not a leaf-only or new-growth sample (contrast with Mills et al. 1996 sufficiency ranges, which use new-leaf mid-season samples) -- see note's Extraction notes."
smithWatercressNasturtiumOfficinale2007,smithWatercressNasturtiumOfficinale2007-T1,AP,mineral,Total nitrogen (dry tissue),2.05,NR,%,b; factor sig ***,"Table 4 p.40, Sample date: Week 12 (9/16/2005)","Whole-plant (root+shoot) dried tissue, % dry weight basis; Total N by LECO TruSpec CHN-S combustion analyzer (13 samples by gas chromatography during instrument maintenance); Total P by Varian ICP-OES. Not a leaf-only or new-growth sample (contrast with Mills et al. 1996 sufficiency ranges, which use new-leaf mid-season samples) -- see note's Extraction notes."
smithWatercressNasturtiumOfficinale2007,smithWatercressNasturtiumOfficinale2007-T1,AP,mineral,Total phosphorus (dry tissue),0.58,NR,%,ab; interaction sig **,"Table 5 p.42, Velocity x Media combination: Low (0.06 cm/s) x Paper","Whole-plant (root+shoot) dried tissue, % dry weight basis; Total N by LECO TruSpec CHN-S combustion analyzer (13 samples by gas chromatography during instrument maintenance); Total P by Varian ICP-OES. Not a leaf-only or new-growth sample (contrast with Mills et al. 1996 sufficiency ranges, which use new-leaf mid-season samples) -- see note's Extraction notes. True joint (not marginal) combination cell mean -- the one place Summer 2005 reports a per-combination value."
smithWatercressNasturtiumOfficinale2007,smithWatercressNasturtiumOfficinale2007-T1,AP,mineral,Total phosphorus (dry tissue),0.35,NR,%,b; interaction sig **,"Table 5 p.42, Velocity x Media combination: Low (0.06 cm/s) x Rockwool","Whole-plant (root+shoot) dried tissue, % dry weight basis; Total N by LECO TruSpec CHN-S combustion analyzer (13 samples by gas chromatography during instrument maintenance); Total P by Varian ICP-OES. Not a leaf-only or new-growth sample (contrast with Mills et al. 1996 sufficiency ranges, which use new-leaf mid-season samples) -- see note's Extraction notes. True joint (not marginal) combination cell mean -- the one place Summer 2005 reports a per-combination value."
smithWatercressNasturtiumOfficinale2007,smithWatercressNasturtiumOfficinale2007-T1,AP,mineral,Total phosphorus (dry tissue),0.0,NR,%,c; interaction sig **,"Table 5 p.42, Velocity x Media combination: Low (0.06 cm/s) x Oasis","Whole-plant (root+shoot) dried tissue, % dry weight basis; Total N by LECO TruSpec CHN-S combustion analyzer (13 samples by gas chromatography during instrument maintenance); Total P by Varian ICP-OES. Not a leaf-only or new-growth sample (contrast with Mills et al. 1996 sufficiency ranges, which use new-leaf mid-season samples) -- see note's Extraction notes. True joint (not marginal) combination cell mean -- the one place Summer 2005 reports a per-combination value."
smithWatercressNasturtiumOfficinale2007,smithWatercressNasturtiumOfficinale2007-T1,AP,mineral,Total phosphorus (dry tissue),0.62,NR,%,ab; interaction sig **,"Table 5 p.42, Velocity x Media combination: Medium (0.30 cm/s) x Paper","Whole-plant (root+shoot) dried tissue, % dry weight basis; Total N by LECO TruSpec CHN-S combustion analyzer (13 samples by gas chromatography during instrument maintenance); Total P by Varian ICP-OES. Not a leaf-only or new-growth sample (contrast with Mills et al. 1996 sufficiency ranges, which use new-leaf mid-season samples) -- see note's Extraction notes. True joint (not marginal) combination cell mean -- the one place Summer 2005 reports a per-combination value."
smithWatercressNasturtiumOfficinale2007,smithWatercressNasturtiumOfficinale2007-T1,AP,mineral,Total phosphorus (dry tissue),0.58,NR,%,ab; interaction sig **,"Table 5 p.42, Velocity x Media combination: Medium (0.30 cm/s) x Rockwool","Whole-plant (root+shoot) dried tissue, % dry weight basis; Total N by LECO TruSpec CHN-S combustion analyzer (13 samples by gas chromatography during instrument maintenance); Total P by Varian ICP-OES. Not a leaf-only or new-growth sample (contrast with Mills et al. 1996 sufficiency ranges, which use new-leaf mid-season samples) -- see note's Extraction notes. True joint (not marginal) combination cell mean -- the one place Summer 2005 reports a per-combination value."
smithWatercressNasturtiumOfficinale2007,smithWatercressNasturtiumOfficinale2007-T1,AP,mineral,Total phosphorus (dry tissue),0.03,NR,%,c; interaction sig **,"Table 5 p.42, Velocity x Media combination: Medium (0.30 cm/s) x Oasis","Whole-plant (root+shoot) dried tissue, % dry weight basis; Total N by LECO TruSpec CHN-S combustion analyzer (13 samples by gas chromatography during instrument maintenance); Total P by Varian ICP-OES. Not a leaf-only or new-growth sample (contrast with Mills et al. 1996 sufficiency ranges, which use new-leaf mid-season samples) -- see note's Extraction notes. True joint (not marginal) combination cell mean -- the one place Summer 2005 reports a per-combination value."
smithWatercressNasturtiumOfficinale2007,smithWatercressNasturtiumOfficinale2007-T1,AP,mineral,Total phosphorus (dry tissue),0.63,NR,%,a; interaction sig **,"Table 5 p.42, Velocity x Media combination: High (0.61 cm/s) x Paper","Whole-plant (root+shoot) dried tissue, % dry weight basis; Total N by LECO TruSpec CHN-S combustion analyzer (13 samples by gas chromatography during instrument maintenance); Total P by Varian ICP-OES. Not a leaf-only or new-growth sample (contrast with Mills et al. 1996 sufficiency ranges, which use new-leaf mid-season samples) -- see note's Extraction notes. True joint (not marginal) combination cell mean -- the one place Summer 2005 reports a per-combination value."
smithWatercressNasturtiumOfficinale2007,smithWatercressNasturtiumOfficinale2007-T1,AP,mineral,Total phosphorus (dry tissue),0.62,NR,%,ab; interaction sig **,"Table 5 p.42, Velocity x Media combination: High (0.61 cm/s) x Rockwool","Whole-plant (root+shoot) dried tissue, % dry weight basis; Total N by LECO TruSpec CHN-S combustion analyzer (13 samples by gas chromatography during instrument maintenance); Total P by Varian ICP-OES. Not a leaf-only or new-growth sample (contrast with Mills et al. 1996 sufficiency ranges, which use new-leaf mid-season samples) -- see note's Extraction notes. True joint (not marginal) combination cell mean -- the one place Summer 2005 reports a per-combination value."
smithWatercressNasturtiumOfficinale2007,smithWatercressNasturtiumOfficinale2007-T1,AP,mineral,Total phosphorus (dry tissue),0.03,NR,%,c; interaction sig **,"Table 5 p.42, Velocity x Media combination: High (0.61 cm/s) x Oasis","Whole-plant (root+shoot) dried tissue, % dry weight basis; Total N by LECO TruSpec CHN-S combustion analyzer (13 samples by gas chromatography during instrument maintenance); Total P by Varian ICP-OES. Not a leaf-only or new-growth sample (contrast with Mills et al. 1996 sufficiency ranges, which use new-leaf mid-season samples) -- see note's Extraction notes. True joint (not marginal) combination cell mean -- the one place Summer 2005 reports a per-combination value."
smithWatercressNasturtiumOfficinale2007,smithWatercressNasturtiumOfficinale2007-T2,AP,mineral,Total nitrogen (dry tissue),1.18,NR,%,a; factor ns,"Table 7 p.50, Velocity: Low (0.06 cm/s)","Whole-plant (root+shoot) dried tissue, % dry weight basis; Total N by LECO TruSpec CHN-S combustion analyzer (13 samples by gas chromatography during instrument maintenance); Total P by Varian ICP-OES. Not a leaf-only or new-growth sample (contrast with Mills et al. 1996 sufficiency ranges, which use new-leaf mid-season samples) -- see note's Extraction notes. POOLED across effluent-exposed 'main' channels and spring-water 'control' channels (Rep/channel-origin was not a significant factor, Appendices 10-13) -- not an effluent-only mean. Medium plant density only (design held constant here)."
smithWatercressNasturtiumOfficinale2007,smithWatercressNasturtiumOfficinale2007-T2,AP,mineral,Total nitrogen (dry tissue),1.81,NR,%,a; factor ns,"Table 7 p.50, Velocity: Medium (0.30 cm/s)","Whole-plant (root+shoot) dried tissue, % dry weight basis; Total N by LECO TruSpec CHN-S combustion analyzer (13 samples by gas chromatography during instrument maintenance); Total P by Varian ICP-OES. Not a leaf-only or new-growth sample (contrast with Mills et al. 1996 sufficiency ranges, which use new-leaf mid-season samples) -- see note's Extraction notes. POOLED across effluent-exposed 'main' channels and spring-water 'control' channels (Rep/channel-origin was not a significant factor, Appendices 10-13) -- not an effluent-only mean. Medium plant density only (design held constant here)."
smithWatercressNasturtiumOfficinale2007,smithWatercressNasturtiumOfficinale2007-T2,AP,mineral,Total nitrogen (dry tissue),1.63,NR,%,a; factor ns,"Table 7 p.50, Velocity: High (0.61 cm/s)","Whole-plant (root+shoot) dried tissue, % dry weight basis; Total N by LECO TruSpec CHN-S combustion analyzer (13 samples by gas chromatography during instrument maintenance); Total P by Varian ICP-OES. Not a leaf-only or new-growth sample (contrast with Mills et al. 1996 sufficiency ranges, which use new-leaf mid-season samples) -- see note's Extraction notes. POOLED across effluent-exposed 'main' channels and spring-water 'control' channels (Rep/channel-origin was not a significant factor, Appendices 10-13) -- not an effluent-only mean. Medium plant density only (design held constant here)."
smithWatercressNasturtiumOfficinale2007,smithWatercressNasturtiumOfficinale2007-T2,AP,mineral,Total phosphorus (dry tissue),0.29,NR,%,a; factor sig *,"Table 7 p.50, Velocity: Low (0.06 cm/s)","Whole-plant (root+shoot) dried tissue, % dry weight basis; Total N by LECO TruSpec CHN-S combustion analyzer (13 samples by gas chromatography during instrument maintenance); Total P by Varian ICP-OES. Not a leaf-only or new-growth sample (contrast with Mills et al. 1996 sufficiency ranges, which use new-leaf mid-season samples) -- see note's Extraction notes. POOLED across effluent-exposed 'main' channels and spring-water 'control' channels (Rep/channel-origin was not a significant factor, Appendices 10-13) -- not an effluent-only mean. Medium plant density only (design held constant here)."
smithWatercressNasturtiumOfficinale2007,smithWatercressNasturtiumOfficinale2007-T2,AP,mineral,Total phosphorus (dry tissue),0.36,NR,%,ab; factor sig *,"Table 7 p.50, Velocity: Medium (0.30 cm/s)","Whole-plant (root+shoot) dried tissue, % dry weight basis; Total N by LECO TruSpec CHN-S combustion analyzer (13 samples by gas chromatography during instrument maintenance); Total P by Varian ICP-OES. Not a leaf-only or new-growth sample (contrast with Mills et al. 1996 sufficiency ranges, which use new-leaf mid-season samples) -- see note's Extraction notes. POOLED across effluent-exposed 'main' channels and spring-water 'control' channels (Rep/channel-origin was not a significant factor, Appendices 10-13) -- not an effluent-only mean. Medium plant density only (design held constant here)."
smithWatercressNasturtiumOfficinale2007,smithWatercressNasturtiumOfficinale2007-T2,AP,mineral,Total phosphorus (dry tissue),0.43,NR,%,b; factor sig *,"Table 7 p.50, Velocity: High (0.61 cm/s)","Whole-plant (root+shoot) dried tissue, % dry weight basis; Total N by LECO TruSpec CHN-S combustion analyzer (13 samples by gas chromatography during instrument maintenance); Total P by Varian ICP-OES. Not a leaf-only or new-growth sample (contrast with Mills et al. 1996 sufficiency ranges, which use new-leaf mid-season samples) -- see note's Extraction notes. POOLED across effluent-exposed 'main' channels and spring-water 'control' channels (Rep/channel-origin was not a significant factor, Appendices 10-13) -- not an effluent-only mean. Medium plant density only (design held constant here)."
smithWatercressNasturtiumOfficinale2007,smithWatercressNasturtiumOfficinale2007-T2,AP,mineral,Total nitrogen (dry tissue),1.96,NR,%,a; factor sig ***,"Table 7 p.50, Media: Paper","Whole-plant (root+shoot) dried tissue, % dry weight basis; Total N by LECO TruSpec CHN-S combustion analyzer (13 samples by gas chromatography during instrument maintenance); Total P by Varian ICP-OES. Not a leaf-only or new-growth sample (contrast with Mills et al. 1996 sufficiency ranges, which use new-leaf mid-season samples) -- see note's Extraction notes. POOLED across effluent-exposed 'main' channels and spring-water 'control' channels (Rep/channel-origin was not a significant factor, Appendices 10-13) -- not an effluent-only mean. Medium plant density only (design held constant here)."
smithWatercressNasturtiumOfficinale2007,smithWatercressNasturtiumOfficinale2007-T2,AP,mineral,Total nitrogen (dry tissue),2.43,NR,%,a; factor sig ***,"Table 7 p.50, Media: Rockwool","Whole-plant (root+shoot) dried tissue, % dry weight basis; Total N by LECO TruSpec CHN-S combustion analyzer (13 samples by gas chromatography during instrument maintenance); Total P by Varian ICP-OES. Not a leaf-only or new-growth sample (contrast with Mills et al. 1996 sufficiency ranges, which use new-leaf mid-season samples) -- see note's Extraction notes. POOLED across effluent-exposed 'main' channels and spring-water 'control' channels (Rep/channel-origin was not a significant factor, Appendices 10-13) -- not an effluent-only mean. Medium plant density only (design held constant here)."
smithWatercressNasturtiumOfficinale2007,smithWatercressNasturtiumOfficinale2007-T2,AP,mineral,Total nitrogen (dry tissue),0.22,NR,%,b; factor sig ***,"Table 7 p.50, Media: Oasis","Whole-plant (root+shoot) dried tissue, % dry weight basis; Total N by LECO TruSpec CHN-S combustion analyzer (13 samples by gas chromatography during instrument maintenance); Total P by Varian ICP-OES. Not a leaf-only or new-growth sample (contrast with Mills et al. 1996 sufficiency ranges, which use new-leaf mid-season samples) -- see note's Extraction notes. POOLED across effluent-exposed 'main' channels and spring-water 'control' channels (Rep/channel-origin was not a significant factor, Appendices 10-13) -- not an effluent-only mean. Medium plant density only (design held constant here)."
smithWatercressNasturtiumOfficinale2007,smithWatercressNasturtiumOfficinale2007-T2,AP,mineral,Total phosphorus (dry tissue),0.56,NR,%,a; factor sig ***,"Table 7 p.50, Media: Paper","Whole-plant (root+shoot) dried tissue, % dry weight basis; Total N by LECO TruSpec CHN-S combustion analyzer (13 samples by gas chromatography during instrument maintenance); Total P by Varian ICP-OES. Not a leaf-only or new-growth sample (contrast with Mills et al. 1996 sufficiency ranges, which use new-leaf mid-season samples) -- see note's Extraction notes. POOLED across effluent-exposed 'main' channels and spring-water 'control' channels (Rep/channel-origin was not a significant factor, Appendices 10-13) -- not an effluent-only mean. Medium plant density only (design held constant here)."
smithWatercressNasturtiumOfficinale2007,smithWatercressNasturtiumOfficinale2007-T2,AP,mineral,Total phosphorus (dry tissue),0.5,NR,%,a; factor sig ***,"Table 7 p.50, Media: Rockwool","Whole-plant (root+shoot) dried tissue, % dry weight basis; Total N by LECO TruSpec CHN-S combustion analyzer (13 samples by gas chromatography during instrument maintenance); Total P by Varian ICP-OES. Not a leaf-only or new-growth sample (contrast with Mills et al. 1996 sufficiency ranges, which use new-leaf mid-season samples) -- see note's Extraction notes. POOLED across effluent-exposed 'main' channels and spring-water 'control' channels (Rep/channel-origin was not a significant factor, Appendices 10-13) -- not an effluent-only mean. Medium plant density only (design held constant here)."
smithWatercressNasturtiumOfficinale2007,smithWatercressNasturtiumOfficinale2007-T2,AP,mineral,Total phosphorus (dry tissue),0.02,NR,%,b; factor sig ***,"Table 7 p.50, Media: Oasis","Whole-plant (root+shoot) dried tissue, % dry weight basis; Total N by LECO TruSpec CHN-S combustion analyzer (13 samples by gas chromatography during instrument maintenance); Total P by Varian ICP-OES. Not a leaf-only or new-growth sample (contrast with Mills et al. 1996 sufficiency ranges, which use new-leaf mid-season samples) -- see note's Extraction notes. POOLED across effluent-exposed 'main' channels and spring-water 'control' channels (Rep/channel-origin was not a significant factor, Appendices 10-13) -- not an effluent-only mean. Medium plant density only (design held constant here)."
smithWatercressNasturtiumOfficinale2007,smithWatercressNasturtiumOfficinale2007-T2,AP,mineral,Total nitrogen (dry tissue),1.26,NR,%,a; factor sig *,"Table 7 p.50, Sample date: Week 9 (8/26/2005)","Whole-plant (root+shoot) dried tissue, % dry weight basis; Total N by LECO TruSpec CHN-S combustion analyzer (13 samples by gas chromatography during instrument maintenance); Total P by Varian ICP-OES. Not a leaf-only or new-growth sample (contrast with Mills et al. 1996 sufficiency ranges, which use new-leaf mid-season samples) -- see note's Extraction notes. POOLED across effluent-exposed 'main' channels and spring-water 'control' channels (Rep/channel-origin was not a significant factor, Appendices 10-13) -- not an effluent-only mean. Medium plant density only (design held constant here)."
smithWatercressNasturtiumOfficinale2007,smithWatercressNasturtiumOfficinale2007-T2,AP,mineral,Total nitrogen (dry tissue),1.82,NR,%,b; factor sig *,"Table 7 p.50, Sample date: Week 12 (9/16/2005)","Whole-plant (root+shoot) dried tissue, % dry weight basis; Total N by LECO TruSpec CHN-S combustion analyzer (13 samples by gas chromatography during instrument maintenance); Total P by Varian ICP-OES. Not a leaf-only or new-growth sample (contrast with Mills et al. 1996 sufficiency ranges, which use new-leaf mid-season samples) -- see note's Extraction notes. POOLED across effluent-exposed 'main' channels and spring-water 'control' channels (Rep/channel-origin was not a significant factor, Appendices 10-13) -- not an effluent-only mean. Medium plant density only (design held constant here)."
smithWatercressNasturtiumOfficinale2007,smithWatercressNasturtiumOfficinale2007-T2,AP,mineral,Total phosphorus (dry tissue),0.35,NR,%,a; factor ns,"Table 7 p.50, Sample date: Week 9 (8/26/2005)","Whole-plant (root+shoot) dried tissue, % dry weight basis; Total N by LECO TruSpec CHN-S combustion analyzer (13 samples by gas chromatography during instrument maintenance); Total P by Varian ICP-OES. Not a leaf-only or new-growth sample (contrast with Mills et al. 1996 sufficiency ranges, which use new-leaf mid-season samples) -- see note's Extraction notes. POOLED across effluent-exposed 'main' channels and spring-water 'control' channels (Rep/channel-origin was not a significant factor, Appendices 10-13) -- not an effluent-only mean. Medium plant density only (design held constant here)."
smithWatercressNasturtiumOfficinale2007,smithWatercressNasturtiumOfficinale2007-T2,AP,mineral,Total phosphorus (dry tissue),0.37,NR,%,a; factor ns,"Table 7 p.50, Sample date: Week 12 (9/16/2005)","Whole-plant (root+shoot) dried tissue, % dry weight basis; Total N by LECO TruSpec CHN-S combustion analyzer (13 samples by gas chromatography during instrument maintenance); Total P by Varian ICP-OES. Not a leaf-only or new-growth sample (contrast with Mills et al. 1996 sufficiency ranges, which use new-leaf mid-season samples) -- see note's Extraction notes. POOLED across effluent-exposed 'main' channels and spring-water 'control' channels (Rep/channel-origin was not a significant factor, Appendices 10-13) -- not an effluent-only mean. Medium plant density only (design held constant here)."
smithWatercressNasturtiumOfficinale2007,smithWatercressNasturtiumOfficinale2007-T3,AP,mineral,Total nitrogen (dry tissue),2.5,NR,%,a; factor sig ***,"Table 9 p.54, Sample date: Week 9 (2/19/2006)","Whole-plant (root+shoot) dried tissue, % dry weight basis; Total N by LECO TruSpec CHN-S combustion analyzer (13 samples by gas chromatography during instrument maintenance); Total P by Varian ICP-OES. Not a leaf-only or new-growth sample (contrast with Mills et al. 1996 sufficiency ranges, which use new-leaf mid-season samples) -- see note's Extraction notes. Velocity and density were NOT significant for %N in this trial (Appendix 16); only the sample-date effect is reported with means."
smithWatercressNasturtiumOfficinale2007,smithWatercressNasturtiumOfficinale2007-T3,AP,mineral,Total nitrogen (dry tissue),4.33,NR,%,b; factor sig ***,"Table 9 p.54, Sample date: Week 12 (3/4/2006)","Whole-plant (root+shoot) dried tissue, % dry weight basis; Total N by LECO TruSpec CHN-S combustion analyzer (13 samples by gas chromatography during instrument maintenance); Total P by Varian ICP-OES. Not a leaf-only or new-growth sample (contrast with Mills et al. 1996 sufficiency ranges, which use new-leaf mid-season samples) -- see note's Extraction notes. Falls within Mills et al. (1996) watercress N sufficiency range (4.2-6.0%) -- the only trial/timepoint in this thesis where that range is met."
smithWatercressNasturtiumOfficinale2007,smithWatercressNasturtiumOfficinale2007-T4,AP,mineral,Total nitrogen (dry tissue),1.2,NR,%,a; factor sig ***,"Table 13 p.62, Velocity: Low (0.06 cm/s)","Whole-plant (root+shoot) dried tissue, % dry weight basis; Total N by LECO TruSpec CHN-S combustion analyzer (13 samples by gas chromatography during instrument maintenance); Total P by Varian ICP-OES. Not a leaf-only or new-growth sample (contrast with Mills et al. 1996 sufficiency ranges, which use new-leaf mid-season samples) -- see note's Extraction notes."
smithWatercressNasturtiumOfficinale2007,smithWatercressNasturtiumOfficinale2007-T4,AP,mineral,Total nitrogen (dry tissue),2.31,NR,%,b; factor sig ***,"Table 13 p.62, Velocity: High (0.61 cm/s)","Whole-plant (root+shoot) dried tissue, % dry weight basis; Total N by LECO TruSpec CHN-S combustion analyzer (13 samples by gas chromatography during instrument maintenance); Total P by Varian ICP-OES. Not a leaf-only or new-growth sample (contrast with Mills et al. 1996 sufficiency ranges, which use new-leaf mid-season samples) -- see note's Extraction notes."
smithWatercressNasturtiumOfficinale2007,smithWatercressNasturtiumOfficinale2007-T4,AP,mineral,Total phosphorus (dry tissue),0.26,NR,%,a; factor sig *,"Table 13 p.62, Velocity: Low (0.06 cm/s)","Whole-plant (root+shoot) dried tissue, % dry weight basis; Total N by LECO TruSpec CHN-S combustion analyzer (13 samples by gas chromatography during instrument maintenance); Total P by Varian ICP-OES. Not a leaf-only or new-growth sample (contrast with Mills et al. 1996 sufficiency ranges, which use new-leaf mid-season samples) -- see note's Extraction notes."
smithWatercressNasturtiumOfficinale2007,smithWatercressNasturtiumOfficinale2007-T4,AP,mineral,Total phosphorus (dry tissue),0.37,NR,%,b; factor sig *,"Table 13 p.62, Velocity: High (0.61 cm/s)","Whole-plant (root+shoot) dried tissue, % dry weight basis; Total N by LECO TruSpec CHN-S combustion analyzer (13 samples by gas chromatography during instrument maintenance); Total P by Varian ICP-OES. Not a leaf-only or new-growth sample (contrast with Mills et al. 1996 sufficiency ranges, which use new-leaf mid-season samples) -- see note's Extraction notes."
smithWatercressNasturtiumOfficinale2007,smithWatercressNasturtiumOfficinale2007-T4,AP,mineral,Total nitrogen (dry tissue),1.59,NR,%,a; factor ns,"Table 13 p.62, Density: Low (0.02 plants/cm2)","Whole-plant (root+shoot) dried tissue, % dry weight basis; Total N by LECO TruSpec CHN-S combustion analyzer (13 samples by gas chromatography during instrument maintenance); Total P by Varian ICP-OES. Not a leaf-only or new-growth sample (contrast with Mills et al. 1996 sufficiency ranges, which use new-leaf mid-season samples) -- see note's Extraction notes."
smithWatercressNasturtiumOfficinale2007,smithWatercressNasturtiumOfficinale2007-T4,AP,mineral,Total nitrogen (dry tissue),1.91,NR,%,a; factor ns,"Table 13 p.62, Density: High (0.08 plants/cm2)","Whole-plant (root+shoot) dried tissue, % dry weight basis; Total N by LECO TruSpec CHN-S combustion analyzer (13 samples by gas chromatography during instrument maintenance); Total P by Varian ICP-OES. Not a leaf-only or new-growth sample (contrast with Mills et al. 1996 sufficiency ranges, which use new-leaf mid-season samples) -- see note's Extraction notes."
smithWatercressNasturtiumOfficinale2007,smithWatercressNasturtiumOfficinale2007-T4,AP,mineral,Total phosphorus (dry tissue),0.26,NR,%,a; factor sig *,"Table 13 p.62, Density: Low (0.02 plants/cm2)","Whole-plant (root+shoot) dried tissue, % dry weight basis; Total N by LECO TruSpec CHN-S combustion analyzer (13 samples by gas chromatography during instrument maintenance); Total P by Varian ICP-OES. Not a leaf-only or new-growth sample (contrast with Mills et al. 1996 sufficiency ranges, which use new-leaf mid-season samples) -- see note's Extraction notes."
smithWatercressNasturtiumOfficinale2007,smithWatercressNasturtiumOfficinale2007-T4,AP,mineral,Total phosphorus (dry tissue),0.37,NR,%,b; factor sig *,"Table 13 p.62, Density: High (0.08 plants/cm2)","Whole-plant (root+shoot) dried tissue, % dry weight basis; Total N by LECO TruSpec CHN-S combustion analyzer (13 samples by gas chromatography during instrument maintenance); Total P by Varian ICP-OES. Not a leaf-only or new-growth sample (contrast with Mills et al. 1996 sufficiency ranges, which use new-leaf mid-season samples) -- see note's Extraction notes."
suSimultaneousRemovalToxic2020,suSimultaneousRemovalToxic2020-T4,AP,mineral,Nitrogen (N) uptake,110,NR,mg N/plant,NR,"Results 3.3.1, p.7","Total plant nitrogen content/uptake for Treatment C (450 g biochar) only, measured via CHNS elemental analyser (Methods 2.5.4) on oven-dried whole lettuce (three lettuces randomly selected). Text: 'The uptake of nutrients by the lettuce grown in treatment C was detected to be higher in concentration, that being dominated by nitrogen (110 mg of nitrogen per plant) ... (refer to S5, Supplementary Material)'. Values for Control/Treatment A/Treatment B are stated to exist in Supplementary Material S5, which was not provided with this PDF and so could not be extracted -- per CLAUDE.md's prime directive against inference/fabrication, no rows were added for those three trials. Full ICP-OES leaf/plant nutrient panel (P, K, Ca, Mg etc.; methodology described in Section 2.5.3) is never reported with numeric results anywhere in the main text or tables of this paper -- method described but no values given for any treatment."
suhlAdvancedAquaponicsEvaluation2016,suhlAdvancedAquaponicsEvaluation2016-T1,AP,biochemistry,Lycopene,0.9,NR,mg/g DM,ns,"Results 3.2 / Discussion 4.2, p.339-340","Text: 'lycopene (hydroponics = 0.99 mg g-1 DM, aquaponics = 0.90 mg g-1 DM)... did not differ significantly'. No SD given in text (Fig. 3 shows error bars only, not read per the never-read-a-figure rule); n=9 (3 replicates x 3 consecutive weeks in August 2015, 5 fruit pooled per replicate homogenate)."
suhlAdvancedAquaponicsEvaluation2016,suhlAdvancedAquaponicsEvaluation2016-T1,HYD,biochemistry,Lycopene,0.99,NR,mg/g DM,ns,"Results 3.2 / Discussion 4.2, p.339-340","Text: 'lycopene (hydroponics = 0.99 mg g-1 DM, aquaponics = 0.90 mg g-1 DM)... did not differ significantly'. No SD given in text (Fig. 3 shows error bars only, not read per the never-read-a-figure rule); n=9."
suhlAdvancedAquaponicsEvaluation2016,suhlAdvancedAquaponicsEvaluation2016-T1,AP,biochemistry,beta-Carotene,0.19,NR,mg/g DM,ns,"Results 3.2 / Discussion 4.2, p.339-340","Text: 'ß-carotene (hydroponics = 0.20 mg g-1 DM, aquaponics = 0.19 mg g-1 DM)... did not differ significantly'. No SD given in text (Fig. 3 shows error bars only, not read per the never-read-a-figure rule); n=9."
suhlAdvancedAquaponicsEvaluation2016,suhlAdvancedAquaponicsEvaluation2016-T1,HYD,biochemistry,beta-Carotene,0.2,NR,mg/g DM,ns,"Results 3.2 / Discussion 4.2, p.339-340","Text: 'ß-carotene (hydroponics = 0.20 mg g-1 DM, aquaponics = 0.19 mg g-1 DM)... did not differ significantly'. No SD given in text (Fig. 3 shows error bars only, not read per the never-read-a-figure rule); n=9."
wilsonComparisonAquaponicsHydroponics2017,wilsonComparisonAquaponicsHydroponics2017-T1,AP,biochemistry,Eucalyptol,NR,NR,"NR (chromatogram signal intensity, pA; no numeric value stated)",NR,"Figure 6, p.12","Old-plant-cohort leaves only (4-wk harvest, T1); GC-MS tentative ID vs NIST08 library (p.7). Chromatogram (Figure 6, p.12) shows HYD higher than AP for this compound; no numeric peak area/concentration stated in text or table -- signal-intensity chart only, per schema never read off a figure."
wilsonComparisonAquaponicsHydroponics2017,wilsonComparisonAquaponicsHydroponics2017-T1,HYD,biochemistry,Eucalyptol,NR,NR,"NR (chromatogram signal intensity, pA; no numeric value stated)",NR,"Figure 6, p.12","Old-plant-cohort leaves only (4-wk harvest, T1); GC-MS tentative ID vs NIST08 library (p.7). Chromatogram (Figure 6, p.12) shows HYD higher than AP for this compound; no numeric peak area/concentration stated in text or table -- signal-intensity chart only, per schema never read off a figure."
wilsonComparisonAquaponicsHydroponics2017,wilsonComparisonAquaponicsHydroponics2017-T1,AP,biochemistry,Linalool,NR,NR,"NR (chromatogram signal intensity, pA; no numeric value stated)",NR,"Figure 6, p.12","Old-plant-cohort leaves only (4-wk harvest, T1); GC-MS tentative ID vs NIST08 library (p.7). Chromatogram (Figure 6, p.12) shows HYD higher than AP for this compound; no numeric peak area/concentration stated in text or table -- signal-intensity chart only, per schema never read off a figure."
wilsonComparisonAquaponicsHydroponics2017,wilsonComparisonAquaponicsHydroponics2017-T1,HYD,biochemistry,Linalool,NR,NR,"NR (chromatogram signal intensity, pA; no numeric value stated)",NR,"Figure 6, p.12","Old-plant-cohort leaves only (4-wk harvest, T1); GC-MS tentative ID vs NIST08 library (p.7). Chromatogram (Figure 6, p.12) shows HYD higher than AP for this compound; no numeric peak area/concentration stated in text or table -- signal-intensity chart only, per schema never read off a figure."
wilsonComparisonAquaponicsHydroponics2017,wilsonComparisonAquaponicsHydroponics2017-T1,AP,biochemistry,Eugenol,NR,NR,"NR (chromatogram signal intensity, pA; no numeric value stated)",NR,"Figure 6, p.12","Old-plant-cohort leaves only (4-wk harvest, T1); GC-MS tentative ID vs NIST08 library (p.7). Chromatogram (Figure 6, p.12) shows HYD higher than AP for this compound; no numeric peak area/concentration stated in text or table -- signal-intensity chart only, per schema never read off a figure. Largest of the four differences reported qualitatively (p.11)."
wilsonComparisonAquaponicsHydroponics2017,wilsonComparisonAquaponicsHydroponics2017-T1,HYD,biochemistry,Eugenol,NR,NR,"NR (chromatogram signal intensity, pA; no numeric value stated)",NR,"Figure 6, p.12","Old-plant-cohort leaves only (4-wk harvest, T1); GC-MS tentative ID vs NIST08 library (p.7). Chromatogram (Figure 6, p.12) shows HYD higher than AP for this compound; no numeric peak area/concentration stated in text or table -- signal-intensity chart only, per schema never read off a figure. Largest of the four differences reported qualitatively (p.11)."
wilsonComparisonAquaponicsHydroponics2017,wilsonComparisonAquaponicsHydroponics2017-T1,AP,biochemistry,Cadinols,NR,NR,"NR (chromatogram signal intensity, pA; no numeric value stated)",NR,"Figure 6, p.12","Old-plant-cohort leaves only (4-wk harvest, T1); GC-MS tentative ID vs NIST08 library (p.7). Chromatogram (Figure 6, p.12) shows HYD higher than AP for this compound; no numeric peak area/concentration stated in text or table -- signal-intensity chart only, per schema never read off a figure. Largest of the four differences reported qualitatively (p.11)."
wilsonComparisonAquaponicsHydroponics2017,wilsonComparisonAquaponicsHydroponics2017-T1,HYD,biochemistry,Cadinols,NR,NR,"NR (chromatogram signal intensity, pA; no numeric value stated)",NR,"Figure 6, p.12","Old-plant-cohort leaves only (4-wk harvest, T1); GC-MS tentative ID vs NIST08 library (p.7). Chromatogram (Figure 6, p.12) shows HYD higher than AP for this compound; no numeric peak area/concentration stated in text or table -- signal-intensity chart only, per schema never read off a figure. Largest of the four differences reported qualitatively (p.11)."
wilsonComparisonAquaponicsHydroponics2017,wilsonComparisonAquaponicsHydroponics2017-T2,AP,biochemistry,Eucalyptol,NR,NR,"NR (chromatogram signal intensity, pA; no numeric value stated)",NR,"Figure 6, p.12","Old-plant-cohort leaves only (4-wk harvest, T2); GC-MS tentative ID vs NIST08 library (p.7). Chromatogram (Figure 6, p.12) shows HYD higher than AP for this compound; no numeric peak area/concentration stated in text or table -- signal-intensity chart only, per schema never read off a figure."
wilsonComparisonAquaponicsHydroponics2017,wilsonComparisonAquaponicsHydroponics2017-T2,HYD,biochemistry,Eucalyptol,NR,NR,"NR (chromatogram signal intensity, pA; no numeric value stated)",NR,"Figure 6, p.12","Old-plant-cohort leaves only (4-wk harvest, T2); GC-MS tentative ID vs NIST08 library (p.7). Chromatogram (Figure 6, p.12) shows HYD higher than AP for this compound; no numeric peak area/concentration stated in text or table -- signal-intensity chart only, per schema never read off a figure."
wilsonComparisonAquaponicsHydroponics2017,wilsonComparisonAquaponicsHydroponics2017-T2,AP,biochemistry,Linalool,NR,NR,"NR (chromatogram signal intensity, pA; no numeric value stated)",NR,"Figure 6, p.12","Old-plant-cohort leaves only (4-wk harvest, T2); GC-MS tentative ID vs NIST08 library (p.7). Chromatogram (Figure 6, p.12) shows HYD higher than AP for this compound; no numeric peak area/concentration stated in text or table -- signal-intensity chart only, per schema never read off a figure."
wilsonComparisonAquaponicsHydroponics2017,wilsonComparisonAquaponicsHydroponics2017-T2,HYD,biochemistry,Linalool,NR,NR,"NR (chromatogram signal intensity, pA; no numeric value stated)",NR,"Figure 6, p.12","Old-plant-cohort leaves only (4-wk harvest, T2); GC-MS tentative ID vs NIST08 library (p.7). Chromatogram (Figure 6, p.12) shows HYD higher than AP for this compound; no numeric peak area/concentration stated in text or table -- signal-intensity chart only, per schema never read off a figure."
wilsonComparisonAquaponicsHydroponics2017,wilsonComparisonAquaponicsHydroponics2017-T2,AP,biochemistry,Eugenol,NR,NR,"NR (chromatogram signal intensity, pA; no numeric value stated)",NR,"Figure 6, p.12","Old-plant-cohort leaves only (4-wk harvest, T2); GC-MS tentative ID vs NIST08 library (p.7). Chromatogram (Figure 6, p.12) shows HYD higher than AP for this compound; no numeric peak area/concentration stated in text or table -- signal-intensity chart only, per schema never read off a figure. Largest of the four differences reported qualitatively (p.11)."
wilsonComparisonAquaponicsHydroponics2017,wilsonComparisonAquaponicsHydroponics2017-T2,HYD,biochemistry,Eugenol,NR,NR,"NR (chromatogram signal intensity, pA; no numeric value stated)",NR,"Figure 6, p.12","Old-plant-cohort leaves only (4-wk harvest, T2); GC-MS tentative ID vs NIST08 library (p.7). Chromatogram (Figure 6, p.12) shows HYD higher than AP for this compound; no numeric peak area/concentration stated in text or table -- signal-intensity chart only, per schema never read off a figure. Largest of the four differences reported qualitatively (p.11)."
wilsonComparisonAquaponicsHydroponics2017,wilsonComparisonAquaponicsHydroponics2017-T2,AP,biochemistry,Cadinols,NR,NR,"NR (chromatogram signal intensity, pA; no numeric value stated)",NR,"Figure 6, p.12","Old-plant-cohort leaves only (4-wk harvest, T2); GC-MS tentative ID vs NIST08 library (p.7). Chromatogram (Figure 6, p.12) shows HYD higher than AP for this compound; no numeric peak area/concentration stated in text or table -- signal-intensity chart only, per schema never read off a figure. Largest of the four differences reported qualitatively (p.11)."
wilsonComparisonAquaponicsHydroponics2017,wilsonComparisonAquaponicsHydroponics2017-T2,HYD,biochemistry,Cadinols,NR,NR,"NR (chromatogram signal intensity, pA; no numeric value stated)",NR,"Figure 6, p.12","Old-plant-cohort leaves only (4-wk harvest, T2); GC-MS tentative ID vs NIST08 library (p.7). Chromatogram (Figure 6, p.12) shows HYD higher than AP for this compound; no numeric peak area/concentration stated in text or table -- signal-intensity chart only, per schema never read off a figure. Largest of the four differences reported qualitatively (p.11)."
